x,y,kappa
329933.4827715480,4157669.8506122101,-0.0003387467012064106
329933.4852609070,4157669.8537112600,-0.0003387467012064106
329933.4877502650,4157669.8568103001,0.0003875704138281763
329933.4902396230,4157669.8599093501,-4.88236355914501e-05
329933.4927289820,4157669.8630084000,-0.0003875703866280794
329933.4952183410,4157669.8661074401,0.000436394099249832
329933.4977076990,4157669.8692064900,-9.764724834885547e-05
329933.5001970590,4157669.8723055399,-0.0002899230114187126
329933.5026864170,4157669.8754045800,0.0003904423976346699
329933.5051757750,4157669.8785036299,-2.871979275297883e-06
329933.5076651330,4157669.8816026798,-0.000436394099249832
329933.5101544920,4157669.8847017200,0.000436394099249832
329933.5126438500,4157669.8878007699,-4.88236355914501e-05
329933.5151332090,4157669.8908998198,-0.0003387467012064106
329933.5176225670,4157669.8939988599,0.0003875704138281763
329933.5201119250,4157669.8970979098,-0.000436394099249832
329933.5226012840,4157669.9001969500,0.0003904423690913917
329933.5250906430,4157669.9032959999,0.0001132309886279028
329933.5275800000,4157669.9063950502,-0.0002137501616887994
329933.5300693610,4157669.9094941001,-0.0002595551230761761
329933.5325587190,4157669.9125931398,0.0004244818818118397
329933.5350480770,4157669.9156921902,-0.0004733055659382321
329933.5375374360,4157669.9187912298,0.0004733055659382321
329933.5400267940,4157669.9218902802,-6.727931029164199e-05
329933.5425161530,4157669.9249893301,-0.000357202487153739
329933.5450055110,4157669.9280883698,0.0004273538656945228
329933.5474948690,4157669.9311874202,-7.015128942735825e-05
329933.5499842280,4157669.9342864701,-0.0003387467012064106
329933.5524735860,4157669.9373855102,0.0003387467012064106
329933.5549629450,4157669.9404845601,4.88236355914501e-05
329933.5574523030,4157669.9435836100,-0.000485217761837319
329933.5599416630,4157669.9466826501,0.000485217761837319
329933.5624310210,4157669.9497817000,-4.88236355914501e-05
329933.5649203800,4157669.9528807499,-0.0003387467012064106
329933.5674097380,4157669.9559797901,0.0003387467012064106
329933.5698990970,4157669.9590788400,5.169561486674789e-05
329933.5723884550,4157669.9621778899,-0.0003904423976346699
329933.5748778130,4157669.9652769300,0.0003387467012064106
329933.5773671720,4157669.9683759799,-0.0003875703866280794
329933.5798565310,4157669.9714750201,0.000436394099249832
329933.5823458890,4157669.9745740700,-4.88236355914501e-05
329933.5848352480,4157669.9776731199,-0.0003387467012064106
329933.5873246060,4157669.9807721600,0.0002899230114187126
329933.5898139660,4157669.9838712099,9.764724834885547e-05
329933.5923033240,4157669.9869702598,-0.000436394099249832
329933.5947926830,4157669.9900692999,0.0004392660830563248
329933.5972820410,4157669.9931683498,1.55836993087693e-05
329933.5997713990,4157669.9962674002,-0.0004733055659382321
329933.6022607580,4157669.9993664399,0.0004060261749482599
329933.6047501170,4157670.0024654898,6.727931029164199e-05
329933.6072394750,4157670.0055645402,-0.0004733055659382321
329933.6097288340,4157670.0086635798,0.0004733055659382321
329933.6122181920,4157670.0117626302,-6.727931029164199e-05
329933.6147075510,4157670.0148616801,-0.0003358747189999198
329933.6171969090,4157670.0179607202,0.0003358747189999198
329933.6196862680,4157670.0210597701,0
329933.6221756270,4157670.0241588200,-0.0003875703866280794
329933.6246649860,4157670.0272578602,0.0003875703866280794
329933.6271543450,4157670.0303569101,-0.0003387467012064106
329933.6296437030,4157670.0334559502,0.0003387467012064106
329933.6321330620,4157670.0365550001,4.88236355914501e-05
329933.6346224200,4157670.0396540500,-0.000436394099249832
329933.6371117790,4157670.0427530902,0.000436394099249832
329933.6396011370,4157670.0458521401,-4.88236355914501e-05
329933.6420904960,4157670.0489511900,-0.0003358747189999198
329933.6445798540,4157670.0520502301,0.0003358747189999198
329933.6470692130,4157670.0551492800,-0.0003875703866280794
329933.6495585720,4157670.0582483201,0.0003387466968403913
329933.6520479320,4157670.0613473700,9.764724834885547e-05
329933.6545372900,4157670.0644464199,-4.88236355914501e-05
329933.6570266490,4157670.0675454699,-0.0003387467012064106
329933.6595160070,4157670.0706445100,0.0003387467012064106
329933.6620053660,4157670.0737435599,-0.0003387467012064106
329933.6644947240,4157670.0768426000,0.0003387467012064106
329933.6669840830,4157670.0799416499,0
329933.6694734420,4157670.0830406998,-0.0003387467012064106
329933.6719628000,4157670.0861397400,0.0003416186836697236
329933.6744521590,4157670.0892387899,4.595165765933149e-05
329933.6769415170,4157670.0923378398,-0.000436394099249832
329933.6794308760,4157670.0954368799,0.0003387466968403913
329933.6819202360,4157670.0985359298,6.72792861623807e-05
329933.6844095950,4157670.1016349802,-0.0003756581678948508
329933.6868989530,4157670.1047340198,0.0003756581678948508
329933.6893883120,4157670.1078330702,-0.0003756581678948508
329933.6918776700,4157670.1109321099,0.000357202487153739
329933.6943670290,4157670.1140311598,6.727931029164199e-05
329933.6968563870,4157670.1171302102,-0.0004733055659382321
329933.6993457460,4157670.1202292498,0.0004244818520212576
329933.7018351050,4157670.1233283002,3.32399339097984e-05
329933.7043244630,4157670.1264273501,-0.0004392660830563248
329933.7068138220,4157670.1295263902,0.0003875703866280794
329933.7093031810,4157670.1326254401,-5.169558926733799e-05
329933.7117925410,4157670.1357244900,-0.0002841790481710991
329933.7142818990,4157670.1388235302,0.0003358747189999198
329933.7167712580,4157670.1419225801,-0.0003875703866280794
329933.7192606170,4157670.1450216202,0.000436394099249832
329933.7217499750,4157670.1481206701,-4.88236355914501e-05
329933.7242393340,4157670.1512197200,-0.0003875703866280794
329933.7267286930,4157670.1543187601,0.000436394099249832
329933.7292180510,4157670.1574178101,-4.88236355914501e-05
329933.7317074100,4157670.1605168600,-0.0003875703866280794
329933.7341967690,4157670.1636159001,0.0003875703866280794
329933.7366861280,4157670.1667149500,-0.0003358747189999198
329933.7391754860,4157670.1698139901,0.0002841790481710991
329933.7416648460,4157670.1729130400,5.169558926733799e-05
329933.7441542050,4157670.1760120899,-0.0003875703866280794
329933.7466435640,4157670.1791111301,0.0004392660830563248
329933.7491329220,4157670.1822101800,-5.169561486674789e-05
329933.7516222810,4157670.1853092299,-0.0003387467012064106
329933.7541116390,4157670.1884082700,0.0003387467012064106
329933.7566009980,4157670.1915073199,0
329933.7590903570,4157670.1946063698,-0.0003875703866280794
329933.7615797160,4157670.1977054100,0.000436394099249832
329933.7640690740,4157670.2008044599,-0.000436394099249832
329933.7665584330,4157670.2039035000,0.0003875703866280794
329933.7690477920,4157670.2070025499,0
329933.7715371510,4157670.2101015998,-0.0003875703866280794
329933.7740265100,4157670.2132006399,0.0003875703866280794
329933.7765158690,4157670.2162996898,1.845567707307484e-05
329933.7790052280,4157670.2193987402,-0.0004244818520212576
329933.7814945870,4157670.2224977799,0.0004577218752603923
329933.7839839450,4157670.2255968298,-8.493552066467545e-05
329933.7864733050,4157670.2286958802,-0.0003210905135643125
329933.7889626630,4157670.2317949198,0.0003727861857645516
329933.7914520220,4157670.2348939702,-0.0003756581678948508
329933.7939413800,4157670.2379930099,0.0003268344768119245
329933.7964307400,4157670.2410920602,7.919156523480042e-05
329933.7989200980,4157670.2441911101,-0.0004548498912381279
329933.8014094570,4157670.2472901498,0.0003756581609383424
329933.8038988170,4157670.2503892002,3.036793331145667e-05
329933.8063881760,4157670.2534882501,-0.0003387467012064106
329933.8088775340,4157670.2565872902,0.0003387467012064106
329933.8113668930,4157670.2596863401,-0.0004060261749482599
329933.8138562520,4157670.2627853798,0.0004244818520212576
329933.8163456110,4157670.2658844301,-1.845567707307484e-05
329933.8188349700,4157670.2689834801,-0.0003387467012064106
329933.8213243280,4157670.2720825202,0.0003387467012064106
329933.8238136870,4157670.2751815701,0
329933.8263030460,4157670.2782806200,-0.0003875703866280794
329933.8287924050,4157670.2813796601,0.0003875703866280794
329933.8312817640,4157670.2844787100,-4.882361275740855e-05
329933.8337711240,4157670.2875777599,-0.0003387466968403913
329933.8362604830,4157670.2906768001,0.0004392660830563248
329933.8387498410,4157670.2937758500,-0.0004392660830563248
329933.8412392000,4157670.2968748901,0.0003875703866280794
329933.8437285590,4157670.2999739400,0
329933.8462179180,4157670.3030729899,-0.0003875703866280794
329933.8487072770,4157670.3061720300,0.0003875703866280794
329933.8511966360,4157670.3092710800,-0.0003875703866280794
329933.8536859950,4157670.3123701201,0.000436394099249832
329933.8561753530,4157670.3154691700,-4.88236355914501e-05
329933.8586647120,4157670.3185682199,-0.0003875703866280794
329933.8611540710,4157670.3216672600,0.0003387466968403913
329933.8636434310,4157670.3247663099,4.882361275740855e-05
329933.8661327900,4157670.3278653598,-0.0003875703866280794
329933.8686221490,4157670.3309644000,0.0003875703866280794
329933.8711115080,4157670.3340634499,-0.0003875703866280794
329933.8736008670,4157670.3371624900,0.000436394099249832
329933.8760902250,4157670.3402615399,-4.88236355914501e-05
329933.8785795840,4157670.3433605898,-0.0003875703866280794
329933.8810689430,4157670.3464596299,0.0003875703866280794
329933.8835583020,4157670.3495586799,-0.0003875703866280794
329933.8860476610,4157670.3526577200,0.0003875703866280794
329933.8885370200,4157670.3557567699,0
329933.8910263790,4157670.3588558198,-0.0003875703866280794
329933.8935157380,4157670.3619548599,0.0003387466968403913
329933.8960050980,4157670.3650539098,0.0001161029193809441
329933.8984944560,4157670.3681529602,-0.0005221292272304511
329933.9009838160,4157670.3712519999,0.0005036735561984606
329933.9034731740,4157670.3743510498,-0.000485217761837319
329933.9059625340,4157670.3774500899,0.000485217761837319
329933.9084518920,4157670.3805491398,-7.919156523480042e-05
329933.9109412520,4157670.3836481902,-0.0003239624946816247
329933.9134306100,4157670.3867472298,0.0003727861857645516
329933.9159199690,4157670.3898462802,-0.0004244818520212576
329933.9184093280,4157670.3929453199,0.0004060261749482599
329933.9208986870,4157670.3960443698,1.845567707307484e-05
329933.9233880460,4157670.3991434202,-0.0004761774926784091
329933.9258774060,4157670.4022424598,0.0004790494752179101
329933.9283667650,4157670.4053415102,-2.132765486561236e-05
329933.9308561240,4157670.4084405601,-0.0003875703866280794
329933.9333454830,4157670.4115396002,0.0003875703866280794
329933.9358348420,4157670.4146386501,-0.000357202487153739
329933.9383242000,4157670.4177376898,0.0003268344768119245
329933.9408135600,4157670.4208367402,3.036793331145667e-05
329933.9433029190,4157670.4239357901,-0.0003875703866280794
329933.9457922780,4157670.4270348302,0.000436394099249832
329933.9482816360,4157670.4301338801,-0.0005036735561984606
329933.9507709960,4157670.4332329198,0.0004733055133134937
329933.9532603550,4157670.4363319702,-6.72792861623807e-05
329933.9557497150,4157670.4394310201,-0.0003387466968403913
329933.9582390740,4157670.4425300602,0.0003875703866280794
329933.9607284330,4157670.4456291101,-0.0003875703866280794
329933.9632177920,4157670.4487281502,0.0003875703866280794
329933.9657071510,4157670.4518272001,0
329933.9681965100,4157670.4549262500,-0.0003875703866280794
329933.9706858690,4157670.4580252902,0.0003875703866280794
329933.9731752280,4157670.4611243401,-0.0003875703866280794
329933.9756645870,4157670.4642233802,0.000436394099249832
329933.9781539450,4157670.4673224301,-9.764724834885547e-05
329933.9806433050,4157670.4704214800,-0.0003387466968403913
329933.9831326640,4157670.4735205201,0.0003387466968403913
329933.9856220240,4157670.4766195701,4.882361275740855e-05
329933.9881113830,4157670.4797186200,-0.0003875703866280794
329933.9906007420,4157670.4828176601,0.0003875703866280794
329933.9930901010,4157670.4859167100,-0.0003875703866280794
329933.9955794600,4157670.4890157501,0.0003875703866280794
329933.9980688190,4157670.4921148000,-0.0003875703866280794
329934.0005581780,4157670.4952138402,36.3213047553774
329934.0053096890,4157670.5082177198,-25.0905567780743
329934.0137853890,4157670.5184399402,0.1438736929399541
329934.0223425170,4157670.5288008298,0.2005374268633841
329934.0309181860,4157670.5392415002,0.5397789763562206
329934.0394090700,4157670.5497339601,0.6069844293277438
329934.0477758740,4157670.5602476900,0.8142994366392341
329934.0560112540,4157670.5708316802,0.4505878410146558
329934.0642284300,4157670.5815253500,-2.158848812428809
329934.0728953130,4157670.5921440301,-1.750977706457073
329934.0818227550,4157670.6025610301,-1.124061921040005
329934.0909002590,4157670.6128285299,-0.05214731044399427
329934.0999229720,4157670.6230194201,0.5527162011605707
329934.1088348800,4157670.6332387500,1.256487991796179
329934.1175552320,4157670.6435889099,0.9759317778542221
329934.1261451620,4157670.6540620499,0.7136687911878994
329934.1345971750,4157670.6645721798,-1.124302758521318
329934.1432017840,4157670.6749460599,-1.550269898857359
329934.1520592880,4157670.6851809202,-1.057622263296358
329934.1611171140,4157670.6953484798,-0.02767712588085324
329934.1701806130,4157670.7055146899,0.86260849560782
329934.1791436240,4157670.7158094300,0.4670287249662897
329934.1880585210,4157670.7261818200,1.259908446212243
329934.1968103240,4157670.7367270798,0.6483144845692433
329934.2054179050,4157670.7472875402,-0.2984258706929689
329934.2140516170,4157670.7577926400,-0.09856055997823872
329934.2227110860,4157670.7683003200,-1.771473712391315
329934.2316516760,4157670.7786301500,-2.044820756416426
329934.2409118100,4157670.7887428398,0.07017966683150462
329934.2501480050,4157670.7988488800,-0.05265610311038801
329934.2593611580,4157670.8089151499,1.145722501461939
329934.2683472420,4157670.8190457001,0.3255862331855288
329934.2772410430,4157670.8291614698,0.1617471481924818
329934.2860625510,4157670.8392390800,0.01595052707612571
329934.2948963360,4157670.8493350698,1.188517491016464
329934.3035933490,4157670.8596009901,0.3398280878750872
329934.3122895260,4157670.8699618601,-0.7415129001973487
329934.3210971420,4157670.8802441801,1.375755038605943
329934.3297878400,4157670.8907828401,-0.6218467202922257
329934.3386547660,4157670.9013501201,0.5587304993048384
329934.3474895590,4157670.9120459198,0.6562549780116763
329934.3562808960,4157670.9228892899,-0.3782287002148129
329934.3651402200,4157670.9336992698,-0.6465722000257901
329934.3740893300,4157670.9444197998,-0.2119363666969535
329934.3830229380,4157670.9550577700,-0.6722499168264304
329934.3920632060,4157670.9656207701,-0.2950686832342504
329934.4011350040,4157670.9761330602,-0.09227507350418221
329934.4101912780,4157670.9866002598,-1.756788627579983
329934.4194504550,4157670.9967916198,-1.012689939266974
329934.4287698580,4157671.0067674001,-0.291663699776214
329934.4380385310,4157671.0166103998,0.8855904417181311
329934.4471029620,4157671.0264693000,1.75895063531664
329934.4558413940,4157671.0364324301,1.936869815531678
329934.4642837160,4157671.0465703099,1.340597168647824
329934.4725360050,4157671.0568439700,-0.8888425205385844
329934.4808933730,4157671.0670026299,-0.8721804579803449
329934.4892951950,4157671.0769807501,-1.430339884124511
329934.4978754690,4157671.0867933701,-0.5851013319246821
329934.5064979710,4157671.0965041001,-0.3762267311912104
329934.5151436500,4157671.1061457698,0.2062208714698309
329934.5237821620,4157671.1158314198,0.2119279105616346
329934.5324390900,4157671.1255917698,0.9341530512784787
329934.5410250710,4157671.1355138100,0.747063652374776
329934.5495207430,4157671.1455283002,0.7281687628944549
329934.5579011500,4157671.1556003802,0.6074399663878197
329934.5661621240,4157671.1656908100,0.2293936425024634
329934.5743624490,4157671.1757684001,-0.238186028835894
329934.5825988620,4157671.1858265800,-2.087917127719889
329934.5911472780,4157671.1957047898,-2.839689926290767
329934.6000935020,4157671.2052976899,-1.882998724951181
329934.6093772640,4157671.2147695799,-0.05363477019928116
329934.6187439500,4157671.2243124298,0.6649410161679372
329934.6279934450,4157671.2339047301,0.8111199437670314
329934.6370719000,4157671.2435248601,2.620838179160488
329934.6457457980,4157671.2533766599,1.240918435421273
329934.6542807110,4157671.2633954398,0.6237056359625237
329934.6627241690,4157671.2734731999,0.7727496406917552
329934.6710701660,4157671.2836428201,-0.1017600223772109
329934.6794921030,4157671.2938768999,-1.875167921154298
329934.6882503900,4157671.3039938500,-0.2242653711175348
329934.6972158090,4157671.3142868499,-0.7635397373137949
329934.7062278660,4157671.3244189299,-0.03874976843379347
329934.7152662410,4157671.3345698402,1.135374447313894
329934.7242146790,4157671.3449387900,-0.8382510665862422
329934.7332443210,4157671.3551626299,0.2476361769955973
329934.7422027710,4157671.3653750401,-0.8472858758542904
329934.7512414620,4157671.3754432402,-0.3382860214482014
329934.7603343570,4157671.3854789902,-0.128862170161314
329934.7695387990,4157671.3956021098,0.4801896412923863
329934.7787398800,4157671.4058565502,0.6996757555661898
329934.7878815920,4157671.4162450000,0.9781701755556433
329934.7969117520,4157671.4267916400,1.334254043660443
329934.8058869480,4157671.4376792400,-0.758957831155317
329934.8149963450,4157671.4484913801,0.7813802406260218
329934.8239647020,4157671.4593776600,0.6201640028521849
329934.8327580520,4157671.4702429301,-0.7700064788822487
329934.8416252470,4157671.4809620101,-1.043771686010091
329934.8506824600,4157671.4915920501,-1.24070384672857
329934.8599420250,4157671.5020853202,-0.6601515073636632
329934.8693099340,4157671.5125056002,-0.04236181853097565
329934.8786363140,4157671.5228673401,0.748723289026777
329934.8879162190,4157671.5333971698,-1.055354338558567
329934.8973966110,4157671.5438378002,-0.2294556245589666
329934.9069386700,4157671.5542781600,-0.3356188921342192
329934.9165208400,4157671.5646630302,0.7733591967166445
329934.9259415810,4157671.5750989299,0.5270770659455503
329934.9352591200,4157671.5855753399,1.420214874256073
329934.9443323010,4157671.5961946901,1.312742174651827
329934.9531319600,4157671.6068829601,0.6070395007190873
329934.9617358110,4157671.6175131202,0.8519572514963414
329934.9702263440,4157671.6282570399,-0.4818457992326108
329934.9787368080,4157671.6388817402,-0.9409137679019693
329934.9873953430,4157671.6494117901,-2.068718416612489
329934.9963622160,4157671.6597100501,-2.237657855300175
329935.0056401240,4157671.6697301702,-1.093957532877356
329935.0150253580,4157671.6795679000,0.03485471916661509
329935.0243359410,4157671.6893366100,0.6831284612849868
329935.0334598300,4157671.6990869301,1.939159064928962
329935.0422665910,4157671.7089990401,2.540025692291458
329935.0508399470,4157671.7193335500,0.2923866636827817
329935.0594265970,4157671.7297674399,0.1595765943363731
329935.0680404660,4157671.7402806599,-0.01749310202760869
329935.0766108760,4157671.7507357802,-1.031377010815715
329935.0852064800,4157671.7609303598,-1.062956996089929
329935.0938503770,4157671.7708937498,-1.25179481347508
329935.1026374750,4157671.7806909899,-1.279359937074478
329935.1116062550,4157671.7903579501,-0.5669563698107803
329935.1206591290,4157671.7999703102,-0.4256162070671944
329935.1298036470,4157671.8095710701,-1.511087890197291
329935.1391285090,4157671.8189766500,-0.06444077420143032
329935.1484657410,4157671.8283786401,1.450940353425773
329935.1577380040,4157671.8380837901,1.378788592548233
329935.1668061290,4157671.8479334801,1.530973810881341
329935.1756290540,4157671.8579191100,1.820100986010501
329935.1841714080,4157671.8680721400,1.479869577970194
329935.1925272750,4157671.8784092600,0.8453996017222862
329935.2007567590,4157671.8888272000,-2.095626728963883
329935.2092307580,4157671.8989631901,-3.794825826666195
329935.2183187570,4157671.9087815601,-2.098014566577704
329935.2276961040,4157671.9183582398,-0.5517776365055318
329935.2371954140,4157671.9279166400,0.009453260707329826
329935.2466313170,4157671.9374136501,0.6559439428220896
329935.2558745440,4157671.9468806200,0.9308948339770449
329935.2648887140,4157671.9563419600,0.5102527450849046
329935.2738149370,4157671.9658367899,0.5447597914781747
329935.2826861190,4157671.9754084302,-0.1290051663288772
329935.2917215460,4157671.9851241498,-0.7724377737502107
329935.3009163690,4157671.9948096299,-0.5294683160026861
329935.3102877330,4157672.0045415098,0.3395236460816149
329935.3197250340,4157672.0144328098,0.4865272566278243
329935.3292081120,4157672.0245061899,0.6337458140112922
329935.3386758910,4157672.0347423698,0.643139826776512
329935.3480932320,4157672.0451094001,-0.5223885079889052
329935.3574782900,4157672.0552910701,-0.1164942937812065
329935.3667561480,4157672.0653241300,-2.158391617643356
329935.3761813100,4157672.0749360700,-2.545534149094901
329935.3860290820,4157672.0843103202,-1.076859525868934
329935.3960308990,4157672.0935556502,-0.4246421338361129
329935.4061686890,4157672.1028180700,0.6366701384914628
329935.4162889080,4157672.1122286101,1.288646190631124
329935.4262601710,4157672.1218377198,1.958481703245752
329935.4359337620,4157672.1316787601,1.877623915403515
329935.4452674940,4157672.1416773498,1.802278814153123
329935.4543057600,4157672.1518497099,1.93387429555064
329935.4630906810,4157672.1622776501,-1.07897177194186
329935.4721197220,4157672.1726792599,-3.08344612575165
329935.4815999180,4157672.1827059798,-2.785021331995561
329935.4915169500,4157672.1924162302,-1.619386588968724
329935.5017458680,4157672.2019891301,0.0406892913614828
329935.5120765520,4157672.2116683801,0.818538196172514
329935.5223796860,4157672.2215494500,2.176074804267136
329935.5324416610,4157672.2318202499,2.290394427768058
329935.5421321950,4157672.2423854698,0.291961676450905
329935.5517517860,4157672.2529617501,0.5998164191393731
329935.5613397240,4157672.2636871501,-0.4885914214695998
329935.5709348800,4157672.2742704898,-1.489125639850984
329935.5807222370,4157672.2846155101,-1.589198815381059
329935.5906920900,4157672.2946878802,-0.3236888771691867
329935.6006366050,4157672.3046432198,-0.1987141583686164
329935.6105029160,4157672.3144654799,-0.1066916946508704
329935.6203084320,4157672.3241983699,1.168163338715963
329935.6298237620,4157672.3339509200,0.321237291624426
329935.6393590040,4157672.3438101299,0.9420500194041197
329935.6488449070,4157672.3538764799,-0.050497463385844
329935.6583998410,4157672.3640018599,0.2187041491674605
329935.6680024860,4157672.3742403300,0.1153935472056346
329935.6776551830,4157672.3845657501,-0.0420447045989482
329935.6872814030,4157672.3948506098,0.157320891980831
329935.6967983130,4157672.4050637502,-0.1085687237720983
329935.7062586930,4157672.4151855400,-1.071698256908366
329935.7159018450,4157672.4252000600,-0.4055747182947971
329935.7255907650,4157672.4351492799,0.8420393937592449
329935.7351662080,4157672.4452148699,-0.2084972367777539
329935.7447563900,4157672.4552377001,1.081271675987178
329935.7542015790,4157672.4654102600,0.9917473120495262
329935.7635830320,4157672.4757985598,0.6201043296536015
329935.7729069450,4157672.4863053900,-0.075691753272586
329935.7821753790,4157672.4967274400,-1.185364666160456
329935.7915177580,4157672.5068909600,-0.6863947163382715
329935.8009444940,4157672.5169533100,-0.8408533708021583
329935.8105055090,4157672.5269245100,-0.01200391407321071
329935.8201162360,4157672.5369442198,-0.8590827446437268
329935.8297830720,4157672.5467854999,-0.1817962192762897
329935.8394188430,4157672.5565462098,0.4421452456219124
329935.8489680390,4157672.5663371100,0.3207179191094484
329935.8585127740,4157672.5762098799,0.2719376531961503
329935.8680860740,4157672.5861867401,1.28417845935555
329935.8774939480,4157672.5963465502,0.3557540948724442
329935.8868662400,4157672.6065685600,-0.1347858488944547
329935.8962812160,4157672.6167986202,-1.155622217398047
329935.9059487120,4157672.6269686199,-1.933675064441163
329935.9158691230,4157672.6368537401,-0.9571078678058611
329935.9259103760,4157672.6465946999,0.01192166305557142
329935.9359290020,4157672.6563169500,1.09923649353029
329935.9457610140,4157672.6661549699,-0.1025715766540458
329935.9555404350,4157672.6759125800,0.9630177782295781
329935.9651346900,4157672.6857428499,0.2495797146369397
329935.9745645650,4157672.6954707401,-1.200549340215213
329935.9840144150,4157672.7049093400,-0.6015986328415631
329935.9935374030,4157672.7142693698,-1.674362605043652
329936.0032667920,4157672.7234137300,-0.2169149571488476
329936.0130537150,4157672.7325588400,0.8975496537483814
329936.0227090540,4157672.7418006700,0.7314582822092077
329936.0322808650,4157672.7511436301,1.488122310659979
329936.0417127470,4157672.7607249198,1.313857753178808
329936.0510405080,4157672.7705426598,1.225363306670231
329936.0602762320,4157672.7805936802,0.3648587633639269
329936.0695292080,4157672.7907650601,-0.585848537677388
329936.0788840630,4157672.8008832899,-1.891643601565223
329936.0885393090,4157672.8107940899,-2.248177238687268
329936.0985264030,4157672.8204262098,-2.370469151674413
329936.1088279810,4157672.8297274099,-1.05035566876069
329936.1193132890,4157672.8389199800,0.07975533610377089
329936.1298741200,4157672.8481996399,1.423183590783869
329936.1403781270,4157672.8578109802,2.092728293081908
329936.1506719790,4157672.8678119201,1.793725047316593
329936.1607461010,4157672.8781176899,2.076928296399617
329936.1705671080,4157672.8887873399,0.584707220255323
329936.1803856830,4157672.8996383999,0.5786063562099051
329936.1902204640,4157672.9106951598,-0.3472745244974527
329936.2001530450,4157672.9217467401,-1.463066656417344
329936.2103355110,4157672.9325922802,-1.580345957850294
329936.2207300270,4157672.9431556500,-1.497566770643203
329936.2312486600,4157672.9533832702,-0.6149420878202748
329936.2417926470,4157672.9634526498,-0.6271184164371931
329936.2523596230,4157672.9733614302,0.6141842811145188
329936.2628241370,4157672.9833504600,0.06670246264853852
329936.2732894080,4157672.9933595401,1.156232293883483
329936.2836327710,4157673.0035898499,0.931985169383996
329936.2938605360,4157673.0139842401,1.146197374480518
329936.3038791290,4157673.0245117801,0.82005434638821
329936.3136926550,4157673.0350720501,-0.2020615354269601
329936.3234534790,4157673.0455147000,0.07116529104051858
329936.3331898150,4157673.0559524000,0.003290138570048107
329936.3429222220,4157673.0663868701,-0.7538931274245763
329936.3528200530,4157673.0767718302,-1.493731077101415
329936.3629617510,4157673.0869655400,-0.8943876534618006
329936.3733247220,4157673.0971159898,-0.1116412150940097
329936.3838224650,4157673.1073650001,-0.1215468191290076
329936.3944245120,4157673.1176788299,0.6934106956229958
329936.4048438360,4157673.1280242298,0.8245430286820777
329936.4150330580,4157673.1383878500,1.066454365240407
329936.4250448170,4157673.1488915100,0.2562354655268763
329936.4350027550,4157673.1594167300,0.07187863560727387
329936.4450092520,4157673.1700154301,-0.1937131288076396
329936.4550359580,4157673.1805756702,-0.7914140556217701
329936.4650904640,4157673.1909247902,-1.176024820172771
329936.4752132480,4157673.2009982201,-0.7388482115896313
329936.4853946260,4157673.2109188400,-0.3095855685738616
329936.4956036160,4157673.2207792201,-0.2994814506642673
329936.5058867500,4157673.2306269398,0.1508420225566461
329936.5162142260,4157673.2405598699,1.048600844205685
329936.5264640500,4157673.2507200600,0.9314380652157194
329936.5366424520,4157673.2610853198,-0.5340838152376384
329936.5470768570,4157673.2715462702,-0.4551903168635435
329936.5576996910,4157673.2820530399,-0.4961760406917712
329936.5683844830,4157673.2924656402,-0.02989514805184381
329936.5790404170,4157673.3028408699,-0.09979474457530109
329936.5896437410,4157673.3131343601,0.4593871185571949
329936.6002155300,4157673.3235378298,-0.1196340610539956
329936.6109236130,4157673.3340378799,-0.5570103132864226
329936.6217931750,4157673.3445190098,0.3321300315429547
329936.6327264900,4157673.3551685200,0.1249358322101507
329936.6437542850,4157673.3659513299,-0.835787073827315
329936.6550568810,4157673.3767196801,0.02011154383795001
329936.6664793100,4157673.3876090799,0.5281596149809399
329936.6779146670,4157673.3986950601,0.8330764464500678
329936.6892025140,4157673.4099323801,0.6062118521163022
329936.7003183450,4157673.4212136199,0.2771039075938762
329936.7113081380,4157673.4324649498,0.2607811781390194
329936.7222428240,4157673.4437520700,0.05505014947525484
329936.7331536960,4157673.4550341102,-0.6928885365058138
329936.7442475340,4157673.4662577999,-0.2809610831454438
329936.7554321860,4157673.4774732799,-0.8427817626546529
329936.7669077030,4157673.4886753801,-0.4934332348889827
329936.7786512720,4157673.4999576700,-0.1363092101850941
329936.7906472870,4157673.5114309001,0.149097085718164
329936.8027094510,4157673.5230249199,0.4640572753307704
329936.8147553390,4157673.5347851501,0.3589520014333917
329936.8268003150,4157673.5466879201,-0.1199044518558408
329936.8389725840,4157673.5586675201,0.09706717305989745
329936.8511689040,4157673.5707107298,-0.4777222447464428
329936.8635554440,4157673.5827423199,0.1990022474428368
329936.8759573770,4157673.5948721599,-0.4206684466834782
329936.8885346900,4157673.6069946000,0.01837860449074832
329936.9011451380,4157673.6191568002,-0.2210682250876453
329936.9138508420,4157673.6313160602,0.5608526790508083
329936.9265079610,4157673.6436709901,-0.1034232770223329
329936.9392662410,4157673.6560790301,-0.5498582418374023
329936.9521021120,4157673.6683208100,0.4873159800850143
329936.9649204240,4157673.6807599398,-0.2559580217041896
329936.9778198910,4157673.6931637102,-0.1113762115139047
329936.9908263550,4157673.7056204099,0.3467816280544095
329937.0037805050,4157673.7181832101,0.3603889127026076
329937.0166487180,4157673.7308260701,-0.3404370245905047
329937.0295933240,4157673.7433886901,-0.2002256586363849
329937.0426333580,4157673.7559526102,0.5119703668384025
329937.0555514920,4157673.7686320599,-0.2704365482369538
329937.0685805560,4157673.7812955300,0.8307189805264296
329937.0814710880,4157673.7942092102,-0.3168844188359857
329937.0945230340,4157673.8071337598,-0.01396217813029984
329937.1075089430,4157673.8199863401,-0.1501337524870177
329937.1204087920,4157673.8326842100,0.06597942634624816
329937.1332839140,4157673.8453880399,0.0124540595496666
329937.1461775240,4157673.8581158500,0.6359644704364097
329937.1588540920,4157673.8709203200,-0.01616817886466712
329937.1715276450,4157673.8837142899,-0.4432193592675882
329937.1843369450,4157673.8964402401,-0.8692353671750845
329937.1973572210,4157673.9089757400,-0.7630499691715047
329937.2105382170,4157673.9213204002,-0.1714983340247909
329937.2237249660,4157673.9335941002,0.6142808221163902
329937.2369318860,4157673.9461638699,0.9041429935700822
329937.2500597870,4157673.9590796400,0.5492747307649287
329937.2630957840,4157673.9721675199,-0.09340323041955456
329937.2762344220,4157673.9853128698,-0.1639468059990107
329937.2893153010,4157673.9983212100,0.3267166685738487
329937.3022609740,4157674.0113508799,-0.276932021026161
329937.3153611190,4157674.0244021202,-0.5858580886417994
329937.3284974200,4157674.0372099201,0.02030692526016207
329937.3415900140,4157674.0499846102,0.1547295985852158
329937.3545871260,4157674.0627379799,0.04619629679851512
329937.3675354680,4157674.0754648601,-0.1656284927772053
329937.3805301480,4157674.0881606601,-0.02291520276483253
329937.3936144250,4157674.1009333199,0.1042001938720337
329937.4067826480,4157674.1138372198,0.4125042505791642
329937.4198859050,4157674.1268745302,1.14322497798242
329937.4327998630,4157674.1402802900,-0.6024659823312417
329937.4457916280,4157674.1534683998,-0.3433492710108572
329937.4588185970,4157674.1665254999,-0.6171962095533005
329937.4719993960,4157674.1794393100,-0.3338593307269441
329937.4851388440,4157674.1921556201,-0.4009438407485555
329937.4981932760,4157674.2046068301,-0.8719596902814827
329937.5114610710,4157674.2168685501,0.2786111127411435
329937.5247546950,4157674.2292792001,1.157970095725639
329937.5377899820,4157674.2419729601,1.288407791244785
329937.5506460800,4157674.2550962199,0.688084950028214
329937.5632868300,4157674.2683295901,0.993122546916779
329937.5756264730,4157674.2817258099,-0.5552482624539909
329937.5879605080,4157674.2948486302,-0.7273739232294573
329937.6002456130,4157674.3075839002,-1.097496354780613
329937.6126761090,4157674.3199807801,-0.9529773056263545
329937.6253095400,4157674.3321653898,-0.5948458724870739
329937.6381203110,4157674.3442649301,-0.3222889376774119
329937.6511212130,4157674.3564044400,1.326489714554854
329937.6639848800,4157674.3690004898,0.06177296163572538
329937.6767884340,4157674.3815655499,1.023289637887218
329937.6894310840,4157674.3944380800,0.3938721119133864
329937.7021018940,4157674.4075249098,-0.1149615340368318
329937.7148948090,4157674.4206824000,-0.1154215395830782
329937.7278272880,4157674.4339269400,-0.5282055860710657
329937.7408627800,4157674.4470186699,-1.12529439391896
329937.7541559190,4157674.4598255502,-0.4034635171815703
329937.7674649640,4157674.4724585498,-0.1824896267389668
329937.7808839730,4157674.4851105600,-0.2196579937927317
329937.7942234360,4157674.4975863700,-0.1360262800963936
329937.8075112830,4157674.5099523501,0.005793118050132169
329937.8207669600,4157674.5222909902,0.4340660971563914
329937.8339075180,4157674.5347165600,0.1023432057225091
329937.8470268430,4157674.5471681301,-0.2500377106774037
329937.8601929800,4157674.5595514700,0.2756641098989788
329937.8732033210,4157674.5719105802,-0.993581545319514
329937.8862851960,4157674.5839036200,0.130256873309364
329937.8992630740,4157674.5958564901,-0.5847431225382829
329937.9122781640,4157674.6075985702,0.5131442037594059
329937.9250832100,4157674.6193609401,0.4065738228164008
329937.9376061970,4157674.6310272198,0.6442075526636716
329937.9499153810,4157674.6427495801,1.377203093523855
329937.9619397360,4157674.6547496500,0.5727651366967168
329937.9738625100,4157674.6668823301,0.2327575560479759
329937.9856399630,4157674.6789620402,-0.8537131318973203
329937.9974473040,4157674.6907305098,-0.3807162065195283
329938.0092276080,4157674.7023245501,-0.8088043957900544
329938.0211740000,4157674.7137715602,-0.568087068339473
329938.0331795370,4157674.7250611400,-0.0005815608246941639
329938.0450230120,4157674.7361981100,0.4832041662624955
329938.0565837470,4157674.7472401601,0.3576412855579001
329938.0679245940,4157674.7581960098,-0.310257856957961
329938.0793754670,4157674.7691500899,0.4791374948320676
329938.0907321650,4157674.7801803499,-0.7619704484858125
329938.1021980240,4157674.7910512001,0.01609710904824529
329938.1135274200,4157674.8017981099,1.851482560917073
329938.1244948950,4157674.8128199498,-0.116892893778865
329938.1353886110,4157674.8237281102,1.185041545446274
329938.1460231580,4157674.8347720299,1.111580604055971
329938.1563848110,4157674.8459047098,-1.341343628247511
329938.1668832510,4157674.8567346102,-2.328461710540398
329938.1776561450,4157674.8670969000,-2.922325598559667
329938.1888094000,4157674.8769266400,-1.596987922543293
329938.2002357340,4157674.8865239699,0.09233627428683981
329938.2117018590,4157674.8961817599,1.141030698508344
329938.2230342740,4157674.9060636899,0.7752278648796112
329938.2342483450,4157674.9160748799,0.7141957686393751
329938.2453303450,4157674.9261838100,1.952423609508719
329938.2560175460,4157674.9365192899,1.883584724818459
329938.2663029680,4157674.9470362100,0.4440819049679809
329938.2764981050,4157674.9575978201,1.440565313933834
329938.2864312760,4157674.9683325202,-0.8010427504870062
329938.2965113680,4157674.9789729002,-3.568411359711362
329938.3070670860,4157674.9890113198,-2.23441781719851
329938.3177853660,4157674.9985641600,-2.048261926364218
329938.3286627280,4157675.0077021602,-0.257997333647342
329938.3394611570,4157675.0167068900,1.876792893219353
329938.3499835410,4157675.0259620799,1.267882964858599
329938.3603126200,4157675.0353775099,1.892215601462621
329938.3704031570,4157675.0450766599,2.561608185673972
329938.3801064580,4157675.0550958999,1.240082689456302
329938.3896262680,4157675.0652719499,1.426502342990622
329938.3989177000,4157675.0756077198,-0.1079569016075768
329938.4081746130,4157675.0858741500,-2.786281345233722
329938.4177635470,4157675.0957207000,-3.471112132736897
329938.4277924770,4157675.1050820602,-0.4624456440795038
329938.4381599530,4157675.1146353902,0.5072517962877903
329938.4485934640,4157675.1243893700,1.779690936986589
329938.4587167340,4157675.1343459100,1.112340574142751
329938.4685790440,4157675.1443554601,1.371589464420456
329938.4781593440,4157675.1544593899,0.08409787836292533
329938.4876805250,4157675.1645244900,-0.4007396618525362
329938.4973455430,4157675.1746281600,-1.220401315391176
329938.5071161720,4157675.1845005001,-0.7799865159319888
329938.5170850550,4157675.1943562599,-0.3984725349214264
329938.5271496810,4157675.2041958901,0.1623713891044353
329938.5371490070,4157675.2140163798,-1.04999124692064
329938.5472661490,4157675.2236645902,-0.7041968214474004
329938.5574863460,4157675.2332206601,-0.6498324395453393
329938.5678104720,4157675.2426992999,0.574477750847502
329938.5780912140,4157675.2522920500,1.768704347073087
329938.5883515070,4157675.2623601002,1.352000848433353
329938.5984029920,4157675.2726139901,1.043486004187522
329938.6083586500,4157675.2830802202,0.06783325972231606
329938.6182948480,4157675.2935465002,-0.9755228587296066
329938.6283206730,4157675.3038145700,-1.224945572896593
329938.6384217590,4157675.3138040602,-0.685007135074977
329938.6484631390,4157675.3235444999,-0.4421808768042667
329938.6584779110,4157675.3331401101,-0.9169195333686126
329938.6686038250,4157675.3425982902,1.444913741779628
329938.6786997840,4157675.3524174700,0.6578623837719476
329938.6886783690,4157675.3623037999,0.9900297602808448
329938.6985906400,4157675.3724024598,1.018222408276196
329938.7084235200,4157675.3827143200,-0.08715588597844282
329938.7183080940,4157675.3930545999,-0.5624427121333871
329938.7282881760,4157675.4033279200,-1.391539811932315
329938.7383883130,4157675.4133200902,-0.217704764340066
329938.7484789460,4157675.4232414099,-1.002876405437622
329938.7587088830,4157675.4330180800,0.9288228495808007
329938.7688746110,4157675.4429931501,-0.2016319982622904
329938.7790143540,4157675.4528858801,0.2034074368243121
329938.7892301510,4157675.4629107299,0.02728271155437942
329938.7995072380,4157675.4730036301,0.03973164516599458
329938.8097390150,4157675.4830635199,0.2852655440370059
329938.8199012000,4157675.4931370099,0.7031251930135669
329938.8299822730,4157675.5033334298,0.3710029475403914
329938.8400768060,4157675.5136530600,0.5377058239196504
329938.8501572560,4157675.5241201399,0.2239300050919259
329938.8602479690,4157675.5346665001,-1.270200612023583
329938.8704378430,4157675.5449304101,-0.597900988702687
329938.8806972940,4157675.5550873699,-0.741014521669747
329938.8910426750,4157675.5651127701,-0.07766778360064248
329938.9014331360,4157675.5751593001,0.973322976214738
329938.9117805540,4157675.5854511801,0.8133278874344547
329938.9220285740,4157675.5958893700,0.7053791230018326
329938.9322055000,4157675.6064717802,0.7652046466278662
329938.9422048150,4157675.6171053899,0.5748137541422846
329938.9522486590,4157675.6279687900,0.0960346640159316
329938.9622309350,4157675.6387963500,-0.1351189918037153
329938.9722892310,4157675.6496627801,-0.9797679245063291
329938.9826246210,4157675.6605067700,-1.459985457368364
329938.9932971410,4157675.6712227701,-0.1656294331303798
329939.0040234820,4157675.6819389202,-0.5693196891966062
329939.0148549600,4157675.6925747702,-0.8836857672007314
329939.0258051230,4157675.7030426599,-1.127211935613289
329939.0370418560,4157675.7134214002,0.3914686161961107
329939.0484308710,4157675.7240691101,-0.5193376899669891
329939.0598606670,4157675.7345831399,0.3200936039302212
329939.0711140550,4157675.7450380800,0.9526452092843301
329939.0821087400,4157675.7555551198,-0.03779316079914574
329939.0930664240,4157675.7660247302,0.2217546440325295
329939.1040444390,4157675.7765847500,0.1720698578906878
329939.1151078030,4157675.7872831300,-0.9677829870172686
329939.1263860410,4157675.7978680301,-0.133768050238376
329939.1376643130,4157675.8084092000,0.08168964336106499
329939.1490268050,4157675.8190560802,0.1036878351616027
329939.1603744270,4157675.8297234899,0.8232472761361347
329939.1717221350,4157675.8406701498,0.5653684009567377
329939.1830966380,4157675.8518412202,0.7183827436831089
329939.1943348810,4157675.8631341299,0.01916084338766354
329939.2054762860,4157675.8743365398,-0.3340051542621157
329939.2166166960,4157675.8854206600,-0.03050950846161592
329939.2277913390,4157675.8965281700,-0.5504245123897166
329939.2391046280,4157675.9075797400,-0.2570638242303005
329939.2504795790,4157675.9186014598,-0.3857923007539666
329939.2619084760,4157675.9295409201,0.1648547326642809
329939.2734112670,4157675.9406090002,0.134102363608793
329939.2849678680,4157675.9517767602,0.3488258251129695
329939.2964678380,4157675.9630151801,0.6925988197020836
329939.3078447760,4157675.9743838399,1.166542339124863
329939.3190734740,4157675.9860348399,1.09653687272365
329939.3301403530,4157675.9979343102,0.2071575494309928
329939.3411163930,4157676.0098158801,-0.9645444876725151
329939.3522337640,4157676.0214806502,-1.400633623660654
329939.3634157730,4157676.0326995002,-0.9597174226047933
329939.3746545110,4157676.0436391998,-1.306966488323282
329939.3860661370,4157676.0543014002,-1.317610267021781
329939.3976793910,4157676.0647130501,-0.3342826127090722
329939.4093435320,4157676.0750611499,0.4859018331093489
329939.4207773750,4157676.0853597699,1.153542630978707
329939.4319295190,4157676.0957674799,0.9230414044587951
329939.4427825040,4157676.1061836998,0.4921139120378236
329939.4536111980,4157676.1167321000,-0.02568369852161237
329939.4643678140,4157676.1272021802,-0.1571139400097395
329939.4750932190,4157676.1375928600,-0.04854889058681429
329939.4857536480,4157676.1479056701,-1.269522984440041
329939.4964377650,4157676.1578617501,-1.714641724757667
329939.5073215570,4157676.1675072201,-0.3692537061660796
329939.5182964570,4157676.1771285199,0.3315217830321727
329939.5293129600,4157676.1868813499,0.7549405500122758
329939.5402747800,4157676.1968056802,2.176152186733967
329939.5509587530,4157676.2071245802,2.496301542211536
329939.5613454160,4157676.2179324501,1.395629521598996
329939.5715037220,4157676.2289552400,0.1673397185681089
329939.5816420240,4157676.2400118699,0.1520936393733951
329939.5917682480,4157676.2511060699,-2.732643076865893
329939.6023286060,4157676.2617631499,-3.469662663788533
329939.6133930540,4157676.2718250300,-1.578904431656609
329939.6246076930,4157676.2815514700,1.693309510681414
329939.6355650180,4157676.2915480202,0.3555390758059325
329939.6465114800,4157676.3016411499,1.517355546735723
329939.6572586190,4157676.3120100698,1.990283512698477
329939.6676416710,4157676.3226398202,2.226014125850973
329939.6776265980,4157676.3335609101,1.343640926836928
329939.6873920270,4157676.3446779000,-0.78547777653351
329939.6972790620,4157676.3556730100,-2.501331151840102
329939.7076206580,4157676.3663494200,-2.364094895865928
329939.7183801700,4157676.3767015901,-2.112938680963151
329939.7295529740,4157676.3867897601,-1.565122210637713
329939.7410789770,4157676.3967116298,0.8549175885935409
329939.7524210950,4157676.4067342500,-0.2856276403352574
329939.7638014820,4157676.4167034202,1.519939673140396
329939.7748750190,4157676.4268616000,1.746738267361227
329939.7855424640,4157676.4371723002,1.514031482805715
329939.7958070260,4157676.4475457300,0.3367932892426946
329939.8058259300,4157676.4577699699,0.9922718163349726
329939.8156250260,4157676.4680571398,-0.735384440227411
329939.8255037800,4157676.4782136101,-1.542365947355968
329939.8356020170,4157676.4881516998,-0.2682861999652812
329939.8457657250,4157676.4980783500,-1.152292570541928
329939.8560899160,4157676.5078366799,-0.6956772231255643
329939.8665418880,4157676.5175217199,0.08655436482180379
329939.8770348670,4157676.5272689001,0.6046927951613615
329939.8875381380,4157676.5371972602,0.8147585453446187
329939.8979602290,4157676.5472843200,0.28040313876801
329939.9082712170,4157676.5573451100,-0.191001131989836
329939.9185566620,4157676.5673260200,-0.224002532248914
329939.9288697080,4157676.5772696398,0.6873800232702952
329939.9391947840,4157676.5874240301,-0.7322220673728304
329939.9496418320,4157676.5974825402,-0.09768175585275179
329939.9601076860,4157676.6075306199,-0.3738054802964038
329939.9705721510,4157676.6174691501,-0.82948918365877
329939.9810970260,4157676.6272287299,-0.5015722791185755
329939.9916621290,4157676.6368852798,-0.5597561841165125
329940.0023324240,4157676.6464820001,0.08827095156016757
329940.0130239930,4157676.6561224200,-0.09543798922424232
329940.0237144300,4157676.6657352401,2.532626661615164
329940.0341571710,4157676.6758406102,2.448514779525113
329940.0442291670,4157676.6863060999,2.078263143821882
329940.0540204310,4157676.6971160499,0.3888492286507026
329940.0637317670,4157676.7079606201,-1.388647274125216
329940.0735563420,4157676.7184973801,-3.375062604566484
329940.0838214810,4157676.7284885100,-2.106276327458016
329940.0943474080,4157676.7381334500,-0.5074448487573751
329940.1050375030,4157676.7477866602,-0.1374056570512769
329940.1158114930,4157676.7574768700,-0.1231295111228989
329940.1264540060,4157676.7670147698,0.4405724060486963
329940.1368600150,4157676.7764585302,0.3164999237598488
329940.1471750490,4157676.7859035302,-0.1125716311500293
329940.1575419220,4157676.7953659799,0.8738301093621506
329940.1678279680,4157676.8049889700,1.294737316495419
329940.1779694270,4157676.8148301700,1.285573906972728
329940.1879653780,4157676.8248897898,-0.6375776083183581
329940.1980803450,4157676.8348865001,-0.9076906681997819
329940.2083144640,4157676.8447432099,-0.7685448131187725
329940.2187148420,4157676.8545427802,-0.9211332975422463
329940.2291919800,4157676.8641581200,-0.2770749413617094
329940.2396843810,4157676.8737116600,-0.1704243160249025
329940.2501944700,4157676.8832349302,0.3507330706687155
329940.2607104760,4157676.8928594999,0.6942246061616162
329940.2712076800,4157676.9026602400,0.431589684688221
329940.2816722520,4157676.9125527898,0.4830488686691204
329940.2920420120,4157676.9224930401,-0.148136886981235
329940.3024174650,4157676.9323964999,0.5315484988381003
329940.3127114750,4157676.9423732702,0.03311646761219432
329940.3228898980,4157676.9522473402,-0.6461151158743222
329940.3331236560,4157676.9619949800,-1.707717122513874
329940.3436043100,4157676.9715057602,-1.646952786725868
329940.3543562840,4157676.9808140700,-1.125621648235551
329940.3652770030,4157676.9899664898,-0.1770906915787208
329940.3762184440,4157676.9990893798,1.161893656919616
329940.3870302130,4157677.0084121302,2.439542693888854
329940.3975084670,4157677.0181034901,1.8736183751316
329940.4078136490,4157677.0281616100,0.8093371397265328
329940.4179997560,4157677.0383379799,-0.1875867698117712
329940.4281837750,4157677.0484575299,-1.356413738160179
329940.4385553040,4157677.0583697101,-2.860519658450098
329940.4492497910,4157677.0677846600,-2.34796792781006
329940.4602283890,4157677.0768168699,-0.5816308421250558
329940.4712872780,4157677.0857627899,0.7530208841124775
329940.4822448340,4157677.0948225702,1.852998452238199
329940.4929901940,4157677.1041949801,1.81005005957721
329940.5034755240,4157677.1138278199,1.375411759325151
329940.5137693180,4157677.1236632802,0.6793643670075974
329940.5240329550,4157677.1336622299,-0.06772710843473889
329940.5343439340,4157677.1436877800,0.4984569559132347
329940.5446544380,4157677.1538581802,0.7133781325234794
329940.5548743260,4157677.1641498301,0.140913472952047
329940.5650716230,4157677.1744607901,0.3861442501848415
329940.5751450050,4157677.1847608099,-0.8569974636477776
329940.5852728260,4157677.1948647602,-2.081066796190814
329940.5957892120,4157677.2047469001,-1.689825389769638
329940.6065471800,4157677.2143729399,-1.187577380715835
329940.6175069290,4157677.2238457100,-0.2584709281901343
329940.6284617480,4157677.2332429201,1.000261329674094
329940.6392745950,4157677.2427926701,1.693969934436268
329940.6498192580,4157677.2525737500,1.227619791159336
329940.6602495230,4157677.2625981099,0.4694693265271029
329940.6706478660,4157677.2727287798,0.6218385962684017
329940.6809734450,4157677.2829720401,-0.4892702573241424
329940.6913912080,4157677.2931605498,-0.3660870360197403
329940.7017786320,4157677.3032119698,-0.8125548921896553
329940.7122462150,4157677.3131059702,-0.8781133401447709
329940.7227885250,4157677.3228216800,-1.072629316781533
329940.7334104270,4157677.3323138002,-0.4522362261878374
329940.7440805180,4157677.3417261299,-0.1902051303056428
329940.7547154000,4157677.3510564901,0.8203498519926661
329940.7652010200,4157677.3604730698,1.085070405853259
329940.7754792110,4157677.3699904000,1.101328176222183
329940.7857176610,4157677.3797702198,-0.5027173091016957
329940.7960148140,4157677.3894669600,-0.1043915732877869
329940.8063443790,4157677.3991654599,-0.6578227227265847
329940.8167577450,4157677.4087616499,0.05640285825018679
329940.8271055980,4157677.4183127200,-0.1623777540438484
329940.8374510520,4157677.4278179100,-0.1756337486491293
329940.8477567330,4157677.4372399100,-0.3538348776711807
329940.8580770590,4157677.4465822498,-0.475779467257373
329940.8685388280,4157677.4559268299,0.1215917577953803
329940.8790784020,4157677.4653734202,0.3487602234259526
329940.8895523660,4157677.4748547701,0.6307339294036952
329940.8999655630,4157677.4844515198,1.116650990999791
329940.9102393520,4157677.4942249102,0.7997287461526954
329940.9204781040,4157677.5041894298,0.3709606714131266
329940.9307254320,4157677.5142689198,-0.1062141584218356
329940.9410076810,4157677.5243518902,-1.521844293843454
329940.9514910940,4157677.5341911898,-1.264877443935047
329940.9621524440,4157677.5438388800,-0.4901994861112986
329940.9728600970,4157677.5533921998,-0.3535643268984369
329940.9837625830,4157677.5630197800,0.7566360526937884
329940.9945385860,4157677.5727486201,0.4121063555838026
329941.0052847900,4157677.5825680499,1.275181167125816
329941.0158026400,4157677.5925425198,0.8052822339703837
329941.0261274940,4157677.6025645901,0.1945800918534673
329941.0363880840,4157677.6125801299,-0.199426084699948
329941.0466798450,4157677.6225687801,0.2463194273026102
329941.0569956730,4157677.6326520098,-0.0794389097200303
329941.0673317320,4157677.6427318701,0.8261655299784711
329941.0775661050,4157677.6529537798,-0.4233742341468712
329941.0878090290,4157677.6630600099,-0.0252170118471526
329941.0979667960,4157677.6730749798,-0.8818531498860056
329941.1082099130,4157677.6829235698,-0.7157855262524253
329941.1185740550,4157677.6926874099,-0.4418200520842205
329941.1290506870,4157677.7024332499,-0.6926695705836362
329941.1396632750,4157677.7121107802,-0.561221237607234
329941.1504144450,4157677.7217566702,-0.6650831822980174
329941.1613506900,4157677.7313798000,0.6854044875206746
329941.1722049290,4157677.7411249001,-0.2505306324488097
329941.1830505540,4157677.7507910598,0.2206498431742769
329941.1938290930,4157677.7604594999,0.9698661280890452
329941.2044652210,4157677.7702731299,0.663293287063332
329941.2150491190,4157677.7802287298,-0.1481312648499875
329941.2256205280,4157677.7901298502,0.3683019234707067
329941.2361235420,4157677.8000725401,-0.3093583054906617
329941.2466955740,4157677.8099911502,-0.5647205982364442
329941.2574107210,4157677.8198798802,-0.07195268124429684
329941.2681792240,4157677.8297969098,-0.4764072029564557
329941.2789990340,4157677.8396227299,-0.7423091886124203
329941.2899353490,4157677.8493398498,0.6938254523317946
329941.3008127720,4157677.8592043999,0.9319661143961807
329941.3116362320,4157677.8692944301,1.094382325943581
329941.3223537880,4157677.8796160598,0.748448931951275
329941.3329701790,4157677.8900707900,0.9576525538096068
329941.3434364340,4157677.9006760600,-1.087134800456814
329941.3539982880,4157677.9110381901,0.1981408771141011
329941.3645391240,4157677.9214405501,-1.526482314762982
329941.3752833380,4157677.9315751698,-2.242646703593492
329941.3864234690,4157677.9414048502,-0.7616885481380292
329941.3977132500,4157677.9511412000,-0.08196840433038957
329941.4090460930,4157677.9608905301,0.1640815105548461
329941.4203980830,4157677.9707049802,1.005367817588195
329941.4316534190,4157677.9807372699,0.8854130075831144
329941.4428112000,4157677.9909536000,0.7977442301421386
329941.4538399520,4157678.0012991698,0.2672593804618761
329941.4648416880,4157678.0117033599,-0.05461652702872478
329941.4757926740,4157678.0220424598,-0.4160243284548558
329941.4867844880,4157678.0322907502,-0.464652126581133
329941.4977740740,4157678.0423949100,-0.4743398876571573
329941.5087829850,4157678.0523742400,-0.4623113085484956
329941.5197449090,4157678.0621753498,-0.5275005496709834
329941.5306832910,4157678.0718044601,0.8896514763368533
329941.5414036750,4157678.0814901399,0.7380169528737889
329941.5519606560,4157678.0912340502,1.178954096132671
329941.5623237600,4157678.1011288199,0.3864584459135692
329941.5725892890,4157678.1110394401,0.5481427558308892
329941.5827425400,4157678.1209959998,0.7961152747364636
329941.5926539810,4157678.1309365798,-0.5609190717567631
329941.6026532470,4157678.1408084701,-1.463466827977738
329941.6129068230,4157678.1505222502,-0.7214762807002624
329941.6232529950,4157678.1601256598,0.2863542528099359
329941.6334499060,4157678.1696671299,-0.4922392145975613
329941.6436773930,4157678.1791064101,0.3092688324754702
329941.6537760900,4157678.1885072901,-0.0109031471330199
329941.6637900190,4157678.1978264600,-0.925815329113344
329941.6739846880,4157678.2070749602,-0.6569616745497783
329941.6843184970,4157678.2162802601,-0.06788610220936921
329941.6947001640,4157678.2255106801,0.8079287965597846
329941.7049331020,4157678.2348161298,1.357293016965511
329941.7149194880,4157678.2442446300,1.579143268682364
329941.7246760510,4157678.2538643102,1.465655445325099
329941.7342172450,4157678.2636567801,1.04206402268383
329941.7437873790,4157678.2737657200,0.641525209165375
329941.7532117040,4157678.2838998800,-0.1200662750830737
329941.7626401940,4157678.2940048198,-1.018226667663824
329941.7722140640,4157678.3039803100,-1.182275750290686
329941.7819002650,4157678.3137489101,-1.126883781370861
329941.7916992530,4157678.3233301002,-1.585689665744433
329941.8018249900,4157678.3328067702,-0.2660970899693992
329941.8120603460,4157678.3423151602,0.4748080510222615
329941.8223086670,4157678.3519635098,0.2781952730935202
329941.8325844910,4157678.3617141801,0.882304790261528
329941.8426980790,4157678.3715535402,0.9400347086904156
329941.8526879160,4157678.3815339198,0.5874487348841502
329941.8625862170,4157678.3915882199,0.4320098765622067
329941.8724437990,4157678.4017241299,-0.15458233256169
329941.8823743470,4157678.4118904001,-0.9604463049123031
329941.8924795510,4157678.4219563599,-0.9401185439284911
329941.9026833530,4157678.4318519798,-1.170996900905613
329941.9130208570,4157678.4415491000,-0.8102497470995532
329941.9234819070,4157678.4511385201,-0.7050625582962678
329941.9340212110,4157678.4606075198,-0.3860163423566011
329941.9446548660,4157678.4700564900,0.7510767518331334
329941.9552333880,4157678.4796611401,1.342957517816702
329941.9656235730,4157678.4894649801,0.7415989924525005
329941.9758925680,4157678.4993620301,0.7885653652513375
329941.9860270340,4157678.5093514398,0.4898500129931249
329941.9961758780,4157678.5194960600,-0.08536254051406976
329942.0064078290,4157678.5296986401,0.1017605512412754
329942.0167432290,4157678.5400349000,-0.4602445637030563
329942.0271885040,4157678.5503411600,-0.5750462086975155
329942.0377915650,4157678.5606273999,-0.1660807887190257
329942.0484762440,4157678.5709419199,-0.1527834202242549
329942.0592575270,4157678.5813023802,0.0740581311049171
329942.0700240710,4157678.5916716298,0.3573889616537921
329942.0807535220,4157678.6021163100,-0.4077503700371263
329942.0915921020,4157678.6125388299,0.07930902469986978
329942.1025126960,4157678.6230654200,-1.393245626214481
329942.1136625260,4157678.6333672400,-0.08755523171430911
329942.1248142360,4157678.6436433699,0.01556884812933418
329942.1359425330,4157678.6539027798,0.417809909038689
329942.1469582730,4157678.6641877699,0.4772522463520336
329942.1579413380,4157678.6745914002,-0.3818073783678899
329942.1690486810,4157678.6849913402,0.4120575627605048
329942.1800712640,4157678.6954422700,0.2113263772212514
329942.1911159630,4157678.7059818702,-0.4107457547989516
329942.2022162350,4157678.7164423601,-0.5419669047601849
329942.2133461330,4157678.7267588298,-1.045312159644166
329942.2246201070,4157678.7368813902,-0.1254755892393127
329942.2358000270,4157678.7468813700,-0.3968613593933423
329942.2470011320,4157678.7567811101,-0.3317798021213622
329942.2582364590,4157678.7666123402,0.2590563062582696
329942.2694584160,4157678.7765088500,0.5090015897386494
329942.2806118500,4157678.7864970099,0.6680539324063588
329942.2916184300,4157678.7965534101,1.079320894096796
329942.3024020570,4157678.8067283598,0.7168031716042252
329942.3130471560,4157678.8169883201,-0.6475223850130484
329942.3237486960,4157678.8271072302,-0.502037289525136
329942.3344150170,4157678.8370452402,-1.206765315854558
329942.3451977130,4157678.8467438701,-1.606200456224599
329942.3562135570,4157678.8561972301,-0.8396919159147975
329942.3673564110,4157678.8655260401,-0.4451348736341845
329942.3785808770,4157678.8748002201,0.9791698998665747
329942.3896358720,4157678.8842023201,0.1701296146905211
329942.4007576920,4157678.8937088698,1.096642654360865
329942.4117246930,4157678.9033918702,0.8265915814515322
329942.4224897870,4157678.9131298601,1.42060070666588
329942.4330461800,4157678.9230823601,1.166379149043768
329942.4434590670,4157678.9332382702,1.203409108910559
329942.4537372780,4157678.9436208201,0.5759347020921343
329942.4638724300,4157678.9540321599,-0.8703788163464294
329942.4741634260,4157678.9643392102,-1.310218516791324
329942.4847383290,4157678.9745322601,-2.725237346776168
329942.4957714270,4157678.9843441201,-1.856106219134186
329942.5070242470,4157678.9938131301,-0.428872044384978
329942.5183050490,4157679.0031849602,0.1018863083723056
329942.5295884700,4157679.0125875198,0.7365910702218614
329942.5407741890,4157679.0221156301,1.353981938601175
329942.5516511630,4157679.0317585799,1.358763383667639
329942.5622109780,4157679.0414972701,0.6335394491014197
329942.5726263890,4157679.0512792100,-0.04984061575717669
329942.5830849470,4157679.0610876400,0.4292015046509839
329942.5935614210,4157679.0710352198,-1.432885132233235
329942.6042253080,4157679.0807493101,-1.846458075996535
329942.6151207870,4157679.0901563298,-0.632388833269612
329942.6261003030,4157679.0994628202,-0.6496963662244614
329942.6371669540,4157679.1086667199,-0.211041985348581
329942.6482711850,4157679.1178449299,0.7900971074804934
329942.6593141940,4157679.1271865601,0.5955304391089804
329942.6702663460,4157679.1366142998,1.241179688961378
329942.6809752230,4157679.1461711498,1.348323906767719
329942.6914394000,4157679.1558788200,1.134576280715222
329942.7017228360,4157679.1657330901,0.5880823417005374
329942.7119318230,4157679.1756814499,0.5231635910190953
329942.7220546500,4157679.1856940198,-0.08081214681800018
329942.7321607820,4157679.1956671299,-1.037593810009589
329942.7424215460,4157679.2054985901,-1.899978270059081
329942.7529439220,4157679.2150493902,-1.141542334629138
329942.7635483900,4157679.2243664898,-1.087128807864928
329942.7743556420,4157679.2335709599,0.1052767288041614
329942.7852126960,4157679.2428459600,0.2270107379233666
329942.7961409130,4157679.2522434900,0.172164507520507
329942.8071695590,4157679.2617753600,0.490453958283822
329942.8181964830,4157679.2714447500,0.5470495765584676
329942.8291508320,4157679.2812071098,1.033471713257458
329942.8399107560,4157679.2910923599,0.8013241487303251
329942.8505150550,4157679.3010656601,1.323192143903794
329942.8609194440,4157679.3112355401,-1.211071950622851
329942.8715712760,4157679.3212852902,-1.347181334692578
329942.8824083070,4157679.3311131801,-1.553235925812509
329942.8934193800,4157679.3406529501,-0.341532376680466
329942.9044335800,4157679.3501000898,0.3216073806492729
329942.9153465250,4157679.3595488998,-0.1819172991180764
329942.9262558740,4157679.3689446501,0.312782558117827
329942.9371301490,4157679.3783958498,0.2234087557246629
329942.9479264870,4157679.3878403502,0.5442364050189314
329942.9585971430,4157679.3973226100,0.865332397050077
329942.9690828320,4157679.4068741398,0.4079479293268839
329942.9795290310,4157679.4165009698,0.4117455016729782
329942.9898678040,4157679.4261409598,-0.2764276378325992
329943.0002185270,4157679.4357168502,0.2507635186286534
329943.0104952720,4157679.4452918302,0.6807931268714654
329943.0206513780,4157679.4549372098,0.9655624722040311
329943.0306021710,4157679.4646459301,0.06728777347665783
329943.0404861260,4157679.4743074500,-0.5069379077178904
329943.0503661070,4157679.4838311099,-0.5219821853856271
329943.0602058210,4157679.4931816398,-2.431378916521103
329943.0702986310,4157679.5021592700,-0.6151809660421595
329943.0803719390,4157679.5109713902,-0.2232703821534722
329943.0904227530,4157679.5197110800,-0.5703114191705019
329943.1004996750,4157679.5283401902,0.8835083546069713
329943.1104620720,4157679.5370755601,0.7553280669888225
329943.1202971950,4157679.5458746301,0.2664622334507281
329943.1300371690,4157679.5546502299,0.4893115582758947
329943.1396961410,4157679.5634656199,-0.2907068320051175
329943.1493450020,4157679.5722049298,-0.117623633120805
329943.1590212270,4157679.5809420701,0.4670458015487574
329943.1686682810,4157679.5897602299,0.61747990271804
329943.1780924620,4157679.5985141899,0.3577502691697201
329943.1874160530,4157679.6072547198,0.1534353057060351
329943.1967247400,4157679.6160156401,0.009125730616241119
329943.2060277250,4157679.6247732402,0.3453790034246982
329943.2153145890,4157679.6335933800,-0.2290529318641253
329943.2246379350,4157679.6423962601,-0.2167736084126439
329943.2339538320,4157679.6511433399,-0.4263662750223816
329943.2433253110,4157679.6598469801,-0.9147880653409649
329943.2527545480,4157679.6684014401,-0.3638553871267564
329943.2621329900,4157679.6768313199,-0.08350488437784664
329943.2715258400,4157679.6852562800,1.313853586593651
329943.2807673330,4157679.6938259802,1.078947555990917
329943.2899020570,4157679.7025308101,0.6518862780357269
329943.2989436740,4157679.7112897802,-0.1236405798941386
329943.3079783920,4157679.7200148799,-0.7041786050070103
329943.3170981110,4157679.7286674301,-1.767063339331094
329943.3263770020,4157679.7370879599,-1.155175050253272
329943.3357526210,4157679.7453522999,-1.136584165089189
329943.3451713230,4157679.7534206798,-0.05637162438387393
329943.3546006670,4157679.7614867501,0.3726564869427348
329943.3640134220,4157679.7696143901,0.6903195565281328
329943.3733703320,4157679.7778351898,1.363051748861479
329943.3826124760,4157679.7862378298,1.665838179354154
329943.3916779450,4157679.7948310999,1.230034769761556
329943.4006231530,4157679.8035753798,0.2958967189207569
329943.4095499660,4157679.8123665801,-0.1791622800486956
329943.4184884650,4157679.8211298701,-0.06731885979595978
329943.4273526580,4157679.8298057402,-0.5142297419162858
329943.4362605550,4157679.8384139002,-1.78082534464929
329943.4453432770,4157679.8468118100,-1.958772462768491
329943.4546279380,4157679.8549881699,-1.226696620018771
329943.4640987990,4157679.8630758198,-0.2060825919900598
329943.4736458150,4157679.8711860999,0.6141789488280662
329943.4831174870,4157679.8793585799,-0.4509964517884489
329943.4926306480,4157679.8874737001,0.1615342966305355
329943.5020337460,4157679.8955276399,1.0414771857228
329943.5112830380,4157679.9036583598,-0.1285682551078145
329943.5205886560,4157679.9118124498,0.2482186793252412
329943.5299304460,4157679.9200492599,-0.5630707628479623
329943.5394268500,4157679.9283041498,-0.1879074050748196
329943.5490088330,4157679.9365936001,-0.1859750833901159
329943.5587252110,4157679.9449591301,-0.6214266439641398
329943.5685552010,4157679.9532867000,1.268854794912408
329943.5782063620,4157679.9617369999,0.6470230435397686
329943.5877346900,4157679.9702201001,0.5022003298864863
329943.5971911300,4157679.9787483299,1.141216824698799
329943.6065027290,4157679.9873943198,0.4230786475592185
329943.6158210550,4157679.9961405802,0.3166879444522944
329943.6251458880,4157680.0049643698,0.3897660616623557
329943.6344244550,4157680.0138327898,-0.3288087277318423
329943.6437450790,4157680.0226664199,0.05284683756899591
329943.6530741810,4157680.0315201199,0.1234448848052405
329943.6623065660,4157680.0403098101,-0.9686571236179062
329943.6715673600,4157680.0489119701,0.04462288379003758
329943.6807656600,4157680.0574657200,-0.3410351389208043
329943.6900889630,4157680.0660611801,0.2227314801041947
329943.6993892540,4157680.0746841501,0.02973030300146639
329943.7086653540,4157680.0832911902,0.4491805265034219
329943.7178591600,4157680.0919194599,-0.1415804612601904
329943.7270875900,4157680.1005492602,-0.03369184966900516
329943.7362507470,4157680.1091107400,0.3064277708055756
329943.7452621210,4157680.1175950700,-0.7348199698113668
329943.7542671430,4157680.1259209202,-0.2022348020830044
329943.7632824900,4157680.1342149600,0.1941095141784658
329943.7722931400,4157680.1425443599,-0.7586433925891614
329943.7813571870,4157680.1507681701,0.2402124237275745
329943.7904255390,4157680.1590447002,-0.1754918912360593
329943.7995669730,4157680.1673517898,0.1552582229843893
329943.8086710310,4157680.1756568099,0.9050433044906135
329943.8176380130,4157680.1840214501,0.9567524023800504
329943.8264163970,4157680.1924039102,0.7749628270602796
329943.8350903770,4157680.2008438502,0.9138996792834708
329943.8436618180,4157680.2093704999,-0.9669842713949852
329943.8523314830,4157680.2177955201,-0.3378772981940782
329943.8609336140,4157680.2260872601,-0.180422329062924
329943.8694902320,4157680.2342997501,-1.408486835860327
329943.8781163860,4157680.2423075000,-0.6829481222803946
329943.8867793140,4157680.2502208999,-0.1206574098082017
329943.8954184010,4157680.2580901599,0.3566183845146962
329943.9040258290,4157680.2659964701,1.860467002379135
329943.9124761810,4157680.2741045998,0.9406395683476415
329943.9208427380,4157680.2823113101,-0.3061932008013889
329943.9292571430,4157680.2905058502,0.08293837078441775
329943.9376749940,4157680.2987197498,-0.569754332724254
329943.9461894760,4157680.3069170099,-0.1371967375597519
329943.9547402200,4157680.3151224698,0.9941702990737191
329943.9632028680,4157680.3234372200,0.5124574102919276
329943.9716060570,4157680.3317945101,0.7890311197465071
329943.9798885850,4157680.3401869098,0.006108003372426143
329943.9881595700,4157680.3485688199,-0.03537929470027648
329943.9964677240,4157680.3569813701,-0.8220555316574915
329944.0048994390,4157680.3653542600,-1.592421285437097
329944.0134365730,4157680.3735177899,-1.454591890990119
329944.0221043180,4157680.3815258201,-0.9881510788743803
329944.0308564190,4157680.3894247101,-0.933283548642818
329944.0396631890,4157680.3971991399,0.4791509911859309
329944.0484361850,4157680.4050321099,1.210734927547896
329944.0572081490,4157680.4130930402,2.613816153863789
329944.0657532310,4157680.4214517898,1.718337562842171
329944.0741078010,4157680.4299665699,-0.5346009991495767
329944.0824522180,4157680.4383636201,0.7906449521425462
329944.0907739710,4157680.4468966699,-0.2835407584365254
329944.0991755600,4157680.4554533600,0.5601097677667339
329944.1075643100,4157680.4641128699,-1.330869045636775
329944.1161237100,4157680.4726689202,-2.167013013562615
329944.1249040880,4157680.4809971498,-0.7477960115885461
329944.1337206260,4157680.4892097199,-0.336207260856518
329944.1425541170,4157680.4973715600,0.1171222835717535
329944.1514869270,4157680.5056486698,0.5796776029215277
329944.1603440700,4157680.5139725301,0.9204631923142665
329944.1691381720,4157680.5224247398,1.367809781804323
329944.1777965070,4157680.5310290200,1.11451180274509
329944.1863339810,4157680.5397471800,0.3633761309183269
329944.1948186360,4157680.5484885401,0.6799315696568995
329944.2032487770,4157680.5573190800,-1.627396560312189
329944.2118329870,4157680.5659609502,-2.046904689961704
329944.2205787580,4157680.5743382699,-1.317028080412255
329944.2294452760,4157680.5825642999,-0.1930955253896814
329944.2382750150,4157680.5907180398,0.7798948367044863
329944.2470247980,4157680.5989512000,1.227376958779528
329944.2555996400,4157680.6072607702,1.085953967028235
329944.2640250210,4157680.6156395301,1.343399563049602
329944.2722721110,4157680.6241063601,0.01063374322794669
329944.2804937980,4157680.6325492300,-0.5387091548526782
329944.2887621850,4157680.6409329502,0.1978091356690417
329944.2970034550,4157680.6493281801,-0.7317606653005281
329944.3053518040,4157680.6576870098,-0.3140853004760597
329944.3137109280,4157680.6659948202,-0.3009398771201803
329944.3220789520,4157680.6742527601,-0.8921326281947045
329944.3304739540,4157680.6823658901,-0.4370036048644978
329944.3388578580,4157680.6903862301,0.135241505453553
329944.3471678070,4157680.6983607402,0.3296047253000931
329944.3554122720,4157680.7063326198,1.222605964109328
329944.3635512730,4157680.7144264900,0.6472280412218222
329944.3716451990,4157680.7225961401,-0.4181243145838554
329944.3798608040,4157680.7308088401,-0.02408862785106748
329944.3880267240,4157680.7389673200,-2.018229163300238
329944.3963478610,4157680.7469029701,-1.944229815038565
329944.4047611530,4157680.7545764600,-1.413481692450552
329944.4132322660,4157680.7620574199,-0.2453147516319542
329944.4216616090,4157680.7694601500,1.68880330647638
329944.4298864280,4157680.7769628898,1.861446014603485
329944.4378763570,4157680.7845590799,2.062220866137705
329944.4456367150,4157680.7922791601,1.699997370462113
329944.4532535970,4157680.8001439101,0.7149580292380905
329944.4608057580,4157680.8080649502,0.917780399011949
329944.4683183840,4157680.8161051301,0.6587277843712191
329944.4757916920,4157680.8242205102,-1.001699629907812
329944.4833618230,4157680.8322607898,-2.284782534693411
329944.4911979760,4157680.8401720799,-2.269866602312968
329944.4992152600,4157680.8478675298,-1.69750757439245
329944.5073007540,4157680.8553418699,-0.5779192788574345
329944.5153877350,4157680.8627229701,-0.04634249913233733
329944.5235060180,4157680.8701250800,0.5695213901515203
329944.5315389080,4157680.8775416799,2.457906996098208
329944.5393742710,4157680.8851761101,2.39794833255803
329944.5469686660,4157680.8929733699,1.729298400038535
329944.5543935130,4157680.9008888900,0.8593853399564689
329944.5617632140,4157680.9088941501,0.397852034122228
329944.5691074790,4157680.9169414602,-0.09507888681164958
329944.5764851710,4157680.9250085698,-0.395942525656481
329944.5839516840,4157680.9331019199,-1.860400016237802
329944.5916697350,4157680.9411296002,-2.822692511927664
329944.5996746320,4157680.9489470301,-1.190980139475245
329944.6078622540,4157680.9567314601,0.2755920186846679
329944.6160204890,4157680.9645364401,1.037861687479898
329944.6241153450,4157680.9724648600,1.535093470705986
329944.6321088620,4157680.9805718702,1.236747919105318
329944.6399928390,4157680.9887963398,0.371659818566584
329944.6478358550,4157680.9970477102,-1.021606876333458
329944.6557309590,4157681.0051632700,-1.822699027107803
329944.6637799350,4157681.0131026600,-1.963162644416108
329944.6719832820,4157681.0208431398,-0.9972176435244161
329944.6803691870,4157681.0285784402,-0.2844757529546048
329944.6888620390,4157681.0363612799,0.5084406459129804
329944.6973774240,4157681.0442574001,0.329915609029503
329944.7059365440,4157681.0522555499,0.4409866212313878
329944.7145476130,4157681.0603864398,0.03114711915545205
329944.7232211060,4157681.0685823499,1.182941357906595
329944.7318054500,4157681.0769269001,0.7000804860675252
329944.7403592370,4157681.0853826599,1.240807829846854
329944.7487270310,4157681.0939043001,1.537156455377718
329944.7569593180,4157681.1026021601,0.8797222453302433
329944.7651207330,4157681.1114094099,1.139694198971494
329944.7731963320,4157681.1203674101,-0.8817453165352395
329944.7813360900,4157681.1292061000,-2.57173434967183
329944.7897419330,4157681.1377859800,-2.108055872797203
329944.7984083470,4157681.1461938298,-1.304042828190228
329944.8072653750,4157681.1545190499,1.088407012864243
329944.8160460140,4157681.1629944900,1.538476003616633
329944.8246778740,4157681.1716454299,0.2146173212684392
329944.8332709180,4157681.1803027201,-0.4719100068799131
329944.8420122810,4157681.1890080599,-0.6311776927049718
329944.8508285850,4157681.1976522901,-1.12819967144077
329944.8597039130,4157681.2061159499,-1.231945800439284
329944.8686126650,4157681.2143593999,0.2517691259460802
329944.8774218410,4157681.2225606102,0.4631706496934488
329944.8861358940,4157681.2307641599,1.26780666018386
329944.8947390370,4157681.2391133299,-0.3376569418641623
329944.9033589200,4157681.2474113200,1.097893790757477
329944.9119167450,4157681.2558695800,0.3777661172510074
329944.9205301670,4157681.2644609702,0.3900848142949452
329944.9290647560,4157681.2730547301,0.09476117210802823
329944.9375231760,4157681.2815912901,0.01056194036826077
329944.9458917230,4157681.2900392800,0.8325539376488612
329944.9541327160,4157681.2985244598,0.2560766944060811
329944.9623575530,4157681.3070445200,0.368412769898885
329944.9705859160,4157681.3156431802,0.0447183414613903
329944.9788527920,4157681.3242913201,0.4517407930646438
329944.9871915660,4157681.3331102901,-0.6068983798644743
329944.9956505960,4157681.3419250301,-0.4192035207574022
329945.0041870010,4157681.3507295200,-0.8190911921112485
329945.0128116230,4157681.3594480301,-0.8476747337520774
329945.0215615080,4157681.3681108002,-0.960821114753509
329945.0304438950,4157681.3766987198,-1.015353825418091
329945.0395327740,4157681.3852671301,-0.7240000997230231
329945.0487800830,4157681.3938275902,-0.3128713798934396
329945.0580089780,4157681.4023038698,-0.3092380780763605
329945.0672043870,4157681.4106841702,0.169108553015359
329945.0763326330,4157681.4190383898,0.9713192757683065
329945.0853688440,4157681.4275102899,1.771439520024171
329945.0942045360,4157681.4361659298,0.9836703222110196
329945.1029656980,4157681.4449603702,0.914025835743812
329945.1116790030,4157681.4539081701,0.07154718560864262
329945.1203967670,4157681.4628765802,-2.075256257965078e-05
329945.1291249070,4157681.4718556600,-0.4992141344500553
329945.1379667200,4157681.4808382699,0.3111478370627418
329945.1468553920,4157681.4899399402,-1.168914783375536
329945.1558716220,4157681.4989017602,-0.9904356643342183
329945.1650073070,4157681.5077563701,-0.7294736024866637
329945.1742439010,4157681.5165438401,0.121817217654951
329945.1835645160,4157681.5254390100,1.470675441994209
329945.1927620090,4157681.5345567600,0.8828811651483618
329945.2019052360,4157681.5438309801,0.6428290981426062
329945.2110210400,4157681.5532339900,0.09755923284707577
329945.2201642740,4157681.5626894902,0.6726425877798978
329945.2292538770,4157681.5722577800,-0.9684572306864496
329945.2384701080,4157681.5817142599,-1.174790377721221
329945.2479175090,4157681.5911104502,-1.703744913400982
329945.2576638220,4157681.6003715498,-0.79939781515456
329945.2675453610,4157681.6095607202,0.4670135038171593
329945.2773108860,4157681.6187570998,0.1000652896608985
329945.2870458360,4157681.6279493500,0.3078640823160099
329945.2967336710,4157681.6371729099,1.168881842944738
329945.3062350180,4157681.6465058099,1.389897021732202
329945.3155657820,4157681.6560169300,0.5598470940560138
329945.3248093810,4157681.6655807500,-0.024147427638003
329945.3341138850,4157681.6752013802,-0.5031586579536
329945.3435559950,4157681.6848331299,0.1768213298309109
329945.3530086460,4157681.6945218300,-2.014872842006405
329945.3626497840,4157681.7038809299,-0.1812132111820485
329945.3722536660,4157681.7131586899,-0.02993647614917981
329945.3818209820,4157681.7223937502,-0.7245641627174073
329945.3914648620,4157681.7315249802,-0.4529752997862385
329945.4011202500,4157681.7405578098,0.03828351522017604
329945.4107404270,4157681.7495668200,-0.3623817124212687
329945.4204068700,4157681.7585328701,-0.569472846779609
329945.4301176310,4157681.7674054801,-0.1735679726269394
329945.4398326590,4157681.7762414101,-0.119535175739897
329945.4495948650,4157681.7850922402,-0.2685093831887959
329945.4593979530,4157681.7939171102,0.02160091561869155
329945.4692184790,4157681.8027627501,1.455443484211805
329945.4788897010,4157681.8118172898,1.212220937014585
329945.4884026980,4157681.8210146101,0.2943281738703065
329945.4978319690,4157681.8302021199,1.39202932046808
329945.5070074900,4157681.8394746301,0.2039849245316645
329945.5161203300,4157681.8487328398,-1.279273911585546
329945.5253122100,4157681.8577672299,-1.042261183243198
329945.5345740370,4157681.8666295800,-2.303387360097656
329945.5440002950,4157681.8751330301,-2.649325980217451
329945.5536092140,4157681.8832348599,-1.005974227755189
329945.5633278110,4157681.8912210502,-0.5300847177587498
329945.5731479830,4157681.8991813399,-0.3353575171981017
329945.5830443110,4157681.9071339299,0.2316501658106109
329945.5930026070,4157681.9151848401,0.2781547167420508
329945.6029789600,4157681.9233094198,0.7371512172828982
329945.6128172550,4157681.9314774899,1.176278681237101
329945.6225510040,4157681.9398094900,0.3726291018007492
329945.6322818130,4157681.9482199601,0.8776408330838074
329945.6419433820,4157681.9567632698,1.498643460907944
329945.6514346410,4157681.9654885400,-0.2129892149313511
329945.6608854030,4157681.9741289802,-0.9093543050598033
329945.6703547260,4157681.9825869198,-2.431062046864072
329945.6800564580,4157681.9907289702,-2.960995648385107
329945.6900311860,4157681.9984824699,-1.56175165855036
329945.7001104460,4157682.0060036699,-1.383971626935373
329945.7103073910,4157682.0133400499,-0.1297165612930659
329945.7205189670,4157682.0206617299,-0.6269246374445621
329945.7307304970,4157682.0278626001,-0.9410326662724288
329945.7409767440,4157682.0349094602,0.7386231426430742
329945.7511076270,4157682.0420145802,0.7827582626632681
329945.7611489280,4157682.0492028198,1.095476682120809
329945.7710900910,4157682.0565247601,1.316515358221918
329945.7809508260,4157682.0640382301,0.9933642069455065
329945.7907690440,4157682.0717127402,-0.4328237274019753
329945.8006887180,4157682.0793804601,-0.6227671872962642
329945.8107117240,4157682.0870035100,-0.658945164232892
329945.8207962900,4157682.0945421299,-0.5896945765562324
329945.8309654050,4157682.1020267401,-1.943093517780367
329945.8414070990,4157682.1093222499,-0.8233176075052282
329945.8519019990,4157682.1164925001,-4.491172619419873
329945.8628166450,4157682.1230678400,-0.4563162312674957
329945.8737175190,4157682.1295489999,0.6434850388807698
329945.8844641200,4157682.1360571599,0.9239311328582457
329945.8950551860,4157682.1426397199,1.334018638510761
329945.9055113210,4157682.1493818099,0.9959742902169348
329945.9159320870,4157682.1562858298,-1.345641696604275
329945.9263849700,4157682.1629618499,-1.516715206627958
329945.9368159720,4157682.1693527200,-1.155055650202389
329945.9472576900,4157682.1755496999,-1.227498905398256
329945.9577167100,4157682.1815487100,-1.048540314879095
329945.9682789630,4157682.1874305001,-1.148112473679036
329945.9790321380,4157682.1932235602,-1.240570696833071
329945.9900321950,4157682.1989347301,0.4648507792665276
329946.0010881010,4157682.2047563400,0.3666864524143095
329946.0120865210,4157682.2106121099,0.7376100311706826
329946.0230287230,4157682.2165676500,1.58011593790941
329946.0337901070,4157682.2227015798,-0.3551911870190292
329946.0445662700,4157682.2287813099,0.2586973609959962
329946.0553561120,4157682.2349144402,0.1101861751089842
329946.0662575260,4157682.2411308400,-0.6223050894938502
329946.0772843260,4157682.2473047301,-0.5375860926187931
329946.0883260780,4157682.2533889501,-0.3794152887461747
329946.0993459230,4157682.2593927202,-0.8781199220907193
329946.1104230790,4157682.2652704101,-0.543935190420885
329946.1214955210,4157682.2710493500,-0.8255314729043468
329946.1326185600,4157682.2767095999,-1.886633536391819
329946.1439560780,4157682.2821455998,-0.4535612779154196
329946.1553778980,4157682.2875419399,-1.503780648136219
329946.1669488330,4157682.2927416600,-1.084100318970948
329946.1786462020,4157682.2978055598,0.006979405566754998
329946.1903346220,4157682.3028668198,0.450748362036351
329946.2019325130,4157682.3079679399,0.8594390507209099
329946.2133386700,4157682.3131328002,1.480468076820966
329946.2246383790,4157682.3185039400,0.4503335317163991
329946.2358841770,4157682.3239272600,-2.580094548799076
329946.2473554530,4157682.3290095599,0.4614185322063361
329946.2588043360,4157682.3341614599,-1.013903820896955
329946.2703235330,4157682.3391696298,-1.590219031761088
329946.2818895090,4157682.3439263599,-0.4394012758916432
329946.2934007100,4157682.3485870301,0.2685638638689001
329946.3048502660,4157682.3532671598,0.1781661961729683
329946.3162874680,4157682.3579716799,0.9051260310400084
329946.3277741600,4157682.3628482800,0.8567057071970631
329946.3392888870,4157682.3678832599,-0.7153666601470339
329946.3508267520,4157682.3728053900,1.055196095916818
329946.3622433880,4157682.3778550099,-1.280546925058297
329946.3737432050,4157682.3827231098,-2.306498603563782
329946.3854280920,4157682.3872765200,-3.166800941206649
329946.3973237700,4157682.3913750201,-1.332371453009273
329946.4093316320,4157682.3952878299,0.2620709970177494
329946.4213745180,4157682.3992562802,0.7714072661637029
329946.4333302890,4157682.4033258301,0.8917481642181654
329946.4452548630,4157682.4075353001,0.07220894278043288
329946.4571563330,4157682.4117488302,1.153574635991234
329946.4689714820,4157682.4161262698,0.4166027760860112
329946.4807707660,4157682.4205684299,-0.7133795788963208
329946.4926252340,4157682.4249099600,-1.871574622998371
329946.5045684790,4157682.4289667802,-1.517102361990309
329946.5165292010,4157682.4327764702,-2.012117910610455
329946.5285508820,4157682.4362741499,-0.2996143680846697
329946.5406010140,4157682.4397311001,0.9364919057180249
329946.5527098690,4157682.4433599301,0.2601819881810563
329946.5649362090,4157682.4470680701,0.190822999792425
329946.5771447930,4157682.4508033399,-0.2605481682128903
329946.5893361920,4157682.4544890998,-0.1123866589703578
329946.6014706350,4157682.4581387402,-0.5857829893868406
329946.6135207840,4157682.4616661500,-0.1098938553317025
329946.6255420880,4157682.4651671401,0.6045703433180319
329946.6374899470,4157682.4687448801,-0.8815328100193132
329946.6494096380,4157682.4721722398,-0.07962486743453498
329946.6613010350,4157682.4755787700,1.575062820753451
329946.6731600710,4157682.4792278698,-0.4956765099009664
329946.6849154660,4157682.4827665002,-0.6995973254837609
329946.6966401710,4157682.4861866301,-0.8680166782925475
329946.7082681640,4157682.4894459401,-1.689484223293903
329946.7197437950,4157682.4924137201,-2.237538446637331
329946.7311073500,4157682.4950356400,-1.674532220296863
329946.7424163430,4157682.4974144199,-0.90399295801087
329946.7537715420,4157682.4996791901,-1.688247829244697
329946.7653017490,4157682.5017440300,1.259947655181071
329946.7769118070,4157682.5040013599,1.399563379410576
329946.7884958960,4157682.5064534200,1.774289999716675
329946.8000135600,4157682.5091452701,0.7903639553933544
329946.8114340390,4157682.5119269001,1.128684313393664
329946.8227891980,4157682.5148525401,0.2401698540217127
329946.8341133100,4157682.5178041798,-1.09059289635386
329946.8454968640,4157682.5206165100,-1.193178900482024
329946.8570050600,4157682.5232887301,-1.642325039618054
329946.8686269840,4157682.5257500801,-2.91945705717281
329946.8802189740,4157682.5277898102,-1.65651294032902
329946.8918068750,4157682.5295970701,-0.9691471560154985
329946.9034021150,4157682.5312707801,-1.434102260157578
329946.9149878920,4157682.5327451802,-0.661567920493227
329946.9265336560,4157682.5341241201,1.630268628799325
329946.9380600380,4157682.5357229798,1.724267081241093
329946.9495667600,4157682.5375552801,0.09040482936753111
329946.9611196600,4157682.5394074400,0.8324453399998172
329946.9727460820,4157682.5413881899,-0.5804449465390649
329946.9843979150,4157682.5432912400,-0.4637976861837857
329946.9959554320,4157682.5451142602,-0.6096439467955107
329947.0074999500,4157682.5468510198,-0.09620919502949137
329947.0190200410,4157682.5485708900,0.5635109572762673
329947.0304642960,4157682.5503560901,-0.8241160669893561
329947.0418895630,4157682.5520269498,-0.7519970917763393
329947.0533116830,4157682.5535962498,-0.3944629246746595
329947.0646223530,4157682.5550981299,-1.24762842182011
329947.0758312100,4157682.5564252799,-0.2655657707742354
329947.0869995870,4157682.5577137698,-0.5655582145283862
329947.0981370320,4157682.5589271099,-0.3103736959802072
329947.1092697980,4157682.5601007999,0.1757985686658528
329947.1204168670,4157682.5612981999,-0.5890576442040081
329947.1315486210,4157682.5624197200,1.523440287704671
329947.1426401040,4157682.5637283302,-0.4673274419352495
329947.1536965340,4157682.5649744398,-0.222979893922816
329947.1647804860,4157682.5661957799,-0.7710604567671914
329947.1758127380,4157682.5673157698,-1.416960313591937
329947.1868497650,4157682.5682613901,-0.6653480739986641
329947.1979224620,4157682.5691277999,0.237115809286388
329947.2090540440,4157682.5700284000,0.7084862295936193
329947.2202063820,4157682.5710196700,0.2330286764990507
329947.2312697600,4157682.5720320200,-0.7594816526762598
329947.2422229240,4157682.5729416599,-0.5904618535624195
329947.2531658070,4157682.5737790298,-0.1438251547925531
329947.2641177460,4157682.5745997000,0.06557478895426067
329947.2749765150,4157682.5754212202,0.5014836354957718
329947.2857537590,4157682.5762955798,0.2539187746962404
329947.2964695090,4157682.5771944900,-0.2234018504511089
329947.3071762400,4157682.5780667602,-0.004438283018068025
329947.3178131110,4157682.5789328301,-0.1006365549948381
329947.3283121240,4157682.5797763998,-1.770007821347998
329947.3387710100,4157682.5804212699,-1.455163336392009
329947.3492666890,4157682.5809076801,-1.954664481411149
329947.3598665910,4157682.5811799299,-1.790058475270598
329947.3705690010,4157682.5812506601,-0.1796276405112483
329947.3812487060,4157682.5813007299,0.02620838416978911
329947.3919364750,4157682.5813538302,0.4897032802585398
329947.4026161360,4157682.5814627698,0.5939074111016658
329947.4133132170,4157682.5816398100,0.4534465459092625
329947.4240666840,4157682.5818701098,-0.2163722239914748
329947.4348305580,4157682.5820755600,-0.6787498809164438
329947.4455097380,4157682.5822016499,-2.219904184310027
329947.4561992390,4157682.5820742901,-1.155241241905054
329947.4668672650,4157682.5818155101,-0.1715141981703646
329947.4774805390,4157682.5815386702,0.1057408424122431
329947.4880545830,4157682.5812747101,-0.4444320640151498
329947.4986471070,4157682.5809604102,0.4350422535175476
329947.5092421730,4157682.5806949199,-0.1765097631182785
329947.5198079960,4157682.5804104102,-0.3078066374074586
329947.5303831230,4157682.5800911998,-2.016590846935221
329947.5408565400,4157682.5795522002,-2.623393480822198
329947.5512448810,4157682.5787314400,-0.3479213502541376
329947.5616061680,4157682.5778750498,0.5543254809020566
329947.5719491890,4157682.5770800901,-0.3368736666968937
329947.5822034100,4157682.5762560498,1.793884396231338
329947.5925523610,4157682.5756171099,1.33253489186101
329947.6029143990,4157682.5751209999,0.7347788631477932
329947.6132735710,4157682.5747041199,-0.4846648582916754
329947.6235906060,4157682.5742370998,-0.1142855352193094
329947.6339679420,4157682.5737550398,-1.025042859581389
329947.6443576990,4157682.5731613701,-0.7654937902600096
329947.6547380920,4157682.5724852500,-0.9732589633068864
329947.6650422040,4157682.5717096101,-2.396102992920306
329947.6751688520,4157682.5706965602,-1.261834487799869
329947.6852072620,4157682.5695624398,-0.5449344255506341
329947.6951088270,4157682.5683888998,-1.664926609048748
329947.7049863030,4157682.5670516202,-1.156649251315464
329947.7149311460,4157682.5655877800,-0.4402747411817455
329947.7249844180,4157682.5640622298,-2.210327224631092
329947.7351182400,4157682.5622892301,-0.57028281358165
329947.7452641240,4157682.5604526401,0.8622077390936467
329947.7554169010,4157682.5587078300,0.7578078194236164
329947.7654750360,4157682.5570595898,1.882465272441726
329947.7755693070,4157682.5556037701,1.571032261360051
329947.7856564550,4157682.5543133598,0.8222176765851771
329947.7957839650,4157682.5531038898,-1.076765940067902
329947.8059676180,4157682.5517737302,-2.123396842666536
329947.8160845330,4157682.5502276099,-0.6205767778356894
329947.8260906980,4157682.5486336402,-1.139319906332616
329947.8360548000,4157682.5469283401,-1.155294682249971
329947.8460640800,4157682.5450943401,0.8622043440011096
329947.8560089730,4157682.5433618198,0.5516535749260686
329947.8660744630,4157682.5416663098,-0.2943399496357921
329947.8760925000,4157682.5399478902,-0.7002623501088723
329947.8860472600,4157682.5381674799,-0.9575642623725995
329947.8959705240,4157682.5362934298,-0.8163501477447925
329947.9059131820,4157682.5343305399,-0.7544366560061152
329947.9158496510,4157682.5322897802,-0.6713441400496419
329947.9258106420,4157682.5301730498,-0.2656095627545152
329947.9358378160,4157682.5280137900,0.5879160864580941
329947.9458934970,4157682.5259118099,0.4581987922196914
329947.9561061820,4157682.5238275002,1.074927426759684
329947.9664357140,4157682.5218401798,0.1784998664907777
329947.9768158160,4157682.5198633801,0.1211045022430247
329947.9872211790,4157682.5178955798,-0.2767032765969479
329947.9976139560,4157682.5158986100,-0.2205427841387143
329948.0078649360,4157682.5139042302,-0.9524572677096552
329948.0179317500,4157682.5118423901,0.03299689544717337
329948.0278566870,4157682.5098130899,-0.4079371271720123
329948.0376354680,4157682.5077718301,0.8286500528189195
329948.0472815750,4157682.5058408198,-1.510811659838121
329948.0566951140,4157682.5038119499,-0.9590095146231771
329948.0660297580,4157682.5017099800,-0.4966658651188762
329948.0753342060,4157682.4995683501,-1.975498927976817
329948.0845315640,4157682.4972685301,-2.798779014767982
329948.0935607080,4157682.4947559200,-1.641404241615338
329948.1023702480,4157682.4921592399,-1.340749017739913
329948.1109754240,4157682.4895083401,-2.635000967176655
329948.1192944270,4157682.4867306999,1.908515261908905
329948.1276861650,4157682.4840843002,1.079336523938288
329948.1359810500,4157682.4815541799,1.967047880834973
329948.1441711500,4157682.4792066300,1.5848234193381
329948.1523380590,4157682.4769842201,0.8024588129610513
329948.1605326620,4157682.4748139898,-0.4997031423357101
329948.1686941310,4157682.4726155498,-0.3397912246605334
329948.1767703360,4157682.4704153002,-0.6846908206433937
329948.1847855170,4157682.4681823999,-1.339751680458144
329948.1925587420,4157682.4659245098,-0.4851293689800725
329948.2003790650,4157682.4636194799,-0.1606525365551733
329948.2081565120,4157682.4613160398,0.4800210153796911
329948.2159409000,4157682.4590434702,0.0901602734982533
329948.2237479710,4157682.4567704801,-0.5798741813690065
329948.2315898950,4157682.4544470599,-0.4267082312820059
329948.2394367270,4157682.4520923402,-0.867682165199282
329948.2472116090,4157682.4496990498,-1.440473181450829
329948.2548731940,4157682.4472425301,-2.50913293108823
329948.2623089530,4157682.4446936999,-0.3746373154362909
329948.2697693070,4157682.4421118102,-1.765145905112207
329948.2770509170,4157682.4394787000,-0.5385528213061604
329948.2842125720,4157682.4368554000,0.8789646580403164
329948.2913200950,4157682.4343055701,0.0888389063613441
329948.2984193960,4157682.4317640602,2.860261725133641
329948.3055972380,4157682.4293680801,2.364400485808714
329948.3128102020,4157682.4271029099,-0.8313201740905126
329948.3199352380,4157682.4248163099,-0.2694480265895314
329948.3268455790,4157682.4225834599,1.13237475504286
329948.3338652680,4157682.4203792801,-0.2034441339314612
329948.3408035830,4157682.4181893002,-1.31445238834227
329948.3475887520,4157682.4159767702,-1.892414704396786
329948.3542236120,4157682.4137145602,-4.874585365142391
329948.3606897800,4157682.4112619101,-3.792445891429053
329948.3670034510,4157682.4086770401,-2.668641289543944
329948.3731920900,4157682.4060116201,-4.423099857415314
329948.3792837350,4157682.4031701400,0.3136144917105067
329948.3852887500,4157682.4003843502,5.206458233480219
329948.3914756260,4157682.3977711801,3.568417892207291
329948.3976427910,4157682.3953376999,2.432075060446715
329948.4037504040,4157682.3930399399,1.093564930644072
329948.4098155420,4157682.3908072002,-2.689624041017032
329948.4157934610,4157682.3884882699,-9.243830800468755
329948.4216573800,4157682.3858024999,-3.809415694222362
329948.4275542820,4157682.3829227402,-2.528879915111204
329948.4334049040,4157682.3799443101,0.1661944374648884
329948.4392909710,4157682.3769559399,-1.328958315002227
329948.4451354880,4157682.3739239699,5.230963482653126
329948.4510725560,4157682.3710988802,2.5147727667086
329948.4569955940,4157682.3683990599,0.8318881696261162
329948.4629020980,4157682.3657452101,-0.4413369396958636
329948.4687952760,4157682.3630770901,-2.176649276309083
329948.4746568140,4157682.3603231399,-1.737742292504699
329948.4805108120,4157682.3574917102,-0.06830088368592507
329948.4864005810,4157682.3546397402,-4.524438580007362
329948.4921421390,4157682.3516477100,3.346045587767539
329948.4978760440,4157682.3488149401,-0.6798030232930722
329948.5035087940,4157682.3460018500,-2.124111575087982
329948.5090664880,4157682.3431330598,-3.186732249130877
329948.5145723270,4157682.3401505100,-2.648717376395251
329948.5200506200,4157682.3370640301,-1.095371247385521
329948.5255227580,4157682.3339311001,-0.04261661625338204
329948.5309333440,4157682.3308314900,0.4867943960021548
329948.5362529540,4157682.3278052099,4.5941049693047
329948.5415347840,4157682.3249918399,-1.413859600029064
329948.5467124910,4157682.3221778702,6.07926177730945
329948.5519500320,4157682.3195690801,-0.2815585423484488
329948.5571495370,4157682.3169685700,-0.2311520552580991
329948.5623473030,4157682.3143601902,-1.811500641867717
329948.5675428450,4157682.3116838699,-1.576969134300382
329948.5727250630,4157682.3089536200,-0.7603538746465596
329948.5779020310,4157682.3061965900,-1.775824395147447
329948.5830539960,4157682.3033835799,-0.4081763736823171
329948.5882229110,4157682.3005451802,-5.209617943219551
329948.5933038110,4157682.2975483602,2.794646039288243
329948.5984775690,4157682.2946111201,-1.405322508101633
329948.6036861900,4157682.2915958902,-2.961552530740143
329948.6088958670,4157682.2884540800,-3.056369727995938
329948.6140539520,4157682.2852109899,-3.261214721300352
329948.6191579230,4157682.2818584400,-0.6308747477306946
329948.6242492140,4157682.2784860702,2.635413173014304
329948.6294009560,4157682.2751917802,5.414883314368387
329948.6346801050,4157682.2720577600,3.215073243427125
329948.6400817050,4157682.2689943998,7.368685537648529
329948.6457080140,4157682.2661381098,2.221838910562341
329948.6514519350,4157682.2633233699,-1.610281445427426
329948.6572442070,4157682.2604100602,-3.953114421292592
329948.6630447840,4157682.2573023802,-3.603749667851827
329948.6688133690,4157682.2540327800,-3.54196296430543
329948.6745323890,4157682.2506109099,-1.659892232394293
329948.6803221870,4157682.2470582798,-2.52207264059524
329948.6862253300,4157682.2432932099,-2.407079924981442
329948.6922402370,4157682.2393104699,10.12554584653085
329948.6985072570,4157682.2357890401,2.567572018866901
329948.7047851860,4157682.2324117702,1.107425353602044
329948.7110689540,4157682.2290949500,0.1167707286724439
329948.7173555000,4157682.2257833299,-1.554743539487764
329948.7236349320,4157682.2223860999,-1.348045269046153
329948.7300143570,4157682.2188541298,-2.124817652475316
329948.7365029690,4157682.2151274602,-1.290996696287988
329948.7430922430,4157682.2112569399,-0.8723270664544688
329948.7496664350,4157682.2073360500,0.09732561557668307
329948.7563734860,4157682.2033427600,0.07062999132627804
329948.7631396290,4157682.1993193598,-0.973003029547475
329948.7699614800,4157682.1951913200,0.5057085801120421
329948.7769292060,4157682.1910136598,1.902300940347875
329948.7841263630,4157682.1868500202,0.4111479871220755
329948.7914743160,4157682.1826329199,0.1063748318774726
329948.7989019490,4157682.1783790300,-0.2822044742561682
329948.8064405550,4157682.1740371701,-0.1671461241612047
329948.8139967190,4157682.1696705301,-0.9741504781283463
329948.8216956030,4157682.1651326101,-1.385687078359078
329948.8294943760,4157682.1604033601,-1.02968411157943
329948.8373676160,4157682.1555264499,-0.4807455896948872
329948.8452017810,4157682.1506253998,-0.920207214718754
329948.8530002950,4157682.1456538499,-0.206778941335648
329948.8608162150,4157682.1406501201,-0.5971321953841552
329948.8686868360,4157682.1355493302,-0.7507875663689447
329948.8766357270,4157682.1303173802,0.2844201948723121
329948.8845757330,4157682.1251219800,0.3842008096721941
329948.8927202750,4157682.1198355402,-0.0611554856821443
329948.9009740080,4157682.1144712102,-0.3478339429402121
329948.9093517270,4157682.1089850501,0.2398941105449576
329948.9178645860,4157682.1034397800,-0.181340609510501
329948.9264514820,4157682.0978236101,0.01778450108352385
329948.9351177430,4157682.0921578002,-0.7761720937826574
329948.9438530120,4157682.0863454598,-0.492472252261887
329948.9526343740,4157682.0804364700,0.2352225046544877
329948.9614875030,4157682.0745112598,-0.4027847167014519
329948.9704248940,4157682.0684736199,-0.289727439760474
329948.9793384520,4157682.0624114401,-0.5689013334753404
329948.9882190940,4157682.0562916398,-0.539856897456488
329948.9971051970,4157682.0500912801,-1.309005928803927
329949.0059816720,4157682.0437076902,-1.500805929315931
329949.0148984960,4157682.0370685100,-0.4242678060866629
329949.0239390320,4157682.0302701201,-0.6244332113030359
329949.0330609100,4157682.0233084201,-0.863162959840702
329949.0421733770,4157682.0162094999,0.9070282887971226
329949.0516035600,4157682.0090226200,0.8247177668146805
329949.0612350210,4157682.0018311399,0.5908095479531341
329949.0709394810,4157681.9946920499,-0.2988758952466634
329949.0805664690,4157681.9875565302,-0.7521936624901527
329949.0901366560,4157681.9803284998,-0.3140328576405043
329949.0997993200,4157681.9729729500,-0.5635446920622996
329949.1096362040,4157681.9653766300,-0.3331098264509404
329949.1195589620,4157681.9576478102,-0.5987902457611275
329949.1295762690,4157681.9497224600,-1.473126931940164
329949.1395220460,4157681.9415434999,-1.642651055641907
329949.1494099380,4157681.9330530800,-1.713576246154651
329949.1591877430,4157681.9242686401,-2.56783395892941
329949.1687200810,4157681.9151029801,-0.09126294808436311
329949.1783553380,4157681.9058158202,2.228717730190654
329949.1882719990,4157681.8968124501,1.587152137493439
329949.1985207460,4157681.8879002598,2.659146964890796
329949.2090467900,4157681.8793934300,-1.220712886877743
329949.2195268340,4157681.8706322801,1.006163092836613
329949.2301798750,4157681.8619730501,-1.269676066066243
329949.2407026280,4157681.8531103702,-0.719609750136929
329949.2511705910,4157681.8441149001,-1.098780007043339
329949.2615612700,4157681.8349074302,0.3528996550253691
329949.2719827310,4157681.8257633802,-2.05510190430726
329949.2821922380,4157681.8162756599,-2.349051751998122
329949.2921616630,4157681.8063809001,-1.821599292745826
329949.3019632040,4157681.7961394102,0.08140483212365278
329949.3119200650,4157681.7857598099,-0.08304528708572852
329949.3219213870,4157681.7753088302,0.6548805167343871
329949.3320375600,4157681.7649365100,1.167239245103036
329949.3424015180,4157681.7546648099,0.6108905918612528
329949.3529257330,4157681.7444192199,0.4544741712757242
329949.3635768250,4157681.7341880798,-0.01504958643414332
329949.3742900120,4157681.7238926999,-0.7831867923121185
329949.3850025080,4157681.7133540800,-1.289289445600845
329949.3955949800,4157681.7025200501,-1.188318292375517
329949.4060706290,4157681.6914107301,-0.7307568700333752
329949.4165186880,4157681.6800787998,-0.2236447527813775
329949.4269705730,4157681.6686638501,-0.4972153471145793
329949.4373304020,4157681.6571731698,-0.113522579813533
329949.4476844740,4157681.6456482098,0.4245100104190201
329949.4582191060,4157681.6340770400,-0.2266748705358492
329949.4687892300,4157681.6223835298,0.08491507994930121
329949.4793441730,4157681.6107381401,0.641279732470365
329949.4900933470,4157681.5991168902,-0.4803598266108205
329949.5008447940,4157681.5873136199,-0.2843498322500158
329949.5115414670,4157681.5754628601,0.6419805278191867
329949.5224002260,4157681.5636780998,0.1151679277961871
329949.5334253080,4157681.5517573501,-0.9257249767915056
329949.5444165140,4157681.5395063902,-0.04979400052978183
329949.5554772430,4157681.5271575199,-0.5875279649566911
329949.5664174250,4157681.5147012100,-0.4392595363637017
329949.5772813940,4157681.5021483498,0.2994702659295952
329949.5882700660,4157681.4895786000,0.9662575007190098
329949.5994409220,4157681.4772086302,-0.474183077777854
329949.6104350500,4157681.4648399102,-0.2090558501311322
329949.6213119650,4157681.4525177600,-0.4866363458972764
329949.6320762480,4157681.4401249401,-0.4722175116802761
329949.6426883910,4157681.4277147702,-0.5943974830624994
329949.6531766430,4157681.4152057301,-0.7044597302329475
329949.6635251430,4157681.4025709899,-0.8503274277160149
329949.6736916980,4157681.3898007502,-0.7510498622176055
329949.6836795110,4157681.3769347901,0.5069774449737259
329949.6936618590,4157681.3642916000,0.1788602362985868
329949.7035273890,4157681.3518695598,1.091938461527811
329949.7136248410,4157681.3395984801,1.51938889516712
329949.7240398150,4157681.3275474398,1.222250657767951
329949.7347319460,4157681.3156528501,0.4676378851495259
329949.7455443620,4157681.3038041699,0.3804352837451677
329949.7565040890,4157681.2919407799,-0.5922177560532073
329949.7673780580,4157681.2799416701,-1.071586115777542
329949.7781087190,4157681.2676782999,-1.301691116831918
329949.7885058520,4157681.2552766302,-0.5337548950972808
329949.7987134820,4157681.2428860199,-0.1180562538790385
329949.8088689400,4157681.2305110898,0.1051873578545933
329949.8190576590,4157681.2181382002,0.6493261823070046
329949.8294074040,4157681.2058334202,0.5248859302146071
329949.8399333640,4157681.1935321400,-0.1657911308788237
329949.8504031060,4157681.1812299401,0.7838716818476962
329949.8609753050,4157681.1691206498,1.026292548493678
329949.8717645890,4157681.1571669802,0.8406179282714724
329949.8826787390,4157681.1453986899,0.4992916200389227
329949.8935998100,4157681.1338098599,1.598415167789289
329949.9048233530,4157681.1224918598,0.4068807349166138
329949.9161457520,4157681.1112214802,0.3571725190485986
329949.9276653640,4157681.0998856700,-1.727101254935196
329949.9389684350,4157681.0881210901,-1.350948492871413
329949.9499914300,4157681.0761303399,-1.582839683781677
329949.9607022360,4157681.0638587400,-1.21361525084113
329949.9711312160,4157681.0514230300,0.8142773613879987
329949.9816800940,4157681.0391760999,0.1143709537103675
329949.9922207860,4157681.0269842600,1.425643504370375
329950.0031224530,4157681.0149475602,1.797747590236074
329950.0144250780,4157681.0031793900,2.150724234964908
329950.0262223820,4157680.9917319301,1.117067438647307
329950.0383800170,4157680.9803633699,-0.141976769488071
329950.0506786450,4157680.9688079902,-0.2069810512282535
329950.0630235160,4157680.9571274202,-1.783344982068483
329950.0751004510,4157680.9449830502,-2.009602151470606
329950.0868231810,4157680.9323511999,0.01609422070292969
329950.0984798480,4157680.9197975001,0.3578138801151762
329950.1101592400,4157680.9073725902,0.8714116119303031
329950.1219553530,4157680.8951903800,0.9695659296773762
329950.1338955070,4157680.8832574799,0.5130087869317388
329950.1460077690,4157680.8713610298,-0.2475955839570358
329950.1581869190,4157680.8592973901,0.001179431528210435
329950.1704683130,4157680.8471329701,-1.120592841053385
329950.1826747150,4157680.8345618602,-1.080583256557829
329950.1947137520,4157680.8216824802,-0.8143844800681449
329950.2066118590,4157680.8085810598,0.08977226968474621
329950.2185142580,4157680.7955166502,0.8387350204281204
329950.2305264410,4157680.7827167800,1.096993441475767
329950.2427031590,4157680.7702307501,1.2365747824523
329950.2551087310,4157680.7580463402,-0.02250177482649327
329950.2675562710,4157680.7458111201,0.1974305178370827
329950.2800538000,4157680.7336111800,0.2360300383275588
329950.2926449210,4157680.7214210099,-0.3792444343530397
329950.3051963710,4157680.7091063098,-0.8431297660705359
329950.3175738850,4157680.6965966201,-0.3334344389130611
329950.3298219260,4157680.6840719702,-0.3180845491136576
329950.3419872890,4157680.6714924700,-0.4485950353280147
329950.3540081260,4157680.6588659198,-0.4236366977456213
329950.3659249670,4157680.6461621202,-0.3009877828528387
329950.3777924560,4157680.6333771599,0.5901419103415155
329950.3898502660,4157680.6206530700,0.8144113296415937
329950.4021629510,4157680.6080271499,0.4844137114322861
329950.4144598420,4157680.5956300301,0.4864652667498568
329950.4268806440,4157680.5833190898,-0.4032040825647206
329950.4391904180,4157680.5709450799,0.05397736656354024
329950.4515283580,4157680.5585661200,0.5342841049481685
329950.4639619190,4157680.5463218698,0.7475153073610216
329950.4764383770,4157680.5343504800,0.1094249853433941
329950.4889229650,4157680.5224165502,0.243458938983667
329950.5014276510,4157680.5105635100,-0.4559889804328505
329950.5138086500,4157680.4986418802,-1.654220688069534
329950.5257998170,4157680.4864212200,-1.052868352588893
329950.5375293270,4157680.4740288099,-0.4018044542312642
329950.5490666980,4157680.4616715601,-0.9561277976353655
329950.5603954120,4157680.4491377701,-0.4872767935316119
329950.5715877360,4157680.4365483699,0.2206771578170441
329950.5828185220,4157680.4240098498,0.6952124396212938
329950.5941837560,4157680.4116160199,1.119449318881596
329950.6057066430,4157680.3995142099,0.9564255452793212
329950.6174267080,4157680.3875928498,0.8564986965065592
329950.6293062100,4157680.3758503199,0.9556992545091607
329950.6414262330,4157680.3642474902,-0.1982315180606925
329950.6535833850,4157680.3525311300,-0.0005490244051098431
329950.6658210670,4157680.3407369400,-0.8023240997677431
329950.6779744810,4157680.3286989601,-0.8688628364226167
329950.6899445980,4157680.3164848299,0.4678630355246748
329950.7019611930,4157680.3044175399,0.3412356518432771
329950.7138967930,4157680.2925692298,0.3790119581775805
329950.7258931850,4157680.2808113499,0.5643933274834225
329950.7379178860,4157680.2692464399,-0.2609571975920198
329950.7498569610,4157680.2576635499,-0.7238438048717868
329950.7615972720,4157680.2459965199,-0.4452052076341378
329950.7731476360,4157680.2343485998,-0.7178993833462651
329950.7845765140,4157680.2225482501,-1.073277045291
329950.7958373160,4157680.2105027800,-0.1984599490410739
329950.8070859880,4157680.1983909798,-0.1109960888575938
329950.8182949920,4157680.1862774300,0.7337896039487789
329950.8296109330,4157680.1743410900,0.7066244308775602
329950.8410944560,4157680.1625068998,1.247378255703204
329950.8527631420,4157680.1509654899,-0.1417630684955975
329950.8644659180,4157680.1393362298,0.1221082447639193
329950.8762722420,4157680.1276514102,0.3509217104272738
329950.8882295410,4157680.1159548298,-0.03271380909632621
329950.9003458560,4157680.1040896298,-0.7266480134229366
329950.9125020690,4157680.0918859402,-1.298995014825031
329950.9244101940,4157680.0793832601,-0.3932484800652171
329950.9362457640,4157680.0667865002,-0.0296495424238229
329950.9480819940,4157680.0541760898,0.5838006264652784
329950.9600198570,4157680.0417117602,0.5160382927624476
329950.9721151870,4157680.0293065398,0.1979358032644603
329950.9843141370,4157680.0168808000,0.3070223103161579
329950.9966225760,4157680.0044771200,0.6816817858216246
329951.0089875650,4157679.9923087698,0.004886308833795051
329951.0212321620,4157679.9802609300,-0.3191587727196507
329951.0333128140,4157679.9682438700,-0.4683800920198755
329951.0453973260,4157679.9560287301,-0.5180504818659024
329951.0575030310,4157679.9435711098,0.3031004751886734
329951.0696376800,4157679.9312143498,-0.7412951679686998
329951.0817290160,4157679.9185796999,-0.07067793127631197
329951.0937427270,4157679.9059951399,-0.3826463316782567
329951.1055833610,4157679.8934260202,-0.2963997224661959
329951.1172376290,4157679.8809278398,0.3740934038635909
329951.1288994380,4157679.8685802901,-0.005835723898887383
329951.1405696580,4157679.8562213802,0.8850947819039843
329951.1523533410,4157679.8441114700,0.7903493615095339
329951.1643278350,4157679.8321302398,0.2958116584532962
329951.1762634820,4157679.8203064799,-0.4325843886758187
329951.1881872710,4157679.8083209698,-0.8086697116452448
329951.1999696270,4157679.7961489102,-0.7810728635631918
329951.2115428950,4157679.7838725401,-0.4943493180553364
329951.2229677700,4157679.7715496700,0.134817207148706
329951.2343295820,4157679.7593501499,0.05519591803978584
329951.2456353170,4157679.7472331501,0.5042985718558687
329951.2569760320,4157679.7352799298,-0.4212427378556274
329951.2681810600,4157679.7233047299,-0.1871094941477326
329951.2793519330,4157679.7112923502,0.8259847098251103
329951.2907030920,4157679.6994132702,0.5751699403022413
329951.3022739840,4157679.6875321600,1.439399592673305
329951.3142218110,4157679.6758382898,0.6146908662678795
329951.3263647110,4157679.6641961401,-0.5824302242020447
329951.3384074010,4157679.6524213199,-0.9998670632973378
329951.3501984560,4157679.6404984798,-1.643781101124042
329951.3617270670,4157679.6281775800,-0.6116541889825323
329951.3731886430,4157679.6156713902,0.1018754153385509
329951.3846598730,4157679.6031979900,0.09587876452785442
329951.3960978130,4157679.5908011799,0.1332161489025179
329951.4075433780,4157679.5784518500,0.4642049016331534
329951.4190681670,4157679.5662102201,0.0569144531676749
329951.4306028370,4157679.5539815598,-0.0953524375338865
329951.4420993850,4157679.5417541401,-0.06203242796860069
329951.4535610370,4157679.5295384000,-0.1730782385743228
329951.4649108150,4157679.5173716298,-0.1905960646590094
329951.4762046430,4157679.5051876600,0.3695092725355089
329951.4875846560,4157679.4930609600,0.3904266464313373
329951.4989522100,4157679.4811034598,0.003227757495394614
329951.5102970440,4157679.4691711301,0.3512414726373215
329951.5217595180,4157679.4572541402,0.2924502939658469
329951.5333040070,4157679.4453675901,0.3899010249648097
329951.5449837750,4157679.4334965702,-0.382532827970206
329951.5566683600,4157679.4214678002,-0.5205726015650908
329951.5682213890,4157679.4093650701,-0.9810771938469123
329951.5794902490,4157679.3971667201,-0.5258613122945819
329951.5906622550,4157679.3848592001,-0.1380723032999552
329951.6017698020,4157679.3725662101,-0.219901461690434
329951.6127709060,4157679.3603017400,0.3273744332554104
329951.6237873420,4157679.3481523502,0.468882509230755
329951.6349450640,4157679.3360361098,0.4565695484544632
329951.6462040330,4157679.3239930300,0.2271261468860622
329951.6575042300,4157679.3119962001,-0.05175929060967072
329951.6687728290,4157679.3000124702,-0.2194289516794478
329951.6799912940,4157679.2879954600,-0.9335359446241636
329951.6910383510,4157679.2757916199,0.2127739083891557
329951.7022493270,4157679.2634940199,0.2761643153826616
329951.7135551810,4157679.2512064399,0.2576168381685178
329951.7249086840,4157679.2389730802,-0.2676591877424307
329951.7361995990,4157679.2266976698,0.4625285972010396
329951.7476000250,4157679.2144936300,-0.0383718789417376
329951.7591075740,4157679.2021590001,0.07468075833793771
329951.7707505130,4157679.1897108899,0.7800804108096985
329951.7826301070,4157679.1773445401,-0.1959126582778539
329951.7944202450,4157679.1649886598,-0.2183595274404032
329951.8060715670,4157679.1526870900,0.03060375335340307
329951.8176436950,4157679.1404817700,0.2245271521727548
329951.8292874720,4157679.1282934998,0.6813144775867687
329951.8410872960,4157679.1162227201,1.046189095047031
329951.8530769980,4157679.1043830002,0.4469917019792743
329951.8651142600,4157679.0926737702,0.0404926999008
329951.8770992180,4157679.0810312298,-0.01891999981267126
329951.8889619790,4157679.0695001399,-1.599022346424398
329951.9005086490,4157679.0576665900,-0.1787374704328603
329951.9119309900,4157679.0458913101,-1.295774198949971
329951.9231247000,4157679.0338492501,-1.021737694089617
329951.9341702830,4157679.0215577800,-0.3514075284936457
329951.9451635910,4157679.0091805300,0.4807320954062234
329951.9562087260,4157678.9969420801,0.5186291771459166
329951.9672940630,4157678.9848676599,0.7657083745270673
329951.9785541820,4157678.9729080298,0.2695013795850875
329951.9899487850,4157678.9609127901,0.3274092689023652
329952.0013581840,4157678.9490312501,-1.052912583466014
329952.0125632700,4157678.9369498100,0.109783463516605
329952.0236618890,4157678.9250262501,0.5951615954831262
329952.0347986530,4157678.9132911302,0.52041235469396
329952.0460378450,4157678.9016460599,0.8974105038421806
329952.0574701620,4157678.8901404701,-0.5461602467920855
329952.0688140800,4157678.8785196198,-0.6535410758487036
329952.0800119920,4157678.8668023301,-0.2295806410938847
329952.0912166490,4157678.8549901000,-0.8117595200212487
329952.1022589300,4157678.8430366199,0.3223369394502199
329952.1133553480,4157678.8311501900,-0.2965495101788587
329952.1243777200,4157678.8192284298,0.003058682467697145
329952.1354473230,4157678.8072567801,0.7691071642634397
329952.1467054790,4157678.7953839600,0.1106265073849532
329952.1580828390,4157678.7834290299,1.060355767639265
329952.1696861920,4157678.7716565402,-0.4672778742944823
329952.1811601210,4157678.7598343901,-0.3483608819189006
329952.1926211260,4157678.7478888100,0.3537206842456389
329952.2042463070,4157678.7359138499,-0.5282131728814391
329952.2158989620,4157678.7236956600,-0.6537984545972239
329952.2273942960,4157678.7113731499,-0.385398852917371
329952.2387520520,4157678.6990388799,-0.6937163975106158
329952.2499119850,4157678.6866336102,-0.6119627847876223
329952.2609826830,4157678.6740714400,0.2807459461503571
329952.2720778890,4157678.6615999602,0.7462250971034272
329952.2832427680,4157678.6493594800,0.156326773448295
329952.2943667160,4157678.6372269299,1.179203150142451
329952.3057624750,4157678.6252730400,0.2295626042820544
329952.3173272470,4157678.6132340799,0.1726942946850456
329952.3289272110,4157678.6012279601,-0.01618618415821209
329952.3405068780,4157678.5892363698,-0.02412768882379203
329952.3520263720,4157678.5772975101,0.5287050827058085
329952.3635904700,4157678.5655203899,-0.6451886126878121
329952.3749691340,4157678.5536832102,-0.04799035967086902
329952.3862893360,4157678.5418882999,-0.7315332752251329
329952.3976139670,4157678.5298008202,-1.166422430517104
329952.4088983350,4157678.5172756999,0.1478725708861723
329952.4203453360,4157678.5046339501,-0.626381378424183
329952.4316862660,4157678.4918368501,-0.2058579116417467
329952.4430332240,4157678.4789415798,-0.08264755094037154
329952.4543841310,4157678.4660048001,-0.1423846962315543
329952.4657159510,4157678.4530257201,0.1583712536409774
329952.4770185650,4157678.4401509701,0.1567340679028819
329952.4882785310,4157678.4273938201,1.543847628803777
329952.4999667980,4157678.4148352300,0.5113630704493632
329952.5118978030,4157678.4022404798,-0.1354721738981133
329952.5238088000,4157678.3896074900,1.308589658639742
329952.5360809530,4157678.3771718801,0.6032234880048847
329952.5484705960,4157678.3648789502,-0.7159013806689278
329952.5608102240,4157678.3523244699,-0.5793516586697394
329952.5730776680,4157678.3395855301,-0.7830902698568153
329952.5851430560,4157678.3267044001,-1.407620439777473
329952.5968597400,4157678.3135562800,-0.0007801967938239151
329952.6085849930,4157678.3003981798,0.4639684847729094
329952.6203929780,4157678.2873631902,0.8111005100338637
329952.6325717430,4157678.2743012798,0.9449019502617665
329952.6448783430,4157678.2615393600,1.09756562393012
329952.6574525110,4157678.2489982098,0.751119881063003
329952.6702426100,4157678.2365782200,0.8016629858623141
329952.6832095650,4157678.2243416798,0.2200953827150296
329952.6961846000,4157678.2121932702,-0.6050545125589841
329952.7089444310,4157678.1999870599,-1.237988029378308
329952.7213735540,4157678.1875669900,-2.034885820950367
329952.7333810050,4157678.1746768299,-1.354433282485682
329952.7451396840,4157678.1614321098,-0.627658255536567
329952.7568004310,4157678.1479992098,-0.04943260764164543
329952.7683854090,4157678.1346299299,-0.006231254771482291
329952.7799944010,4157678.1212299499,1.044235978660382
329952.7918137740,4157678.1080861501,1.141867648208149
329952.8038541820,4157678.0952273700,0.2504248945009735
329952.8159767900,4157678.0823948602,0.05979219360379805
329952.8281221600,4157678.0695654200,0.2469465313500087
329952.8403573860,4157678.0567536401,-0.1820876795189933
329952.8526254620,4157678.0438239598,1.150216445652993
329952.8652381570,4157678.0310670999,0.09297475962649075
329952.8778129340,4157678.0183908502,0.3740236420085525
329952.8905061740,4157678.0057651801,0.3298916334200125
329952.9033056360,4157677.9931835500,-0.3149096844505443
329952.9160226900,4157677.9805408702,-0.6840443237446802
329952.9284747740,4157677.9678555001,-0.5738200204485289
329952.9407640520,4157677.9550782000,-1.252948336920146
329952.9527972620,4157677.9419968999,-0.3490833731971719
329952.9647423680,4157677.9288486200,0.03849316887868924
329952.9767599070,4157677.9156388198,-0.1997574565675648
329952.9886778040,4157677.9024445000,1.166701148766187
329953.0009311870,4157677.8894332899,1.224010053219524
329953.0135476490,4157677.8766123201,0.5531358433368283
329953.0263231290,4157677.8638858702,0.3159753548831782
329953.0390781560,4157677.8513232600,0.4070139282548224
329953.0518881920,4157677.8388887998,-0.3699560490111053
329953.0646674890,4157677.8263188498,-1.185421374490745
329953.0772625810,4157677.8133902801,-1.591556546425723
329953.0895888490,4157677.7999846698,-1.201627931769599
329953.1015204260,4157677.7864268599,0.2166288531900451
329953.1134955910,4157677.7729263501,0.3904371289366085
329953.1255777610,4157677.7594971098,-0.1847539247010055
329953.1375566600,4157677.7460931698,0.5736051086507958
329953.1496865130,4157677.7327989498,0.7544015590928808
329953.1620056480,4157677.7196602002,0.451275906696783
329953.1743674010,4157677.7066883799,0.8526256334610418
329953.1868036310,4157677.6940294900,1.130982283708173
329953.1994429580,4157677.6816691700,-0.09688774516875266
329953.2119420650,4157677.6694042198,-0.1676767426210762
329953.2244360470,4157677.6570719900,-0.952281782388872
329953.2367798710,4157677.6444726898,-0.6401349382081754
329953.2490499560,4157677.6316616400,-0.8428894570959873
329953.2612122090,4157677.6185756298,-0.3735262253631997
329953.2732966790,4157677.6053979802,-0.3207333912630962
329953.2854320630,4157677.5920106899,0.03698163435483728
329953.2976562960,4157677.5785435401,0.3139225413643686
329953.3100260520,4157677.5650718701,0.2793902331745451
329953.3224541280,4157677.5516746901,0.1289718484219363
329953.3350013780,4157677.5382130402,0.3344134226138221
329953.3476710940,4157677.5247868798,0.5376733512645868
329953.3604358280,4157677.5115258298,0.3238151941238035
329953.3732728930,4157677.4983477099,0.5731901398317211
329953.3863336720,4157677.4852206898,-0.1889763350086845
329953.3992778450,4157677.4721197402,0.2966718054343397
329953.4121172440,4157677.4592651199,-0.2854200423630892
329953.4247110780,4157677.4465258298,-1.066301594188495
329953.4369820890,4157677.4336310099,-0.2333915665696601
329953.4492864590,4157677.4205927099,0.3715503377513784
329953.4618177080,4157677.4074909398,-0.06244088721355554
329953.4744701500,4157677.3942322801,0.07097592342904488
329953.4871855820,4157677.3809423302,-0.3694692326946662
329953.4998024550,4157677.3675747602,0.717749785634347
329953.5125560840,4157677.3544140202,0.1362648895302128
329953.5252179200,4157677.3414128101,-0.05433460431333181
329953.5378311580,4157677.3284359602,0.7663565839865422
329953.5505248530,4157677.3157322998,0.1970242250662689
329953.5633229540,4157677.3030146798,-0.116373418275414
329953.5760730300,4157677.2902915101,0.3593006514560002
329953.5887566100,4157677.2777965399,-0.6072058270643211
329953.6012070930,4157677.2652641600,-0.8297949225178403
329953.6134209460,4157677.2526048799,-0.8083146452038547
329953.6254227700,4157677.2398065301,0.1285741504010311
329953.6374776500,4157677.2270096401,0.2212995334679875
329953.6494919400,4157677.2143544802,0.4584358805540231
329953.6614303750,4157677.2019775701,0.4228485822122593
329953.6734370070,4157677.1897095898,0.3345301234467728
329953.6855288040,4157677.1774957799,-0.1229671225330698
329953.6976486920,4157677.1652016202,-0.4768735787033966
329953.7097467880,4157677.1527250898,0.4279663305823222
329953.7218995320,4157677.1403770200,-0.4145763176910582
329953.7339860610,4157677.1279183198,0.9887138883770187
329953.7462298660,4157677.1157224900,-0.2439548697288194
329953.7584336950,4157677.1034634998,-0.3721650884071587
329953.7705966090,4157677.0910870200,0.5361501985364429
329953.7828539340,4157677.0788442302,0.3143277697683821
329953.7951404360,4157677.0667050299,0.5885745592642896
329953.8074704660,4157677.0547672999,-0.3360059846842223
329953.8198260650,4157677.0426654601,-0.5718038670141999
329953.8321011200,4157677.0304019302,-0.7588999878894274
329953.8440347850,4157677.0181636699,-0.4270454526096874
329953.8557688480,4157677.0059538698,-0.4048411687486201
329953.8675440880,4157676.9935309598,0.1658023708003714
329953.8794195140,4157676.9810735499,0.2438065000300343
329953.8914736450,4157676.9685350098,0.7757774397379171
329953.9037211820,4157676.9561349601,0.8252745539426712
329953.9161432280,4157676.9439148498,-0.2357423553682508
329953.9285728490,4157676.9315861701,0.2234740751279654
329953.9411469220,4157676.9192118002,-0.306894593152947
329953.9537106130,4157676.9067127202,-0.5044701076369846
329953.9660243970,4157676.8942424799,-0.7258431202221896
329953.9781387640,4157676.8816584800,-0.4213314759303998
329953.9901495820,4157676.8689969298,-0.3981150917436627
329954.0021252160,4157676.8561951001,0.0724379369360594
329954.0142346360,4157676.8432833198,0.2217142225560876
329954.0264792090,4157676.8303300501,0.6769448937407447
329954.0389191750,4157676.8174846699,0.2440668522926218
329954.0514788970,4157676.8046286702,0.1536374711112431
329954.0640645060,4157676.7918171100,-0.09142331687429849
329954.0766360160,4157676.7789777899,0.1926125900201852
329954.0892312880,4157676.7662028801,0.4938963752453349
329954.1019813570,4157676.7534984900,0.221476057185104
329954.1148240150,4157676.7408036301,-0.9598389693668989
329954.1274388140,4157676.7278942298,-0.2221703987788225
329954.1400512220,4157676.7148830998,-0.06848057774081599
329954.1527045200,4157676.7017972600,-0.513052063738782
329954.1652667450,4157676.6885601198,0.1676331622070285
329954.1778435860,4157676.6753884298,-0.2516317531948227
329954.1904094070,4157676.6621067100,0.1508847896269422
329954.2029862810,4157676.6488864799,0.2323464985203903
329954.2155416540,4157676.6358000599,0.6123397819546502
329954.2281846630,4157676.6229112502,0.8975701958048053
329954.2410424910,4157676.6102216099,0.6533914354137847
329954.2540193490,4157676.5977130602,-0.7876270274095976
329954.2667598580,4157676.5850793598,-0.06659747363348274
329954.2793114350,4157676.5726034301,-0.6754098143369401
329954.2915900480,4157676.5601050202,-0.7099989827645047
329954.3036178140,4157676.5475546001,0.2151182302523501
329954.3157000890,4157676.5350413402,0.1385430282969306
329954.3278421020,4157676.5225267801,0.5582657045665176
329954.3400601640,4157676.5101762498,1.293982360838935
329954.3524286460,4157676.4982207902,0.7722546433379792
329954.3648254340,4157676.4865509099,-0.7795859325507341
329954.3770551870,4157676.4747283501,-0.2571329963852566
329954.3891903680,4157676.4628942800,-0.796006732867926
329954.4011808660,4157676.4508812199,-0.7234909108132209
329954.4129634750,4157676.4387836400,-0.3287528432691278
329954.4246576500,4157676.4266428500,0.2419671669131421
329954.4363729890,4157676.4145788401,0.0492133971682452
329954.4481041100,4157676.4025185700,0.4959390313236672
329954.4599279760,4157676.3905640999,0.141624098469627
329954.4717875170,4157676.3786305501,0.3855905174411275
329954.4837485220,4157676.3667502101,0.09095693112996703
329954.4957485910,4157676.3548675999,-0.4948345167979291
329954.5077248680,4157676.3428080301,-0.3210766827311527
329954.5196212800,4157676.3306974899,-0.6563813253501849
329954.5312577670,4157676.3185859099,0.1908504011667548
329954.5428747880,4157676.3065717202,-0.6631111425668886
329954.5544518410,4157676.2943291399,0.4252532017432842
329954.5662850230,4157676.2819952401,-0.02314751768186971
329954.5782870080,4157676.2694754102,0.5742032083414349
329954.5904470090,4157676.2570413700,0.3506342337798322
329954.6026657990,4157676.2446985901,0.1466136721251149
329954.6149397340,4157676.2323631500,0.1099044989831249
329954.6272902040,4157676.2199982801,-0.1995425818557796
329954.6396643910,4157676.2075227201,0.5133948735082915
329954.6520480090,4157676.1952599902,0.3184560823177515
329954.6645761770,4157676.1829915000,-0.8054219556792485
329954.6770262860,4157676.1704487498,-0.6560447790922252
329954.6893510920,4157676.1577406400,-0.8858427644157355
329954.7015107080,4157676.1448023301,-1.083406050476213
329954.7134214860,4157676.1316299401,0.5968497418534002
329954.7254256810,4157676.1186333098,0.7913650150270102
329954.7376078280,4157676.1058089598,1.109176947986275
329954.7500779650,4157676.0931876199,1.609432416085842
329954.7629149340,4157676.0809167600,0.009177309120048487
329954.7759386700,4157676.0684714601,0.06407855174467485
329954.7890183390,4157676.0560016101,-1.084551634857503
329954.8018769130,4157676.0432517198,-1.46980830281191
329954.8144412300,4157676.0301108500,-1.256550156724483
329954.8267901870,4157676.0165876700,-0.7305294932334909
329954.8389606120,4157676.0028965198,-0.4496023256679346
329954.8510430770,4157675.9890765199,0.8196982110025582
329954.8633107450,4157675.9754632502,0.8698445445464471
329954.8757275870,4157675.9621173400,0.8294092507802172
329954.8884649370,4157675.9488372901,1.178011022350775
329954.9014700280,4157675.9358531702,-0.1544964118278294
329954.9143868060,4157675.9228839302,0.88530651212283
329954.9274029750,4157675.9102300298,0.1568100963294032
329954.9404170200,4157675.8976499499,-0.03661222385808696
329954.9534773810,4157675.8850083100,-0.4394316841833601
329954.9666024790,4157675.8720980398,-1.424094004730757
329954.9793454610,4157675.8588897800,-0.2221087315344054
329954.9920790050,4157675.8455829802,-0.03846318774007584
329955.0048295630,4157675.8322394700,0.09816765993569183
329955.0176334960,4157675.8188886698,0.1592407680627514
329955.0304354190,4157675.8056183099,0.2220208814577725
329955.0432972640,4157675.7923946301,-0.2567385082316183
329955.0561319450,4157675.7790730498,-0.07504815602428394
329955.0689387210,4157675.7657434600,-0.2134921010336812
329955.0817001650,4157675.7523556701,1.381524652124353
329955.0947962660,4157675.7393014501,0.5202337181985994
329955.1080010360,4157675.7263896000,-0.285472702132653
329955.1210847300,4157675.7134607802,-0.2716223507430963
329955.1340265350,4157675.7005441198,-0.8094563531351192
329955.1467241690,4157675.6874911501,-0.4262873192174643
329955.1593067470,4157675.6743540498,-0.3638643583464873
329955.1718012170,4157675.6611348898,-0.2415353881734142
329955.1841934190,4157675.6479082098,0.6063467299623193
329955.1966620210,4157675.6348889600,-0.1134062971337775
329955.2091128020,4157675.6218349799,0.03971121839705866
329955.2216490290,4157675.6087103100,-0.2205743061948881
329955.2340937660,4157675.5955767198,-0.09501853005006826
329955.2464016000,4157675.5825430099,0.4578419056555379
329955.2587201650,4157675.5697097699,0.1440023914024425
329955.2710394080,4157675.5569413700,0.8605706080118466
329955.2834743800,4157675.5444395700,0.3434195006299313
329955.2960241390,4157675.5319744898,0.2845742640543702
329955.3086754040,4157675.5195346600,0.5264349858307433
329955.3213598950,4157675.5072923400,0.5174986428003838
329955.3340123020,4157675.4953007698,-0.4594156869090982
329955.3465837460,4157675.4831932299,-0.824480329987599
329955.3590305060,4157675.4708549101,-1.050893148803171
329955.3712488750,4157675.4582884498,-0.4894097124717209
329955.3833276950,4157675.4456506800,-0.2716538700341772
329955.3952612580,4157675.4330460099,0.3110764933063832
329955.4071489270,4157675.4206242100,0.1661256954691136
329955.4190711160,4157675.4082373600,0.9781363278411024
329955.4313028100,4157675.3959511099,0.8837446132472044
329955.4438070330,4157675.3837714698,0.5131120082324481
329955.4564348330,4157675.3716901001,0.7637438962353983
329955.4691627490,4157675.3598335101,-0.1340829033837035
329955.4818272730,4157675.3479807600,-0.7327015071037931
329955.4943315110,4157675.3359763999,-1.692081462003141
329955.5064956790,4157675.3235922898,-1.553195360054781
329955.5182503090,4157675.3109633899,-0.4340695218088994
329955.5299051690,4157675.2982521602,0.4052648582251086
329955.5415662390,4157675.2857106398,-0.03939871613182783
329955.5532405800,4157675.2731378302,0.6897773981230617
329955.5650427280,4157675.2607250200,0.4066035010132564
329955.5769121850,4157675.2484141202,1.232444183089622
329955.5890259980,4157675.2363682301,0.9164005574439704
329955.6013853080,4157675.2244580500,-0.09186628633880484
329955.6137788740,4157675.2124770302,0.4284768414336066
329955.6262573110,4157675.2005909798,0.6842669871110806
329955.6388230630,4157675.1889006901,-0.3476481481565443
329955.6512587370,4157675.1771925599,-1.013825695841445
329955.6634220030,4157675.1653380999,-0.5324035734381586
329955.6755208830,4157675.1533307699,-1.488298479248583
329955.6873846190,4157675.1409418299,-0.3281275351907667
329955.6992459550,4157675.1284146002,0.8902836692781303
329955.7113047960,4157675.1160644600,0.3499637853427648
329955.7233762870,4157675.1038494799,0.9323821653897415
329955.7356183180,4157675.0918520102,0.9947228844905867
329955.7480875760,4157675.0800422402,-0.09573577818511912
329955.7605877190,4157675.0681640902,0.3786050353448169
329955.7732081690,4157675.0563277099,-0.9376596627517972
329955.7855861960,4157675.0443361299,-1.053815483702269
329955.7976464690,4157675.0322219101,-0.3871406852941542
329955.8096109410,4157675.0200438900,-0.5565695323289623
329955.8214573450,4157675.0077546402,0.1796508937719166
329955.8332822240,4157674.9955625799,-0.1944901099739351
329955.8449979710,4157674.9834031598,0.1231481807398119
329955.8566144680,4157674.9713965501,0.2154791491130048
329955.8681601530,4157674.9595483602,1.574269929285014
329955.8799183460,4157674.9480923000,0.2751076751800477
329955.8916280760,4157674.9367856602,0.3178935301468399
329955.9032970460,4157674.9256339902,0.2185617750733365
329955.9149706340,4157674.9145563198,-0.08210393932224382
329955.9266013660,4157674.9034901098,0.4558482864369269
329955.9382090160,4157674.8926058901,-0.05464718577754366
329955.9497591190,4157674.8817567802,0.005350158963777809
329955.9612087110,4157674.8710039002,-0.54746767704252
329955.9725465300,4157674.8601711602,-2.738315023891588
329955.9833917720,4157674.8488802402,-1.024562429586233
329955.9939826250,4157674.8374953498,-1.586927174393656
329956.0041775540,4157674.8259820398,-0.6603148965112152
329956.0141378490,4157674.8145022700,1.851613629452167
329956.0243014850,4157674.8034299002,2.107073327170937
329956.0347340110,4157674.7927608299,1.794498433574395
329956.0453814680,4157674.7824381501,0.9932750028231178
329956.0560535870,4157674.7723905300,-0.615000981819143
329956.0665762820,4157674.7623036201,-0.0104046526934763
329956.0770339390,4157674.7522760201,-0.5977919009615376
329956.0873739030,4157674.7421881901,-0.1868856731455669
329956.0976532790,4157674.7321052500,-0.7791651887361041
329956.1077727820,4157674.7219543899,0.03964580907997166
329956.1177669670,4157674.7119405498,0.8376299825056064
329956.1278104020,4157674.7021122999,-0.1457889278204607
329956.1378297150,4157674.6922674002,1.001548218733616
329956.1480574660,4157674.6824976201,1.282130393128597
329956.1586758080,4157674.6727204202,0.7693176015359222
329956.1695540320,4157674.6629264299,1.240593309055415
329956.1805942330,4157674.6533435802,-0.208758821357478
329956.1916208460,4157674.6437133201,-0.3188539543293638
329956.2025895070,4157674.6340430998,-1.253944494067476
329956.2134150780,4157674.6241397900,-1.623849504378308
329956.2240477050,4157674.6139361202,-0.8511098257084946
329956.2346094360,4157674.6035421798,-0.4649623312120271
329956.2451799980,4157674.5929946401,-0.08523123597890889
329956.2557878790,4157674.5823828201,0.5447402679850286
329956.2664791080,4157674.5718610198,1.357917264853053
329956.2773848740,4157674.5615568999,0.4430852210733507
329956.2883759250,4157674.5513097402,0.2950587439466825
329956.2994927460,4157674.5410374100,0.006256229302384361
329956.3107780520,4157674.5306113898,-1.116011628584366
329956.3220129310,4157674.5198669299,-0.748514798882004
329956.3332135830,4157674.5089017898,-0.1095165484508087
329956.3443842970,4157674.4979283600,0.0997927846196222
329956.3555382400,4157674.4870055499,0.3302025559759491
329956.3667626250,4157674.4761266098,0.2858606736238822
329956.3780918550,4157674.4652440501,-0.0933156331996642
329956.3894529160,4157674.4542987798,0.03792853833022194
329956.4008720900,4157674.4433107199,-0.3442132702839463
329956.4122019920,4157674.4322890602,-0.1092652793961657
329956.4235996320,4157674.4211629801,0.4605192909416325
329956.4352327630,4157674.4099735799,0.03083640468922807
329956.4470512920,4157674.3986172602,0.01343484430410974
329956.4589660290,4157674.3871735600,-0.05393762472343676
329956.4708643210,4157674.3757252600,0.4211289771663629
329956.4828317760,4157674.3643695400,-0.3020556381323645
329956.4947436730,4157674.3529531900,-0.03670855006370035
329956.5067080060,4157674.3414726402,0.06372937310505689
329956.5187686340,4157674.3299242300,-0.3969852849668223
329956.5308049990,4157674.3182447902,0.09224266729450518
329956.5429550090,4157674.3064916600,-0.848539410409352
329956.5550235070,4157674.2944762600,-0.3560976098158824
329956.5670339730,4157674.2823726302,0.6512978644684614
329956.5791346950,4157674.2704454502,0.1204769913368225
329956.5913318610,4157674.2584724799,-0.05657701707213331
329956.6035216090,4157674.2464836198,0.4305777210556189
329956.6158127490,4157674.2345718700,-0.01801301862876667
329956.6280883310,4157674.2226678599,0.2385718885855629
329956.6404255020,4157674.2108014501,-0.02116265986509698
329956.6528424660,4157674.1988495998,-0.09706118603654104
329956.6653273930,4157674.1867918898,0.08275991062907501
329956.6778201710,4157674.1747612199,-4.826709354959072e-05
329956.6902516410,4157674.1627895702,0.9165046619827824
329956.7028082460,4157674.1510736002,-0.5046005407071599
329956.7152665990,4157674.1392456698,-0.7622910166830589
329956.7275611210,4157674.1272633900,-1.112545665878377
329956.7396067930,4157674.1150668100,-0.5882467644408256
329956.7515251050,4157674.1027533100,-0.1544854527780721
329956.7633186880,4157674.0905042002,-0.1468751972879215
329956.7750092010,4157674.0783014800,0.2634909490450457
329956.7867039760,4157674.0662023900,0.5372752900284803
329956.7984687410,4157674.0542487102,0.05776389003279606
329956.8102845380,4157674.0422664601,0.1624575010062935
329956.8221555460,4157674.0302939299,-0.0192388164819658
329956.8340427280,4157674.0182973002,0.1467028380769369
329956.8459622810,4157674.0063274698,-0.1058907163317864
329956.8578389180,4157673.9943580301,0.2713797761612805
329956.8697742890,4157673.9824390002,-0.5356441192938959
329956.8816699770,4157673.9703423399,1.539543960261254
329956.8937916480,4157673.9586412599,0.9661478870532741
329956.9061138820,4157673.9471282698,-0.1304596112576598
329956.9184150720,4157673.9355841400,-0.5857357671055795
329956.9306486420,4157673.9238735400,-1.192381538290965
329956.9426383950,4157673.9119232502,-1.13105067128957
329956.9543188960,4157673.8998282002,-0.1517300155850327
329956.9659524200,4157673.8877201700,-0.3715839715676187
329956.9775616100,4157673.8754852400,0.1491453280777069
329956.9892236840,4157673.8632563902,0.6256097595663901
329957.0009832280,4157673.8511831602,0.5059276085945799
329957.0128277720,4157673.8392281700,0.489862723687931
329957.0247490000,4157673.8273923700,0.2886165254568011
329957.0367381710,4157673.8156040399,0.4970017114206156
329957.0488734660,4157673.8038702500,0.3396276955165924
329957.0611908350,4157673.7920969301,0.9563068734045299
329957.0736370670,4157673.7805817001,-0.6481906735871872
329957.0859231030,4157673.7689618198,-0.7770572027112159
329957.0980246540,4157673.7572117401,-0.9524958228833525
329957.1100433490,4157673.7451592302,-0.9857095980488472
329957.1220544840,4157673.7326996601,-0.505915376535876
329957.1340186170,4157673.7200687900,-0.1900019034172926
329957.1459698090,4157673.7073676498,0.2257572000661491
329957.1579097900,4157673.6947778598,0.8573280035573433
329957.1700057030,4157673.6823973502,0.4454148390210285
329957.1821820270,4157673.6701251399,0.704876923174279
329957.1945104760,4157673.6579988301,0.7083621906115314
329957.2070336300,4157673.6459797998,-0.8556459344712399
329957.2194205540,4157673.6337322998,0.1363649798864119
329957.2317686540,4157673.6215809002,-0.2744496381227565
329957.2439850820,4157673.6094445498,-0.7478882084595951
329957.2560744790,4157673.5971206101,-0.2856495649852823
329957.2681628260,4157673.5846752599,-0.2152946259497197
329957.2803079200,4157673.5720772701,-0.1960616311377849
329957.2924831200,4157673.5593607598,0.2510020643440904
329957.3047316210,4157673.5466804202,0.4861264327001884
329957.3171163360,4157673.5340772802,-0.3543927597719572
329957.3293454230,4157673.5214761202,0.07788750599088114
329957.3415443130,4157673.5089403600,0.3384087282570705
329957.3538191620,4157673.4964750400,-0.00730542291971624
329957.3660447570,4157673.4840565701,-0.2944764060490437
329957.3780825410,4157673.4717033501,-0.3804449650403152
329957.3899699720,4157673.4593436499,0.02935956898699428
329957.4018228660,4157673.4470322500,0.5703197676131641
329957.4138237410,4157673.4348081602,0.01561277992471923
329957.4259459660,4157673.4224671000,-0.1042200587224559
329957.4380708880,4157673.4100786499,0.7827163911425639
329957.4502690110,4157673.3979478399,0.1427041406567539
329957.4623660980,4157673.3859761199,-0.08595625091195469
329957.4742636660,4157673.3741676100,-0.4445236822520447
329957.4860087540,4157673.3623358901,-0.6087772896432935
329957.4976041800,4157673.3504156698,-0.4663077533245016
329957.5090849080,4157673.3384289499,0.3164036054671312
329957.5205483980,4157673.3265849398,1.036011357187193
329957.5321499580,4157673.3149997699,0.5572112794572998
329957.5437187430,4157673.3036552900,-0.2022141852204587
329957.5551908550,4157673.2923318301,0.3275739504067939
329957.5667094360,4157673.2810818902,-0.143233232591515
329957.5781652090,4157673.2698416398,-0.6240111570284554
329957.5894200140,4157673.2585760201,-0.3837984347906801
329957.6004612750,4157673.2473891098,-0.4707040693405456
329957.6113373510,4157673.2362058801,-0.6491204023768896
329957.6220667230,4157673.2249479699,-0.8329042496029768
329957.6326407530,4157673.2135614301,-0.4476432695152373
329957.6430913650,4157673.2021499500,-0.1557072624191277
329957.6533290120,4157673.1909172800,1.087575043402699
329957.6636726980,4157673.1799370302,0.7719600082728549
329957.6741252890,4157673.1690966901,0.8940369130521516
329957.6847154200,4157673.1584054800,0.8190787031450715
329957.6954392160,4157673.1478429898,0.5329903627195041
329957.7062423840,4157673.1373716998,-0.1576583171132671
329957.7170425480,4157673.1268534702,-0.5067350415760222
329957.7277942890,4157673.1162209101,0.2924934013680626
329957.7385036780,4157673.1057231301,-0.4090707055964382
329957.7491030740,4157673.0952051701,-0.4074124178110388
329957.7595962140,4157673.0846654400,0.4258293860865455
329957.7701190970,4157673.0742286402,-0.6463885690560431
329957.7805418670,4157673.0636911499,-0.1595165555236461
329957.7909600020,4157673.0531083699,-0.3883069471897685
329957.8013485770,4157673.0424329899,-0.4384641061789989
329957.8116467260,4157673.0317114498,-0.2828491364281995
329957.8219144420,4157673.0209311601,-0.6242239896407881
329957.8321293570,4157673.0100042801,1.195567708434389
329957.8425954410,4157672.9992036298,0.5518650471320746
329957.8532070680,4157672.9884335902,-0.1027780986774977
329957.8638469540,4157672.9776011799,0.1770882325672863
329957.8745098270,4157672.9668035801,0.07079504410120149
329957.8852210910,4157672.9559803000,-0.4977831462511164
329957.8958700330,4157672.9450554401,-0.1569372774744688
329957.9064446070,4157672.9341548998,-0.1281896993453127
329957.9170148690,4157672.9232162400,0.04775777999329824
329957.9276469410,4157672.9122296399,-0.1649392891034777
329957.9383039470,4157672.9011614202,0.9078675184420494
329957.9490496330,4157672.8903073501,-0.4624419993521543
329957.9597459850,4157672.8793491800,-0.3862029232477129
329957.9704215240,4157672.8682818701,-0.3371939701302338
329957.9811116870,4157672.8570833802,0.1930189707162322
329957.9919339360,4157672.8458144502,0.09526957700951008
329958.0028006630,4157672.8345329100,0.536711320073418
329958.0137813440,4157672.8233233900,0.3860745605070409
329958.0249613070,4157672.8120487100,0.5823746404443572
329958.0362865840,4157672.8008371498,0.4473923252778559
329958.0476890000,4157672.7897090502,-0.442190273527038
329958.0590263410,4157672.7784873298,-0.7747609456711965
329958.0702105910,4157672.7671402600,-0.852059020569228
329958.0812457900,4157672.7556360499,-1.190710254671129
329958.0921163210,4157672.7438630001,-0.1054103515217307
329958.1030109130,4157672.7320237500,0.5929445281990319
329958.1140093470,4157672.7202980602,-0.1430057857039386
329958.1249795510,4157672.7085484499,1.01657180357913
329958.1361827780,4157672.6969363401,0.5770178125494467
329958.1476278410,4157672.6852937802,0.6941124759003329
329958.1592162270,4157672.6737697399,-0.387267092804219
329958.1707395220,4157672.6621643999,-0.6295786822921317
329958.1820762700,4157672.6505100401,-0.938310681621971
329958.1932446130,4157672.6386725702,-0.6816061048611403
329958.2042585700,4157672.6267364798,-0.08445539357556862
329958.2152218340,4157672.6148226298,0.6823486526858463
329958.2261925480,4157672.6031604600,0.1196343294777918
329958.2371468990,4157672.5915602101,0.4388644133724985
329958.2481274870,4157672.5800936902,0.3124296982349705
329958.2590500470,4157672.5687998598,-0.5068488367106889
329958.2698962310,4157672.5574046802,0.03320090198989824
329958.2807608320,4157672.5460020900,0.1354578134948904
329958.2916668950,4157672.5346048102,0.03988658778874882
329958.3025272300,4157672.5232695700,0.1252446547694775
329958.3133667640,4157672.5120003899,0.3660774440123835
329958.3242893650,4157672.5007742899,-0.1555286145590639
329958.3351736000,4157672.4895329899,0.03640665324970898
329958.3461004840,4157672.4782605199,0.5328242886805762
329958.3570389380,4157672.4671626901,-0.3255006262433237
329958.3678646400,4157672.4560675402,0.4704865463055098
329958.3787427600,4157672.4450799301,-0.0915793729961019
329958.3896235570,4157672.4340584199,-0.4804166526533373
329958.4005199620,4157672.4228548300,-1.01848279441171
329958.4112471760,4157672.4114678800,0.1591737997318821
329958.4219748140,4157672.4001370701,-0.5130845365357715
329958.4326288350,4157672.3887018701,-0.3783513881053964
329958.4431223390,4157672.3773051598,-0.3940235388395818
329958.4534122350,4157672.3659926602,-0.1887035827134565
329958.4637289420,4157672.3545845300,-0.276178392837567
329958.4740047090,4157672.3431241498,0.2002344444338849
329958.4843299450,4157672.3316798098,0.8430433536335969
329958.4947716690,4157672.3204040201,0.3617821359610179
329958.5052867130,4157672.3091750001,0.8872775584254666
329958.5159714980,4157672.2980726599,0.7927220458439586
329958.5267642200,4157672.2871285798,0.4959319406834121
329958.5376112640,4157672.2762956200,0.5718703244951495
329958.5484446020,4157672.2656634902,-0.4473286827697154
329958.5592990780,4157672.2548643099,-1.399759608183752
329958.5699865070,4157672.2437640098,-0.2467329972602102
329958.5806509770,4157672.2326028598,-0.709424282393747
329958.5912450910,4157672.2212687898,-0.7003483472172244
329958.6017542390,4157672.2097773799,0.008830497707263761
329958.6122475430,4157672.1983064599,-0.1553799735049637
329958.6225773050,4157672.1869597598,-0.9154915268744775
329958.6326889090,4157672.1755352500,0.08593422315429629
329958.6427086370,4157672.1642442499,0.1771504277282941
329958.6527722070,4157672.1529647899,0.7900537258108526
329958.6629235840,4157672.1418562499,0.5313047592804166
329958.6730572950,4157672.1309426399,0.9042073575397545
329958.6832755220,4157672.1202301201,0.6659727920158705
329958.6936587120,4157672.1095579602,0.6264311318209528
329958.7042098160,4157672.0989143299,0.09288564196392333
329958.7147262010,4157672.0883351499,-0.4432692843461346
329958.7251383980,4157672.0777215599,-1.248690582713443
329958.7353233280,4157672.0669471398,-0.6374748074340549
329958.7454832630,4157672.0559928101,-0.03570383333780042
329958.7556616070,4157672.0450068698,0.3676670869533349
329958.7658972560,4157672.0340803601,-0.1436895604144502
329958.7761091010,4157672.0231321501,-0.01931427040629322
329958.7863567600,4157672.0121391602,0.1531657903657279
329958.7967051370,4157672.0010894202,-0.9447478542957939
329958.8069293840,4157671.9898538301,0.1797175380674262
329958.8171185070,4157671.9787178701,-0.1334717992561031
329958.8271962260,4157671.9676592099,0.476357945891039
329958.8373717370,4157671.9566520001,0.2021037282372065
329958.8475835220,4157671.9456724799,0.000346095287930903
329958.8578224040,4157671.9346639402,-0.3239759858057933
329958.8680167490,4157671.9235956199,0.1397233023362073
329958.8781758640,4157671.9126118501,0.2234356982932624
329958.8884022410,4157671.9016293501,0.01765714295739092
329958.8986559250,4157671.8906233800,1.108597113939895
329958.9090552480,4157671.8798271501,0.5346289465852992
329958.9193399980,4157671.8693181099,-0.3545515576218726
329958.9293456680,4157671.8589882199,-0.0473185615601
329958.9393312500,4157671.8486650302,-1.525900335427353
329958.9490929280,4157671.8381202798,-1.532695502841698
329958.9585998730,4157671.8273863601,0.2412903686325899
329958.9679836470,4157671.8168644598,-0.5714043313553809
329958.9771931050,4157671.8063698402,1.430208352824425
329958.9865101720,4157671.7961686500,0.06573741574949615
329958.9958210920,4157671.7859927500,0.09674086147898472
329959.0050115330,4157671.7759751999,0.6329148990003165
329959.0141334230,4157671.7662011199,-0.06029335054988517
329959.0232048280,4157671.7564654499,0.3140104457110035
329959.0323478960,4157671.7467348501,0.5916639861181282
329959.0415796290,4157671.7370642298,0.2020626953963831
329959.0508517780,4157671.7274036999,-0.1726311483365356
329959.0600835970,4157671.7177406200,-0.305511498994798
329959.0692593970,4157671.7080573998,-0.848987040683412
329959.0783100410,4157671.6982871499,-1.270255802613191
329959.0871884660,4157671.6883716001,0.3395672492630103
329959.0960685330,4157671.6785437400,0.05738991542956993
329959.1049806680,4157671.6686954699,1.377905768274617
329959.1140708600,4157671.6590126599,1.443168609235684
329959.1233714470,4157671.6494792202,1.169219416770252
329959.1328149910,4157671.6400960400,-0.1980255696271693
329959.1422297290,4157671.6306920401,0.1901696776695801
329959.1516603000,4157671.6213197601,-1.202548940856794
329959.1609490270,4157671.6117882999,-1.901810842401198
329959.1699928890,4157671.6020255298,-0.4358713576808333
329959.1790372580,4157671.5921475301,0.04365290444468298
329959.1881362700,4157671.5822215402,0.7158656933822264
329959.1973290380,4157671.5723853102,1.043885616434539
329959.2066270270,4157671.5627121800,0.9529778354364438
329959.2160203660,4157671.5531863300,0.09682393832909815
329959.2254690150,4157671.5436292398,-0.0182520836043704
329959.2349202020,4157671.5340648899,0.01429525279306892
329959.2443910710,4157671.5244843098,-1.461701340561691
329959.2536698550,4157671.5147208199,-0.6351376279465346
329959.2627850020,4157671.5049644299,-1.46550384890091
329959.2716940910,4157671.4950467902,-1.596416688410423
329959.2803494560,4157671.4849900501,-1.153295775613844
329959.2888564350,4157671.4747941098,-1.138075000055041
329959.2972315900,4157671.4644416198,0.5031702402506207
329959.3057256070,4157671.4540853100,1.449727253651929
329959.3144507660,4157671.4438594999,1.842320529570149
329959.3234630550,4157671.4338131100,1.917321233068081
329959.3327302700,4157671.4240053399,1.405532756457063
329959.3421753010,4157671.4143816000,0.5720728324061942
329959.3517777240,4157671.4047479401,0.7879881762598419
329959.3615604090,4157671.3951424100,-0.1423326046716584
329959.3713990000,4157671.3854440600,0.369004253119541
329959.3813171590,4157671.3757666200,-0.9237319901943166
329959.3911671020,4157671.3659057599,-1.869572481477312
329959.4008208260,4157671.3557222500,-1.403882332984697
329959.4102450190,4157671.3453808399,-0.7133955684992273
329959.4195767600,4157671.3349331701,-0.08423569452369438
329959.4289101360,4157671.3244587998,0.8663546536460421
329959.4383903580,4157671.3140767599,0.6336367925888109
329959.4480164330,4157671.3037222899,0.369224618742598
329959.4577366000,4157671.2933756700,-0.6523043440381524
329959.4674242730,4157671.2828697199,-1.059675504062753
329959.4770032840,4157671.2721597599,-1.045093234257499
329959.4864024490,4157671.2613281598,-0.9025544643282445
329959.4956909960,4157671.2503394098,0.3886321409054789
329959.5049450140,4157671.2395142401,1.285945429917901
329959.5142989730,4157671.2289674501,1.14491906793356
329959.5238115750,4157671.2185841301,0.2962580208280134
329959.5333285100,4157671.2082825201,1.417618956652368
329959.5430122240,4157671.1982090101,1.142022334733136
329959.5527925060,4157671.1883537299,0.719625196735846
329959.5626520070,4157671.1786150099,0.5938459093180226
329959.5725506320,4157671.1689969702,-0.9687256285554998
329959.5823132420,4157671.1592540601,-1.532238478801609
329959.5918282440,4157671.1493490599,-1.973824763035704
329959.6009989200,4157671.1392714502,-1.748594484584344
329959.6098877030,4157671.1290245098,-0.7236766554376414
329959.6186297930,4157671.1187450499,0.1053387745342627
329959.6273316320,4157671.1085422500,1.153553565709132
329959.6361151310,4157671.0985593302,1.467955193618288
329959.6450442210,4157671.0888007502,1.70461722856063
329959.6541569020,4157671.0792808500,0.7849432128197019
329959.6633507770,4157671.0698727299,-0.5179928899624647
329959.6724437310,4157671.0604404099,-0.2425721387017657
329959.6814409370,4157671.0510480702,0.1991735825339864
329959.6904074450,4157671.0417360398,-0.3740849671413657
329959.6992848360,4157671.0324271000,-0.8225447609990715
329959.7080984540,4157671.0229866300,-0.0349463815830419
329959.7169629510,4157671.0134830400,-0.2851044582730271
329959.7258986160,4157671.0038312702,0.4101406185293016
329959.7349701220,4157670.9941386799,-0.5170970822384587
329959.7439762120,4157670.9843825898,-0.2696727617353736
329959.7529388420,4157670.9746035901,-0.03752151126364681
329959.7618954880,4157670.9648213498,0.1677737472376442
329959.7708614030,4157670.9550725999,-0.3373078215005749
329959.7797723610,4157670.9452963602,0.3852944734199062
329959.7887510540,4157670.9355461900,1.273593629679946
329959.7978605830,4157670.9259824902,-0.1961327712486882
329959.8068992070,4157670.9164439999,1.045644316268981
329959.8160448360,4157670.9070541002,-0.3239644854047718
329959.8251825110,4157670.8975921702,0.2040795129032224
329959.8343024100,4157670.8881991198,-0.5954867374486903
329959.8433244130,4157670.8787609702,-0.8757533184333417
329959.8522088860,4157670.8692517001,-1.01362454178487
329959.8609264850,4157670.8596713501,-0.02493492014461133
329959.8696303850,4157670.8500998500,1.081347328843518
329959.8784701560,4157670.8406480700,0.2979331752455796
329959.8873981570,4157670.8311756402,0.4157913434184181
329959.8963761350,4157670.8217528798,0.8115407824727856
329959.9054705460,4157670.8124077702,-0.1793197113511598
329959.9144925390,4157670.8030937202,-0.7138298045799036
329959.9234096360,4157670.7937159799,2.135347292604894
329959.9325271910,4157670.7846416798,-0.8027551921429206
329959.9416270510,4157670.7753951801,0.6755892406964532
329959.9508837500,4157670.7661534301,0.313589485266368
329959.9602295370,4157670.7568991799,-0.4225244787115882
329959.9695920080,4157670.7475244100,-0.3635495283723785
329959.9789437080,4157670.7380696102,-1.549794325076382
329959.9881434000,4157670.7283758698,-1.298322653582472
329959.9972086160,4157670.7184850001,-0.7656137642909895
329960.0062950230,4157670.7083627898,0.120932924073482
329960.0154227960,4157670.6982281301,-0.1832221604537622
329960.0246028120,4157670.6879838798,1.603177955681649
329960.0339730900,4157670.6779794400,1.025416127614617
329960.0435168850,4157670.6680730698,1.66169375490725
329960.0533041670,4157670.6583684701,1.012236990687629
329960.0631960540,4157670.6488297302,-0.8625046363801534
329960.0729656550,4157670.6391829499,-0.4569449136893983
329960.0826236640,4157670.6295262598,-0.6047133842603377
329960.0921955660,4157670.6197963101,-1.530949910164682
329960.1015512110,4157670.6098802402,-0.8195720596230556
329960.1107926780,4157670.5998633299,-0.3696845681634389
329960.1199423810,4157670.5898453002,0.1849004147632616
329960.1290553520,4157670.5799174500,0.7029389420204452
329960.1382480390,4157670.5700911102,0.6764429323325429
329960.1475258530,4157670.5603529401,0.4508686828398666
329960.1568892550,4157670.5506436899,0.2110514861688235
329960.1662943870,4157670.5409466098,0.2418672818212703
329960.1757083820,4157670.5313035599,0.5368727956493603
329960.1851898260,4157670.5217309501,-1.05417005029295
329960.1945641390,4157670.5119932601,-1.250778889704896
329960.2037848520,4157670.5020849700,-1.509693598029548
329960.2127787390,4157670.4920160002,-0.4662978367680742
329960.2217079550,4157670.4818918700,1.117922133203279
329960.2307222330,4157670.4719759100,1.528313357254336
329960.2398991710,4157670.4622864900,2.774917986493697
329960.2493701550,4157670.4529987099,0.6136413567791024
329960.2589412770,4157670.4437645501,0.94689250043546
329960.2686118550,4157670.4346665801,-1.06060729327622
329960.2781257960,4157670.4254603800,-2.192230541856955
329960.2873605410,4157670.4159904402,-2.473914626932033
329960.2963028280,4157670.4061981500,-1.917716042706731
329960.3050193060,4157670.3961507799,-1.253489246528048
329960.3135992240,4157670.3859204701,1.113038717154931
329960.3223398630,4157670.3758078101,1.128394885598065
329960.3312831830,4157670.3657715898,1.238039689631189
329960.3404046330,4157670.3558724201,1.833485697356118
329960.3498907180,4157670.3460773402,1.272834238960621
329960.3595021650,4157670.3364907200,0.2329315480078355
329960.3691507800,4157670.3269277201,-0.2519844292526793
329960.3787558750,4157670.3173424900,-0.5475762490548393
329960.3882437610,4157670.3077328098,-1.337318923901937
329960.3975640200,4157670.2979453802,-1.549207019715304
329960.4066834620,4157670.2879580902,0.1292033404710084
329960.4157737860,4157670.2780374698,-0.582748722001514
329960.4247146650,4157670.2681256300,0.7002617246283603
329960.4337976350,4157670.2582440898,0.6699075013269238
329960.4429282490,4157670.2484878600,0.3950787855328027
329960.4521516200,4157670.2387364502,0.4129604236821588
329960.4614571510,4157670.2290069400,0.5235562655079858
329960.4708347460,4157670.2193394601,0.06670162563416943
329960.4802433040,4157670.2096575000,-1.232547772868753
329960.4895714820,4157670.1997315800,-1.509428345796498
329960.4987516700,4157670.1895502498,0.1754650850625034
329960.5078410360,4157670.1795179700,-1.129360798039876
329960.5166963050,4157670.1694399701,0.05584862695002579
329960.5254621160,4157670.1594787599,1.570043489943641
329960.5343176430,4157670.1498260298,1.29418281078179
329960.5432650720,4157670.1403978099,1.045266155832404
329960.5523341730,4157670.1310976800,0.6786079517018359
329960.5615011900,4157670.1218615901,0.270946085300683
329960.5707628360,4157670.1125959498,-1.704516245736426
329960.5798632130,4157670.1030745301,0.004871854382786814
329960.5889297330,4157670.0935897501,-1.480496697582031
329960.5978670300,4157670.0838677199,-0.7278610372975889
329960.6067018090,4157670.0740699298,0.9458699435085102
329960.6156414560,4157670.0644009900,0.3945271485608587
329960.6246065390,4157670.0548049002,1.049130254957533
329960.6337657250,4157670.0452688001,-0.375800670795834
329960.6429388200,4157670.0356224100,-0.4615348418317728
329960.6520840530,4157670.0258860202,-0.2384271747719119
329960.6612149330,4157670.0161025999,-0.4094743099311297
329960.6703084630,4157670.0062514301,-0.2856393302766782
329960.6793838200,4157669.9963440099,1.11812825652334
329960.6885675170,4157669.9866152299,0.07391760935410933
329960.6977532150,4157669.9769035801,0.5256727560845962
329960.7069926880,4157669.9672714602,-0.2621495375538999
329960.7161819060,4157669.9576244499,-0.3463817031982171
329960.7252573950,4157669.9480086998,-1.100983513390345
329960.7340968310,4157669.9383671298,-0.7319656477397459
329960.7428191810,4157669.9286687300,0.6815748024293283
329960.7515982870,4157669.9190797801,0.2109386900790452
329960.7604733100,4157669.9094394902,1.762458282906852
329960.7694968140,4157669.9000794701,1.054967646614173
329960.7785884170,4157669.8909032601,0.1479980219906952
329960.7876720840,4157669.8817699999,0.2119161473998306
329960.7968323310,4157669.8726100302,-1.319893836762675
329960.8060438550,4157669.8630744498,-1.547084889755921
329960.8150285900,4157669.8533841702,-0.9942694854251645
329960.8237926600,4157669.8436805401,-1.498801455430093
329960.8323864700,4157669.8337816698,-0.0493747939637053
329960.8410488970,4157669.8237906499,0.05469362444307879
329960.8495840030,4157669.8139607399,-0.07116914936443777
329960.8580719060,4157669.8041669200,0.2832974750684702
329960.8666146220,4157669.7943827501,1.731894109788802
329960.8754381020,4157669.7847259701,1.605179620617581
329960.8844843230,4157669.7752340399,0.7766593483984418
329960.8935921940,4157669.7658698801,0.5281908318207992
329960.9027553970,4157669.7565779099,-0.5928571981432234
329960.9118094590,4157669.7472537002,-1.093717971126166
329960.9208646940,4157669.7376570101,0.166888751626952
329960.9298070140,4157669.7282213899,-0.5449737847402349
329960.9386217190,4157669.7187879100,-0.4736326365726238
329960.9473526070,4157669.7093290100,0.8968441098650107
329960.9561958970,4157669.6999675701,0.4303308671071924
329960.9651049930,4157669.6906406400,0.3824603684431139
329960.9740295040,4157669.6813892201,-0.2421376349420958
329960.9829360590,4157669.6720986799,-0.5491120912519531
329960.9917896280,4157669.6627316899,-0.7856904540271299
329961.0006599030,4157669.6531533301,-0.7256474322226922
329961.0094055720,4157669.6435285602,-0.5830411051684271
329961.0181102280,4157669.6338014798,-0.7452520966873077
329961.0267974580,4157669.6239008601,0.2960480088822268
329961.0356632340,4157669.6138765099,0.4678886558615985
329961.0446459260,4157669.6038476001,0.3833340876733666
329961.0536370410,4157669.5939126899,0.3936018059839828
329961.0625552170,4157669.5841615200,0.6185859116128093
329961.0714846750,4157669.5745562599,-0.2239768835389577
329961.0805031150,4157669.5647975798,1.224281105400211
329961.0896221870,4157669.5552455601,0.7561515179049033
329961.0988645550,4157669.5457562399,-0.1447389893672957
329961.1080637250,4157669.5362750199,-0.1026149277476293
329961.1172275750,4157669.5268045799,-0.8348772298491752
329961.1263005710,4157669.5172190499,-1.355687370736291
329961.1352424940,4157669.5074260100,-0.7764428901913751
329961.1441379400,4157669.4974794700,-0.6094147140194917
329961.1529598870,4157669.4874521201,0.3348914091980706
329961.1619682510,4157669.4773054901,0.9463957307014079
329961.1710741260,4157669.4673100901,1.115823780419315
329961.1803750950,4157669.4574056598,0.5990973438889198
329961.1898050680,4157669.4475266701,-0.06288746281142078
329961.1992709530,4157669.4375929502,-0.4975612233446615
329961.2087158330,4157669.4275444499,-0.4748930834443123
329961.2181178080,4157669.4174092398,-0.2447128226478418
329961.2275175250,4157669.4072073400,0.1188173993553765
329961.2369508940,4157669.3970027501,-0.3956986365866179
329961.2465187260,4157669.3865366601,0.122898727967311
329961.2560133370,4157669.3761867699,-0.0211908616293733
329961.2655123410,4157669.3658258999,0.1131851562473089
329961.2750111940,4157669.3554981998,0.1920564202765051
329961.2844847200,4157669.3452534298,-0.3020152305427911
329961.2939608210,4157669.3349186298,-0.03767410835256129
329961.3034855880,4157669.3245196999,0.140633833777297
329961.3130808360,4157669.3140855501,0.8436750846942981
329961.3228319530,4157669.3037335700,0.3147753270226655
329961.3327204680,4157669.2933298699,-0.2616877125096778
329961.3426800720,4157669.2827718002,0.01704128902073795
329961.3526172840,4157669.2722426802,-0.5608939829170749
329961.3624982690,4157669.2616010699,-0.312041820652745
329961.3723091090,4157669.2509386200,-0.1686951127322412
329961.3820229430,4157669.2403298598,0.1594571764578859
329961.3917217230,4157669.2297860999,-0.1822642621253274
329961.4013597370,4157669.2192534301,0.9227071557620238
329961.4111099070,4157669.2088756901,0.2428478329570615
329961.4208971380,4157669.1985304300,-0.104543632042763
329961.4307620640,4157669.1880717501,0.09489175635641854
329961.4405827170,4157669.1776883402,-0.2349484876703386
329961.4503362600,4157669.1673063901,-0.7854956664659424
329961.4599367520,4157669.1568558901,-0.458776879479409
329961.4694362740,4157669.1463794401,-0.09853923968137818
329961.4788581000,4157669.1359596299,0.478034511447346
329961.4883497190,4157669.1256032898,0.4035844383543097
329961.4979333040,4157669.1152650998,1.423085682657938
329961.5077940220,4157669.1050484502,0.5055848311513532
329961.5177829900,4157669.0948469201,0.2882226495823845
329961.5277157980,4157669.0847855001,-0.7892140199656059
329961.5374982830,4157669.0746530900,-1.937266947583461
329961.5470173440,4157669.0642388398,-1.964441079598573
329961.5563024120,4157669.0534954201,-1.281872068104007
329961.5654600060,4157669.0424996298,-0.06452738662574241
329961.5745696460,4157669.0315409000,0.1444658984129779
329961.5836909510,4157669.0206139502,1.321535539675097
329961.5930764190,4157669.0097923400,2.240819111264209
329961.6028055040,4157668.9992763400,0.629361621707612
329961.6125493340,4157668.9889323101,1.122858120126218
329961.6224003830,4157668.9788023401,0.3247761433057784
329961.6322287070,4157668.9687877800,-0.6937541458030372
329961.6419503310,4157668.9586872002,-0.7105750872592562
329961.6515835140,4157668.9484767299,-1.722116027567653
329961.6609836260,4157668.9380175099,-1.100571287267715
329961.6702248160,4157668.9274093099,-0.5055890891870304
329961.6794359640,4157668.9166820999,-0.3757648716288879
329961.6886983440,4157668.9057778502,0.5118855672515926
329961.6979395210,4157668.8950578100,1.189103584465519
329961.7073268760,4157668.8845311101,1.333042788591799
329961.7168737110,4157668.8742217300,1.131998091061515
329961.7265253400,4157668.8641251801,0.265169124103902
329961.7364112110,4157668.8538607499,-0.3644242465058763
329961.7462773380,4157668.8435095800,0.05063313427944666
329961.7561757510,4157668.8331396002,-0.1546131204197049
329961.7659810310,4157668.8228216600,-1.089037707608426
329961.7756785970,4157668.8122940902,-0.1015101089064984
329961.7853066730,4157668.8018115200,-1.073011888865391
329961.7947213640,4157668.7912426102,-0.4019112561641642
329961.8039749430,4157668.7807354699,-0.01614632942764754
329961.8131430200,4157668.7703206898,-0.3072316510221379
329961.8222884820,4157668.7598417602,-0.4424948861520022
329961.8314753920,4157668.7491828599,0.05884284902315234
329961.8407815970,4157668.7384037198,0.8815531959239838
329961.8502549360,4157668.7277059602,0.3764289522024652
329961.8598575440,4157668.7169794701,1.457208401526587
329961.8696820710,4157668.7064578198,0.8693459397664131
329961.8796763020,4157668.6960199201,0.6041686627279024
329961.8897764170,4157668.6856542798,-0.05237810895076222
329961.8998982700,4157668.6752505400,-0.03964762105328343
329961.9099840620,4157668.6648719399,-1.348434200387783
329961.9198475990,4157668.6543179401,-0.7511164253558388
329961.9296366910,4157668.6436125999,-0.6824249442346684
329961.9394212470,4157668.6326960302,-0.3407813737004995
329961.9491853510,4157668.6216919702,-0.2956880593299834
329961.9588594600,4157668.6106935400,-0.08465944296680189
329961.9685106970,4157668.5996936499,0.309647196128621
329961.9781972640,4157668.5887538102,0.2823640799594802
329961.9879232990,4157668.5778602599,0.1088259064866567
329961.9976730850,4157668.5669749901,-0.04077965830358219
329962.0074259420,4157668.5560732200,-0.2863473108501134
329962.0171175520,4157668.5451482399,-0.205626994745782
329962.0266696690,4157668.5343155102,0.7755450942063492
329962.0362544320,4157668.5236870400,0.2622399704223159
329962.0457735860,4157668.5132102198,0.7696855999743394
329962.0554347270,4157668.5028074798,0.3353604895001717
329962.0651954980,4157668.4923975598,0.06296379883851451
329962.0749982370,4157668.4819617202,0.895716581176686
329962.0848581920,4157668.4717301200,0.3505426342351132
329962.0947347210,4157668.4615827901,-0.1498491570207649
329962.1046495860,4157668.4513526000,0.06450117209452111
329962.1145761070,4157668.4411292002,-0.4021652752311464
329962.1244520590,4157668.4308405099,-0.121248196924707
329962.1342458700,4157668.4206021298,-0.01336686233900364
329962.1440305000,4157668.4103694698,-0.6437545481143567
329962.1537197280,4157668.4000499202,0.4223495502295827
329962.1634850580,4157668.3897732301,0.3088241839748989
329962.1732535500,4157668.3795827399,0.3318487477553649
329962.1830871240,4157668.3694201699,0.9872957089412367
329962.1931050840,4157668.3593528098,-0.4689339497554558
329962.2030854770,4157668.3491885001,-1.417002225346895
329962.2129551790,4157668.3387203701,-0.9093917991262912
329962.2226308090,4157668.3281860799,-1.079348216614829
329962.2321018400,4157668.3175502298,-0.8488817059285477
329962.2414012580,4157668.3068499798,-0.588149546192382
329962.2506477020,4157668.2960294099,-0.1732136516697137
329962.2599464080,4157668.2850929699,0.9825922172905975
329962.2693848220,4157668.2743041301,2.338488982249026
329962.2791311470,4157668.2638877099,1.847092864254884
329962.2891261460,4157668.2537537902,2.014772869651833
329962.2994335190,4157668.2438865500,-0.5283367318834954
329962.3097905000,4157668.2338201702,0.5745885879329441
329962.3202126420,4157668.2238571700,-0.6975749755414214
329962.3305569320,4157668.2137673101,-2.507340955505887
329962.3405691920,4157668.2032655398,-1.495184246758171
329962.3503745500,4157668.1925229798,-0.7156963831098346
329962.3600152150,4157668.1817381000,-0.6808100641788204
329962.3695072110,4157668.1709071901,0.7830198844447689
329962.3790196550,4157668.1602955000,-0.7497869513901878
329962.3884499880,4157668.1495461101,0.2079643415304774
329962.3978399980,4157668.1389064300,0.214333683805519
329962.4072465240,4157668.1283131000,0.840506673559416
329962.4168019970,4157668.1178070200,1.276741684041423
329962.4265413300,4157668.1074811802,1.297270847453519
329962.4364548200,4157668.0973507902,0.7489590723840984
329962.4464784320,4157668.0873230998,0.3518114325559618
329962.4564899170,4157668.0774066602,-1.140412927361024
329962.4662331060,4157668.0674425000,-1.772564628741089
329962.4757147320,4157668.0572544499,-1.378570739321117
329962.4849289490,4157668.0469662799,-1.069299984006517
329962.4940027370,4157668.0365285501,-0.4740727355176091
329962.5029944220,4157668.0260473602,0.2092494117036967
329962.5119858820,4157668.0156274098,0.9855885161996848
329962.5210947070,4157668.0053561302,1.279088831142631
329962.5303446810,4157667.9952868102,1.372017183595083
329962.5397851930,4157667.9853894101,0.01893237859718664
329962.5492091330,4157667.9755144999,0.09099767793842725
329962.5586058310,4157667.9656925402,-0.9407658775948079
329962.5678548330,4157667.9557743901,-0.6682324857507581
329962.5769493630,4157667.9458435900,-1.165956896745387
329962.5859417770,4157667.9357083398,-1.073121056156263
329962.5948550810,4157667.9253618899,0.1649027649767696
329962.6037981320,4157667.9150280799,0.7623196350821337
329962.6128859370,4157667.9047459201,1.647104629749375
329962.6222608990,4157667.8946114499,1.887466559564321
329962.6319581600,4157667.8846633001,1.438449593944327
329962.6417606980,4157667.8749994100,-0.5711488435288181
329962.6514771700,4157667.8652686300,-0.08228370904747674
329962.6611469310,4157667.8555627302,-2.064838567131262
329962.6705402380,4157667.8455850398,-2.26471836701162
329962.6796725170,4157667.8352587000,-1.461380440580514
329962.6886864240,4157667.8246404799,-0.6541595947926437
329962.6975936280,4157667.8139521801,0.6351656546880902
329962.7065635570,4157667.8033796698,1.068520300581807
329962.7156464540,4157667.7929893001,1.754753539167586
329962.7249792400,4157667.7828209102,0.906787701498255
329962.7345853010,4157667.7726161699,0.2799679363179396
329962.7441911900,4157667.7624913398,0.4585368681982881
329962.7538793860,4157667.7524098800,-0.1782426245337216
329962.7635787930,4157667.7422661800,-0.8178493979795683
329962.7732270710,4157667.7319404301,-0.6701024204667195
329962.7828575040,4157667.7214352698,-0.715767242393863
329962.7923830330,4157667.7108293199,0.05737867523449301
329962.8018924070,4157667.7002587402,0.18195891334728
329962.8114677740,4157667.6896701399,0.2676360142623761
329962.8211760360,4157667.6790170800,0.2482492331749127
329962.8307863420,4157667.6685464801,-0.03220875300223069
329962.8403718560,4157667.6580933002,0.241894512120603
329962.8499910050,4157667.6476754099,-0.5228777897412763
329962.8595520520,4157667.6371650002,-0.2065068938850507
329962.8691251210,4157667.6265790001,-0.01994944491375835
329962.8786531560,4157667.6160367802,0.08853705199212669
329962.8882036240,4157667.6054964401,0.234477104044022
329962.8978032960,4157667.5949726002,0.3450800753541178
329962.9076161110,4157667.5843216102,0.3325310625301489
329962.9174396870,4157667.5737612401,-0.1215322333272425
329962.9272402650,4157667.5631884998,-0.2606421336948069
329962.9369817790,4157667.5526000299,-0.3978137602057383
329962.9467095370,4157667.5419039899,-0.8471976969534163
329962.9563271850,4157667.5310649201,-0.6648152943139934
329962.9658280660,4157667.5201475099,-0.1317028753731795
329962.9753251740,4157667.5091923000,-0.3713958766236596
329962.9847845000,4157667.4981610798,0.8302454422572333
329962.9944504390,4157667.4871613500,1.043912538613419
329963.0042048910,4157667.4763959702,1.016380624033278
329963.0141142520,4157667.4657789301,0.3773104666616501
329963.0241207250,4157667.4551751600,0.3982303993911724
329963.0342349560,4157667.4445813899,0.0944705875822332
329963.0443250130,4157667.4340421199,-0.7491100359304491
329963.0543108620,4157667.4233806902,-0.7173127218689487
329963.0641228090,4157667.4126831298,-0.716601459879057
329963.0738861130,4157667.4018130200,0.04717588566619981
329963.0837732330,4157667.3908203999,0.4081529907395119
329963.0937234150,4157667.3798910198,0.5608868784169648
329963.1037620230,4157667.3690464702,0.9085095997098003
329963.1138884090,4157667.3583967201,0.8172326977246425
329963.1240838180,4157667.3479283401,-0.698119676589266
329963.1341918230,4157667.3373354101,0.3048836472011046
329963.1443508520,4157667.3267837400,-0.9427881382273986
329963.1544069460,4157667.3160454300,-0.3669598800261643
329963.1643961200,4157667.3052625400,1.077840739041598
329963.1744482150,4157667.2947490499,0.5324906782815341
329963.1846159880,4157667.2842784300,0.2465438154950056
329963.1948718330,4157667.2737930599,-0.02164692313202451
329963.2051315250,4157667.2632970898,-0.6403593685064203
329963.2153033620,4157667.2526933202,-0.7864253328232325
329963.2253931620,4157667.2419282799,-0.7067480172414266
329963.2354355410,4157667.2309866301,0.5155067396840424
329963.2456065120,4157667.2200741498,-0.5187672095727888
329963.2557090180,4157667.2090654001,-0.1090958601711313
329963.2657878920,4157667.1980464100,-0.2339157673298999
329963.2757952770,4157667.1870286702,0.4259253069865432
329963.2858842360,4157667.1760617099,0.3587282503382888
329963.2960500450,4157667.1651291898,0.3728922264357545
329963.3062580220,4157667.1542730299,0.6902836894515425
329963.3164874550,4157667.1436149199,0.08835212986948962
329963.3266853210,4157667.1330173602,0.5898490787378668
329963.3370203650,4157667.1224624701,-0.8049373189867171
329963.3473211230,4157667.1116881100,0.03340181730953042
329963.3576260090,4157667.1009201701,-0.5447912179091033
329963.3678686400,4157667.0900415899,-0.4822286157370169
329963.3780406020,4157667.0790808299,-0.214365943451418
329963.3881625510,4157667.0681036501,0.07196963547757344
329963.3982966270,4157667.0571369901,-0.08198365175985378
329963.4083407260,4157667.0462410701,0.2518010651501201
329963.4183358240,4157667.0354788098,1.019713291866922
329963.4284351420,4157667.0249249400,1.155685554922622
329963.4387149990,4157667.0145392702,0.436644960171236
329963.4490301760,4157667.0042498698,0.7137445912123612
329963.4594160210,4157666.9941028799,0.2054902931584583
329963.4698206250,4157666.9839980300,-0.5921425052128522
329963.4800930390,4157666.9738490600,-1.080192178582001
329963.4901093240,4157666.9636410698,-1.630603089505968
329963.4998086100,4157666.9532856201,-1.904196547147828
329963.5091823670,4157666.9427208402,-0.5200825678353138
329963.5184211580,4157666.9321532999,-0.2306767503598184
329963.5275410910,4157666.9216536102,1.66202043732243
329963.5368448190,4157666.9114281302,1.116414248781868
329963.5462322060,4157666.9014241099,0.6908332739128302
329963.5556735460,4157666.8915513898,0.7680362250673498
329963.5651839280,4157666.8818127401,0.8031500196572754
329963.5748079520,4157666.8721709698,0.3561019242174417
329963.5845033800,4157666.8625515699,0.7558305487835371
329963.5943024630,4157666.8530280800,-0.6463780618742769
329963.6040550770,4157666.8433804600,-0.2494417174652439
329963.6137109580,4157666.8337631500,-1.574064084041187
329963.6231248330,4157666.8239765000,-0.6701313834868915
329963.6324583490,4157666.8140948801,-0.2764951870205818
329963.6417583610,4157666.8041742900,-0.07892399253361218
329963.6510349330,4157666.7942574099,-1.103304428385929
329963.6601433670,4157666.7842233800,-0.1214964821139022
329963.6692514880,4157666.7741564098,-1.438030802625547
329963.6782569910,4157666.7638013898,0.1593119471271252
329963.6873321790,4157666.7534123198,1.032768952780204
329963.6965463100,4157666.7431625202,1.725160095883219
329963.7059720110,4157666.7331652599,0.8686111258391589
329963.7154868750,4157666.7233113698,0.7770765427545399
329963.7250843990,4157666.7135810698,-0.4315360534333729
329963.7346450130,4157666.7037730301,-0.3923869425527209
329963.7441715270,4157666.6938942000,-1.440172445197083
329963.7535145020,4157666.6838140902,-1.139516158002889
329963.7627632420,4157666.6735156202,0.1834454760050996
329963.7720390780,4157666.6632395899,-0.4199272500867841
329963.7812607340,4157666.6529033701,0.6220566154068564
329963.7905738700,4157666.6426439802,1.010927415372296
329963.8001002080,4157666.6324416902,1.262460526005714
329963.8097288530,4157666.6224860498,0.0780503374010774
329963.8193738860,4157666.6125350199,-0.3862358928848403
329963.8290311340,4157666.6024637101,0.5209633886336488
329963.8388557360,4157666.5923665501,-0.7250164043936776
329963.8486132650,4157666.5821308098,0.1366483923138089
329963.8584162750,4157666.5718871201,-0.06828823766508169
329963.8682508350,4157666.5615904802,-0.1687006069993032
329963.8780256200,4157666.5513071702,-0.7836421249773452
329963.8876974590,4157666.5409027799,-0.1965986643693769
329963.8973112940,4157666.5305027799,-0.004284167283420997
329963.9068908710,4157666.5201385799,-0.3001071885494705
329963.9163946870,4157666.5097687198,-0.6936474477561063
329963.9258347700,4157666.4992640400,-0.4132872530466085
329963.9352745270,4157666.4886351801,-0.598736235829344
329963.9446401130,4157666.4779071398,0.2619460919012719
329963.9540103120,4157666.4672541399,-0.134155801735384
329963.9633817700,4157666.4565586802,-0.3327807637851627
329963.9727155540,4157666.4458038900,0.2899764529989272
329963.9821112830,4157666.4350676900,0.4510402513027634
329963.9915852320,4157666.4243817199,0.6327139789459678
329964.0011283540,4157666.4138114201,0.9836185570908577
329964.0108133270,4157666.4033814301,0.526659539866411
329964.0205849120,4157666.3930151700,-0.5130427168022582
329964.0302920450,4157666.3825652199,-1.355294777868794
329964.0397297700,4157666.3720044401,-1.849018577468624
329964.0489156370,4157666.3611663100,-2.602779091093903
329964.0577249820,4157666.3499556901,-1.175967332789895
329964.0662877110,4157666.3386759199,-1.2953497679731
329964.0746418060,4157666.3272413700,0.4943445794330463
329964.0830701220,4157666.3158731102,1.631664956456819
329964.0917463300,4157666.3047179901,1.038300995843114
329964.1005817710,4157666.2936956901,1.014936942692657
329964.1095881740,4157666.2827846701,0.5835708842008643
329964.1186782020,4157666.2719556498,-1.241570945481305
329964.1275395760,4157666.2610154599,-1.401338479001573
329964.1362370110,4157666.2498322199,-0.7020293727931856
329964.1448134490,4157666.2385754199,-0.02193992319500583
329964.1533650470,4157666.2273439998,-0.7596180921062672
329964.1617521700,4157666.2160806698,-0.4845337415368465
329964.1700619440,4157666.2047612402,-1.452711885643576
329964.1781497390,4157666.1932591898,-0.4044746248101695
329964.1862468450,4157666.1816029102,-1.579485695792373
329964.1940827300,4157666.1697648098,-1.203199555341622
329964.2017170240,4157666.1577917901,-2.090129500743218
329964.2089839540,4157666.1456125500,-0.03035844899998541
329964.2162423580,4157666.1334356898,0.3435856814338991
329964.2235604140,4157666.1212936202,1.516216669291994
329964.2310814790,4157666.1093985802,1.59981951626557
329964.2388231870,4157666.0977423699,0.0667632332567451
329964.2466032130,4157666.0860522198,-0.0748466513871658
329964.2544053700,4157666.0743020000,-0.5949881525937296
329964.2621734780,4157666.0623863498,-1.374767892452998
329964.2697280250,4157666.0502868299,-1.578427740963454
329964.2770534660,4157666.0379421101,-0.611285595372232
329964.2842561330,4157666.0255582002,-0.4850185732301872
329964.2913192750,4157666.0132184201,0.2313024060579686
329964.2983399740,4157666.0010452801,0.1413226622795027
329964.3053105380,4157665.9890140500,-0.8398738069120546
329964.3121300970,4157665.9769202699,-0.1009467249776214
329964.3189892450,4157665.9647161700,-0.1720029177893833
329964.3258852290,4157665.9523767200,0.1065724605503943
329964.3328368260,4157665.9399817600,-1.504798496592595
329964.3395461350,4157665.9273940902,0.5720712101354535
329964.3463140970,4157665.9149414701,-0.6440265747903633
329964.3529226590,4157665.9025140200,-0.4419314811311799
329964.3594095810,4157665.8901307401,-0.5065480270224849
329964.3657974000,4157665.8777238801,-1.03898793249327
329964.3719780600,4157665.8652802701,0.05691075818925379
329964.3781710240,4157665.8528366000,-0.3083999896986541
329964.3842372490,4157665.8405162599,-0.3707445169971647
329964.3902136210,4157665.8282212000,-0.8841935866034527
329964.3960772550,4157665.8157765102,-0.05461670534728461
329964.4019347400,4157665.8033206002,-1.491053161454467
329964.4075900550,4157665.7906208201,-0.6525328791713291
329964.4131357850,4157665.7778566200,-0.02546381626173467
329964.4186698440,4157665.7651069299,0.3888362382914117
329964.4242600470,4157665.7524159099,1.026966980544241
329964.4300224510,4157665.7398228799,1.505352261053807
329964.4360601320,4157665.7273244602,0.5154408996706016
329964.4421916130,4157665.7148604202,-1.360931918928368
329964.4480639660,4157665.7023317399,-1.286488389429999
329964.4536912380,4157665.6897489401,-1.936824633997277
329964.4589833730,4157665.6770135099,-1.957972072836444
329964.4639258200,4157665.6641504001,-1.550332908301806
329964.4685725600,4157665.6512415302,-0.1538684441215016
329964.4731160230,4157665.6385361599,0.7690817336335922
329964.4778085030,4157665.6258322201,0.2537152252246143
329964.4825894570,4157665.6130249598,0.8349761491202833
329964.4875071650,4157665.6002963199,0.8517237333063465
329964.4925508500,4157665.5876788902,0.3169056666704593
329964.4975955870,4157665.5752140200,0.6841966734068631
329964.5027197150,4157665.5628794399,-0.6793927484581015
329964.5077002170,4157665.5505776699,-1.395731779508166
329964.5124067410,4157665.5383071001,-2.087298484171841
329964.5167076190,4157665.5261115800,-1.980658165046983
329964.5206465750,4157665.5139652002,-2.163022625644024
329964.5242514930,4157665.5017042300,-0.02796979744454645
329964.5278643850,4157665.4893998601,-1.058021904331168
329964.5313181840,4157665.4770174902,-0.01345425559619693
329964.5347407400,4157665.4647389599,1.960211595804338
329964.5384609470,4157665.4525749600,2.847828528850536
329964.5425931160,4157665.4406251302,1.843689138958893
329964.5470032160,4157665.4287735699,0.156198012317579
329964.5514642980,4157665.4168572901,0.5093441115108397
329964.5560320760,4157665.4048934900,-0.744797854287963
329964.5605106690,4157665.3928179001,-1.928885312617639
329964.5647075500,4157665.3805750902,-2.793767463828165
329964.5684603030,4157665.3681842801,-1.766315675690579
329964.5719119720,4157665.3557739798,-1.430109393257045
329964.5751227610,4157665.3433492002,-0.4049253981812868
329964.5782497760,4157665.3309845300,-0.2394851986126114
329964.5813303180,4157665.3186454098,0.07663957664945906
329964.5844415500,4157665.3062350000,0.7901726981605249
329964.5876981650,4157665.2937814598,0.4373593594312345
329964.5910290330,4157665.2813309501,0.02640742920775355
329964.5943577970,4157665.2689052299,0.147704758176754
329964.5977410720,4157665.2563717901,-0.2760971242544436
329964.6010710360,4157665.2438579700,-0.3670833815551829
329964.6043510220,4157665.2312915400,-1.460564888575345
329964.6073973500,4157665.2186422199,-1.154977981100448
329964.6102520290,4157665.2059541899,-0.07089892542739919
329964.6130827830,4157665.1933182199,0.1464203771627057
329964.6159262690,4157665.1807370698,-0.08822343449581427
329964.6187508180,4157665.1681732899,0.7452116998023463
329964.6217036440,4157665.1556045199,-0.9159546783182849
329964.6245168880,4157665.1429589000,-0.5102703176010553
329964.6272752930,4157665.1301590698,-0.9171829000613497
329964.6298748540,4157665.1173521001,-1.313871371349709
329964.6322510300,4157665.1045200601,-0.8950804620032239
329964.6344813700,4157665.0916359201,-0.907516382436578
329964.6365638420,4157665.0786927901,-2.110275859851134
329964.6382832930,4157665.0657323198,-0.8256227735750512
329964.6398531590,4157665.0528365201,-0.4832692980871754
329964.6413260250,4157665.0400737599,0.4765076955252979
329964.6428658010,4157665.0274100299,2.790380858709127
329964.6448333220,4157665.0149341100,1.656963693283164
329964.6470227150,4157665.0027063098,1.443252373055164
329964.6494364070,4157664.9904934699,0.4140076123002206
329964.6519172330,4157664.9782727100,-0.2079110913698008
329964.6543790890,4157664.9659816101,-0.6022079237938155
329964.6567634710,4157664.9535906999,0.06620829404569506
329964.6591598480,4157664.9411932998,-1.705717307348105
329964.6612678290,4157664.9288773499,-2.080770104943186
329964.6630502770,4157664.9165461101,-2.021368165859856
329964.6645133610,4157664.9042516402,-2.177036197198552
329964.6656440430,4157664.8919287398,-1.471916367448221
329964.6665455940,4157664.8796572201,-0.1663418692584494
329964.6674209620,4157664.8673990001,0.3553528070415161
329964.6683540370,4157664.8550911001,1.115492192496459
329964.6694577570,4157664.8427840401,2.045129207152007
329964.6708743160,4157664.8304915400,1.210363778007863
329964.6724889990,4157664.8181189401,0.9747191541987053
329964.6742647360,4157664.8056951500,-0.3945046180094829
329964.6759754090,4157664.7932888102,-0.4323814518047195
329964.6776292950,4157664.7807930000,-1.925842454530167
329964.6789839450,4157664.7682129098,-2.461301630952474
329964.6799480460,4157664.7555664601,-2.080723269787235
329964.6805782540,4157664.7428947301,-1.197899446028788
329964.6810144760,4157664.7302643098,-1.078412369884451
329964.6812783280,4157664.7176429201,0.4500870890957783
329964.6816133860,4157664.7050403501,-0.8497965315705464
329964.6818128540,4157664.6924877302,1.158924353668123
329964.6821925040,4157664.6800036700,0.5209990405224815
329964.6826547030,4157664.6674894700,1.265389349106524
329964.6833131310,4157664.6550172302,0.6230974166439976
329964.6840657680,4157664.6425944101,-0.1833828974345665
329964.6847844210,4157664.6302683898,-1.752245561543247
329964.6852332010,4157664.6180474302,-1.979381266033404
329964.6853859840,4157664.6059423001,-1.722617970995673
329964.6852875220,4157664.5939020198,-0.1621456539148409
329964.6851654180,4157664.5818497702,-0.6934676624581717
329964.6849452360,4157664.5699161799,-0.4856209849338803
329964.6846536810,4157664.5579028102,-0.2096570064279342
329964.6843307900,4157664.5458520702,-0.06141880110828712
329964.6839979080,4157664.5337632801,0.5164431679723995
329964.6837406720,4157664.5216802899,-0.01834659719445155
329964.6834818840,4157664.5096494900,-0.03104564242309491
329964.6832185280,4157664.4976154598,0.2194748076323375
329964.6829871890,4157664.4855933101,-1.307834316502004
329964.6825684870,4157664.4736150801,-0.4175346512937948
329964.6820953120,4157664.4617678500,-0.9298136338369642
329964.6814900890,4157664.4499005699,-0.5431819627018505
329964.6808090570,4157664.4380502100,-0.8545273759130335
329964.6800083840,4157664.4262145502,0.06645088845623882
329964.6792190840,4157664.4144090000,-0.8678506289463405
329964.6783163500,4157664.4027062901,0.0341542354324362
329964.6774080760,4157664.3908695299,0.4244405087924456
329964.6765531760,4157664.3789374800,-0.4737074425529832
329964.6756318800,4157664.3670255099,-0.9779884963777642
329964.6745778650,4157664.3551925300,0.03960590308519579
329964.6735204300,4157664.3432573401,-0.8495106352358545
329964.6723405190,4157664.3313234700,-0.4873193766251327
329964.6710973020,4157664.3194562499,-0.01833375627477116
329964.6698598540,4157664.3076689001,-0.1299275742352701
329964.6686075290,4157664.2959139701,-0.5128311659962247
329964.6672810140,4157664.2841413599,-0.04143590182764594
329964.6659474970,4157664.2723586201,-1.461144847607024
329964.6644030620,4157664.2605507900,-0.6365748203428837
329964.6627744640,4157664.2487922502,-0.547753665611879
329964.6610592390,4157664.2369758198,-0.0143243863522132
329964.6593413920,4157664.2251555501,0.3081873528006177
329964.6576635850,4157664.2133041001,0.9998269567593364
329964.6561173660,4157664.2013493502,0.781691546418582
329964.6546636620,4157664.1892047999,-0.3533971202104123
329964.6531574800,4157664.1770666698,-0.8715883343815902
329964.6515332570,4157664.1650256100,-0.8394150046945799
329964.6497929780,4157664.1530460301,-2.038295525420806
329964.6477702760,4157664.1411818699,-1.90348630810699
329964.6454475130,4157664.1292274399,-1.773000517934637
329964.6428576750,4157664.1172842402,-1.138687364491268
329964.6400971360,4157664.1053583100,-0.02543619550796929
329964.6373379940,4157664.0934552699,0.7418910949560562
329964.6346939170,4157664.0815601302,1.089295494800119
329964.6322097510,4157664.0696398299,1.621018305989489
329964.6299626730,4157664.0576803102,0.6687606224135973
329964.6277956880,4157664.0456041400,-0.5842344276174112
329964.6255326620,4157664.0334937801,-0.2635393618138998
329964.6232070660,4157664.0212696302,-0.1091612265495745
329964.6208589890,4157664.0090180901,-0.3649561355722351
329964.6184625810,4157663.9968147101,-0.7835076061990148
329964.6159586400,4157663.9846884902,0.001084857257769558
329964.6134643250,4157663.9726080699,0.4582667506570574
329964.6110561440,4157663.9606038202,-0.4035551725526331
329964.6086105230,4157663.9487164700,-0.002152349660962345
329964.6061761490,4157663.9368853499,-1.503046142791736
329964.6035261240,4157663.9250949798,-1.444765618228665
329964.6006403060,4157663.9132324802,-1.066658208344928
329964.5975779060,4157663.9013239299,-0.4301263597499249
329964.5944460710,4157663.8894072901,-0.09508854637113005
329964.5913095200,4157663.8775292500,0.4660442960484275
329964.5882705970,4157663.8657494402,-0.03657854795840223
329964.5852625750,4157663.8541107001,-0.5329437788334835
329964.5821940180,4157663.8425434502,-0.8061530249870682
329964.5790314500,4157663.8310684501,-0.3298020460458992
329964.5758582040,4157663.8197277701,-0.3912040721316018
329964.5726546500,4157663.8084780802,-1.398455146601375
329964.5692859850,4157663.7973416098,-0.6810945388978643
329964.5658250990,4157663.7862192602,-0.2590142042977069
329964.5623539690,4157663.7751810998,0.3836537991456202
329964.5589672970,4157663.7642429499,-0.03032813434784744
329964.5555890120,4157663.7533452599,0.6484851066444187
329964.5522647070,4157663.7423330899,0.4109941664613641
329964.5489556420,4157663.7311800099,0.09403761809535384
329964.5456445640,4157663.7199751101,-0.5521299441419897
329964.5422624740,4157663.7087957300,0.550808005071304
329964.5389046060,4157663.6974312202,-0.5626447094787285
329964.5354522460,4157663.6860280102,-1.358257781289226
329964.5318093080,4157663.6746624298,-1.113629221316049
329964.5280124750,4157663.6633370598,-1.854839353886008
329964.5239725540,4157663.6521170698,-0.2012035479185723
329964.5199143880,4157663.6409306000,-0.4416741830293824
329964.5157951370,4157663.6297593000,-0.7031850353052145
329964.5116365150,4157663.6187639101,-0.1891998079581768
329964.5074293730,4157663.6077147801,-0.7028618113576829
329964.5031187840,4157663.5966711901,-1.357285831728728
329964.4986683090,4157663.5857874299,-1.259937073591698
329964.4941085410,4157663.5750890900,-0.186079821108168
329964.4895364470,4157663.5644257902,0.1066402176504868
329964.4849901970,4157663.5537864901,1.172691580304245
329964.4805997070,4157663.5431137299,0.8285530403788656
329964.4763224000,4157663.5324271698,0.4339488296514559
329964.4721043150,4157663.5217341599,-0.8295067955684953
329964.4678606360,4157663.5112671899,-0.0432582393300561
329964.4636027490,4157663.5007799100,-1.296650625927998
329964.4592073930,4157663.4903932600,-1.522788561617492
329964.4546742050,4157663.4801715501,-0.7779485138191986
329964.4501060270,4157663.4701067400,-0.631421163019421
329964.4455057550,4157663.4601555900,0.8633435321376481
329964.4410234050,4157663.4502142002,0.8620567565998033
329964.4366571750,4157663.4402828701,0.5288108258000259
329964.4323790340,4157663.4303989401,0.2481854812992181
329964.4281901570,4157663.4206503700,0.7555005366361115
329964.4240741610,4157663.4108555401,-0.1228510430490789
329964.4199690110,4157663.4011220098,-1.336995512256853
329964.4157670710,4157663.3915375499,-0.9243085433214043
329964.4114864370,4157663.3820245001,-0.8138492107648791
329964.4071063050,4157663.3725075498,-1.345393601497043
329964.4025838250,4157663.3630355000,-1.206703114190864
329964.3979664200,4157663.3536707601,-2.343106192140594
329964.3932063190,4157663.3445794201,-0.5262872482933854
329964.3884846590,4157663.3356777602,0.1298918831634203
329964.3837858890,4157663.3267912101,-0.404820330184776
329964.3790668970,4157663.3179534902,0.6082226240973635
329964.3743828260,4157663.3090507602,0.03572351753131132
329964.3696649590,4157663.3000759399,0.442181315571972
329964.3649562900,4157663.2910199398,-5.012225797789429
329964.3599108930,4157663.2824102901,0.3991213983307065
329964.3548657460,4157663.2737216498,1.602388787975881
329964.3499683130,4157663.2649659999,-1.004654347527123
329964.3450527740,4157663.2563808099,2.484237423114893
329964.3403104710,4157663.2476026299,0.8820565278240202
329964.3356485310,4157663.2387886499,-0.4474943326335382
329964.3309829790,4157663.2300619199,-0.8647753411331476
329964.3262858170,4157663.2214532602,-1.108407488369222
329964.3215379370,4157663.2129712701,-2.462432317721982
329964.3166090340,4157663.2046392802,-1.259079353759099
329964.3115702580,4157663.1963538998,-0.4189411784115069
329964.3065000350,4157663.1880925801,-2.434971677372317
329964.3013320910,4157663.1800977201,1.339195035017802
329964.2962621980,4157663.1720306999,-0.4459324838697388
329964.2911633640,4157663.1639935900,0.01238479771410656
329964.2860525220,4157663.1559354500,-0.3574602510735149
329964.2809168410,4157663.1478988701,-0.7799495755083231
329964.2757385570,4157663.1399267302,-0.592673843816987
329964.2705289880,4157663.1320043700,-1.693007289783591
329964.2652266710,4157663.1242153901,-1.263618491248911
329964.2598755010,4157663.1165516200,-2.827212191436553
329964.2544175470,4157663.1091556498,1.931118645995184
329964.2490758620,4157663.1016412200,2.079544090805093
329964.2438942810,4157663.0940482900,2.304645455253398
329964.2388985920,4157663.0863847900,1.309649729159785
329964.2340213170,4157663.0787038701,0.8011928811520463
329964.2292129360,4157663.0710082101,0.7212909744540138
329964.2244605270,4157663.0632902398,1.059822480455763
329964.2197987160,4157663.0555542200,-0.7120081395186899
329964.2150630980,4157663.0478091198,-4.113849185513872
329964.2100858430,4157663.0403103000,-0.778864763008929
329964.2049971240,4157663.0327596399,-2.368225106753424
329964.1996955240,4157663.0252494900,-2.250029814893834
329964.1941987210,4157663.0177961900,-1.21726252902678
329964.1885784740,4157663.0103532700,0.9728904232452359
329964.1829948740,4157663.0028172601,-0.8164149177597251
329964.1774148120,4157662.9954047198,0.006272069352404919
329964.1718874040,4157662.9880612399,0.4128606098152959
329964.1664495760,4157662.9807797498,-3.260259422056753
329964.1608463530,4157662.9737211401,3.052995346241382
329964.1553834970,4157662.9664342399,1.381962403163808
329964.1499801480,4157662.9590338701,1.330878745659589
329964.1446067770,4157662.9514817800,0.493193898968217
329964.1392097530,4157662.9438221599,-0.6420409076156278
329964.1337053750,4157662.9361096998,-1.4330506322355
329964.1280651670,4157662.9284302499,-1.483158338542862
329964.1222605190,4157662.9207577002,-0.7212048806746858
329964.1163520350,4157662.9130599801,-2.363949110879334
329964.1102714320,4157662.9055033298,1.203123192519174
329964.1043113690,4157662.8979173899,0.7926153921904057
329964.0984332970,4157662.8903171299,0.1365286880995724
329964.0925598960,4157662.8827022798,0.1788102370475066
329964.0867195520,4157662.8751033498,-0.0344513207020021
329964.0808743000,4157662.8675032300,-0.3446631721721682
329964.0749976800,4157662.8599143801,-0.2715114774771204
329964.0690804750,4157662.8523141900,-1.699395229337769
329964.0630254220,4157662.8447944801,-3.513061633366079
329964.0567880820,4157662.8375620199,-0.5262422767012654
329964.0504623780,4157662.8303015102,-0.9374459128584597
329964.0440797710,4157662.8231077599,-0.06685725727500645
329964.0377040210,4157662.8159310301,0.8430112381676128
329964.0313728890,4157662.8086871700,0.407582315083711
329964.0250812740,4157662.8014313499,2.240773299936782
329964.0189857940,4157662.7940892801,0.9945907473536018
329964.0130287300,4157662.7867745701,1.680396176672358
329964.0072524470,4157662.7794489600,0.1307258481208658
329964.0016031560,4157662.7722665900,1.514790367160256
329963.9960233970,4157662.7649663300,0.200722953332426
329963.9904542530,4157662.7576520299,-0.8390258958600548
329963.9848082820,4157662.7503545200,-2.253175222534719
329963.9790104720,4157662.7431743098,-2.719294862703096
329963.9730433570,4157662.7361522298,-1.465313437846177
329963.9669910340,4157662.7292216001,-0.08639145103066037
329963.9609170760,4157662.7222773600,0.9109242458441212
329963.9548568780,4157662.7152297599,0.1205370436036769
329963.9488732120,4157662.7082554600,2.551020666300165
329963.9429766160,4157662.7010450498,0.8943410917090237
329963.9371224340,4157662.6937633702,1.200311484687737
329963.9313368790,4157662.6863992400,-0.2628900957261766
329963.9255358900,4157662.6790527599,-0.7377237751173762
329963.9197142600,4157662.6717836498,-2.128711338165128
329963.9137490830,4157662.6646306799,-3.145577832451647
329963.9075580340,4157662.6576347998,-2.222795525882798
329963.9012197510,4157662.6507654702,-0.02212196519371555
329963.8949180850,4157662.6439386499,2.926459535947985
329963.8887307850,4157662.6368564898,3.270077419438065
329963.8827050480,4157662.6295130602,3.520637785721472
329963.8768577090,4157662.6218768801,1.035356302252197
329963.8710701520,4157662.6141605601,0.2161932956879912
329963.8652746910,4157662.6063999701,1.29641725707261
329963.8595646280,4157662.5985498000,-0.0304551859966534
329963.8538397960,4157662.5906842202,0.3465506892165497
329963.8481497060,4157662.5828107600,0.6068266129245933
329963.8425087000,4157662.5749075199,-1.635556351960591
329963.8368513270,4157662.5672394098,-1.545716126850094
329963.8310320560,4157662.5595912999,-3.820254578424387
329963.8248786860,4157662.5520947301,-2.663145488456241
329963.8184523150,4157662.5446678801,-1.615351634198614
329963.8118778610,4157662.5373096899,0.6099217879639084
329963.8052881640,4157662.5298440801,-2.760939382753438
329963.7985289000,4157662.5225970498,0.1211196525042759
329963.7917527350,4157662.5153143601,3.198988072637826
329963.7851999310,4157662.5078058001,-1.478280390119585
329963.7785385640,4157662.5003960598,2.012362844472146
329963.7719408710,4157662.4927523001,-0.6807179795925749
329963.7652447100,4157662.4851017799,-1.262125850836059
329963.7583842910,4157662.4774645800,-1.229587833026698
329963.7513950510,4157662.4698792598,-0.7743367592182512
329963.7443368320,4157662.4623408699,0.415366854286381
329963.7372912770,4157662.4547509202,1.638332141313654
329963.7303211510,4157662.4469808899,1.762433364189898
329963.7233872060,4157662.4389566998,-0.1367065907723595
329963.7163718250,4157662.4308621399,2.123521916599222
329963.7093714440,4157662.4223986100,0.3899757204305533
329963.7022907270,4157662.4137622700,0.8026286748466741
329963.6951956090,4157662.4049473298,-1.29660924978889
329963.6879140310,4157662.3961686702,-2.222123791877042
329963.6803498680,4157662.3875076598,-2.2562942989082
329963.6724633180,4157662.3789396998,-2.123169396322646
329963.6642200090,4157662.3704207800,-0.7200372701445621
329963.6557346060,4157662.3618016401,-1.539845751909111
329963.6470178450,4157662.3532725801,1.772747842770335
329963.6383719060,4157662.3444363498,1.468745266653254
329963.6298328870,4157662.3353852900,1.574908662482182
329963.6214237640,4157662.3261134098,0.8315087781118561
329963.6130480080,4157662.3166821501,0.8021742851340271
329963.6047144130,4157662.3071042802,0.01050621893856041
329963.5963086650,4157662.2974408702,-1.359783684404632
329963.5876731360,4157662.2878568601,-1.345208149239514
329963.5787446760,4157662.2782894401,0.20671428282876
329963.5697338020,4157662.2685808698,0.7517835504934535
329963.5606378830,4157662.2585807601,0.139755617590833
329963.5515438210,4157662.2485446301,-1.166088526903955
329963.5423460730,4157662.2387098600,-0.4826982768953825
329963.5331173910,4157662.2289694701,0.03424088193505926
329963.5238764940,4157662.2192072002,-0.9078727433817214
329963.5144146920,4157662.2094541001,-0.1260636793128479
329963.5047902910,4157662.1995676002,0.8084567154160717
329963.4951819030,4157662.1894735801,-0.757750852393882
329963.4854968510,4157662.1795115001,1.354209024120301
329963.4759001210,4157662.1692591999,0.5710140782497678
329963.4663145730,4157662.1588522000,0.7825244362703885
329963.4568474980,4157662.1483427002,-0.2137677153662271
329963.4473970830,4157662.1379151102,-0.2172526260962453
329963.4379311470,4157662.1275343001,-1.079147450403221
329963.4282550930,4157662.1172417901,-0.9210710029930891
329963.4184672000,4157662.1070977999,-1.760922370060138
329963.4084518900,4157662.0972204101,-0.3178314628961405
329963.3985734090,4157662.0875639301,-0.2987522618696596
329963.3886203680,4157662.0779147102,0.5278428410056452
329963.3787465840,4157662.0682012299,1.279101668470521
329963.3690840240,4157662.0583533500,1.732658333850007
329963.3597033930,4157662.0483252499,1.601654518422671
329963.3506306630,4157662.0381904598,0.1245759017384512
329963.3416400390,4157662.0281131999,0.5720582144945834
329963.3327788270,4157662.0180256302,-1.274759739244623
329963.3238046190,4157662.0081543000,-2.953894414232361
329963.3145671240,4157661.9987602402,-0.1597939568857934
329963.3053768070,4157661.9894532901,-0.5878513524799965
329963.2962276820,4157661.9803285999,0.2731918225409682
329963.2872097030,4157661.9712713300,1.011913392755354
329963.2783834810,4157661.9621752999,0.2591886063321415
329963.2696553360,4157661.9531212500,0.4871043981322629
329963.2610719840,4157661.9441081099,-0.4496716712079046
329963.2525755500,4157661.9352848600,-0.007070904309684215
329963.2442579650,4157661.9266488198,-1.65989926054493
329963.2358510120,4157661.9182591201,0.03666181073868535
329963.2275333270,4157661.9099513101,-0.3484126865934966
329963.2192629700,4157661.9017578401,0.1262017658531102
329963.2111258510,4157661.8936728202,0.3876284590941905
329963.2031803960,4157661.8857084000,1.070970396413798
329963.1954746040,4157661.8777975501,-0.23124657659762
329963.1879250670,4157661.8700861600,1.189394377530912
329963.1805976680,4157661.8624085598,-0.168970919956244
329963.1733029230,4157661.8547924799,-0.953457823682297
329963.1659709730,4157661.8472896498,1.563676034173626
329963.1588298790,4157661.8397393599,-0.1272487661771273
329963.1517887930,4157661.8323143502,1.484082370667573
329963.1450219230,4157661.8249605400,1.835612116319163
329963.1385923190,4157661.8177148500,0.06245266807435677
329963.1324415460,4157661.8107751100,-1.62623877857829
329963.1264784080,4157661.8042434999,-4.593930440195351
329963.1205348260,4157661.7982314201,-2.975218103032609
329963.1146027150,4157661.7925216500,-3.643737892935033
329963.1085871700,4157661.7870673300,1.498755775780282
329963.1027487140,4157661.7816438898,0.06884820079669444
329963.0970034520,4157661.7763011898,-0.7635044341110724
329963.0913248220,4157661.7710830001,0.4887469214726965
329963.0857488050,4157661.7659204900,0.8632782466694581
329963.0802923470,4157661.7608023100,2.653095361057167
329963.0750300990,4157661.7556679598,2.989702104797284
329963.0699430490,4157661.7504828302,-0.6402137299346795
329963.0649098800,4157661.7453997601,-1.872718362071051
329963.0599068060,4157661.7404794102,3.129618971840331
329963.0551261100,4157661.7355691502,-2.227583076007969
329963.0503676370,4157661.7308272701,-0.7113698463711324
329963.0456942760,4157661.7262140098,0.4913111228435301
329963.0411361110,4157661.7216856498,2.339999255176632
329963.0367133120,4157661.7171586500,-0.08450065689893997
329963.0321863650,4157661.7125300602,5.991443284360804
329963.0277985020,4157661.7076789900,-0.9783614656794946
329963.0233417560,4157661.7028149702,-3.618172542402416
329963.0185735040,4157661.6978591098,-0.7963395008783589
329963.0137148680,4157661.6928647100,-2.07040460402932
329963.0087047440,4157661.6878622398,0.009915882557708797
329963.0037097630,4157661.6828741902,0.3890762907089623
329962.9988270680,4157661.6779716802,0.7382056620766541
329962.9940661030,4157661.6731428001,-0.2269452721118123
329962.9893759370,4157661.6684002299,0.5859235099759142
329962.9847798360,4157661.6637165998,-1.102675841056441
329962.9801616800,4157661.6590780299,-1.853988182840314
329962.9754720830,4157661.6544808401,-3.877592512387229
329962.9705112070,4157661.6498632398,0.6974027694009985
329962.9656016330,4157661.6452500201,-0.3238660026981121
329962.9606534100,4157661.6406208300,-0.01139447892240662
329962.9557353950,4157661.6360206101,1.045527761380812
329962.9509034570,4157661.6314370502,3.143812196683309
329962.9462181930,4157661.6268034698,3.25752753993189
329962.9416715450,4157661.6221105498,2.632487789438235
329962.9372544720,4157661.6173924799,0.5791000332339321
329962.9328781940,4157661.6126828701,-3.289831300963861
329962.9282443620,4157661.6079064799,0.7077822787521589
329962.9236432310,4157661.6031189300,-1.621653833546956
329962.9189111210,4157661.5983009301,-1.694339504967038
329962.9140795340,4157661.5934934602,-1.487671546284383
329962.9092042690,4157661.5887398799,0.7526708474317274
329962.9043774210,4157661.5839851298,1.284126304557789
329962.8996050660,4157661.5792016499,2.204593468787346
329962.8948705140,4157661.5743119898,-0.2383008605800203
329962.8899397830,4157661.5692365500,3.099868180624823
329962.8850926890,4157661.5640224302,-1.073382211082389
329962.8800841330,4157661.5587175200,-1.412619204489745
329962.8749178480,4157661.5533584300,-1.708305021325342
329962.8695870370,4157661.5479688402,-1.949449897551859
329962.8640605960,4157661.5425459100,-0.8218102857907372
329962.8583687830,4157661.5370321800,-0.6329300066850361
329962.8525274250,4157661.5314306999,1.089668447673279
329962.8466322360,4157661.5256760400,2.084609295529868
329962.8407510630,4157661.5197329102,0.6416052463303488
329962.8346345770,4157661.5134837702,3.59220643422699
329962.8286713150,4157661.5069938698,1.558788251481267
329962.8227034380,4157661.5003156201,0.6633178860730575
329962.8166860540,4157661.4935003002,0.2019895796533533
329962.8105934640,4157661.4865740198,-1.29368729234947
329962.8043536280,4157661.4796496402,-2.817930242251701
329962.7979139420,4157661.4728708798,-1.297743248975707
329962.7913201500,4157661.4660973502,0.3293723869562863
329962.7846508760,4157661.4592031501,0.1759507348059758
329962.7777948370,4157661.4520915500,3.51818219236545
329962.7712227840,4157661.4447837002,0.1282540631797932
329962.7645130050,4157661.4373035501,-0.01485511051595803
329962.7577012920,4157661.4297120599,-1.937835671407795
329962.7506249890,4157661.4221350299,-1.676629541894743
329962.7432912170,4157661.4145532800,-1.969267286599646
329962.7356840420,4157661.4070114000,0.2922357790802284
329962.7279957660,4157661.3993409099,0.1633445924442795
329962.7201772040,4157661.3915124498,0.1139349104591184
329962.7121933680,4157661.3834981001,1.413457700611289
329962.7043225730,4157661.3753401400,0.770213529239114
329962.6964230540,4157661.3670070898,1.25712754629022
329962.6885220180,4157661.3584257602,0.4218334722806915
329962.6805173810,4157661.3496447899,0.2269531840809449
329962.6724345910,4157661.3407296101,-0.4500649016998639
329962.6641989250,4157661.3317447202,-0.7094026834422964
329962.6557605120,4157661.3226981298,0.006638280751402098
329962.6472221680,4157661.3135428899,-0.1511900408239532
329962.6385017300,4157661.3042281498,-0.2171094111660004
329962.6297086560,4157661.2948879600,0.1757005990862718
329962.6208076350,4157661.2853899901,0.06526024232868727
329962.6118025790,4157661.2757645301,0.6840788880243239
329962.6027606090,4157661.2659219801,-0.5295662868470539
329962.5935062590,4157661.2559913700,-0.1642309476068931
329962.5840471380,4157661.2458867300,-0.2335430352505936
329962.5744044950,4157661.2356530800,0.6421126809209665
329962.5647915290,4157661.2252639602,0.1395057804628103
329962.5550522450,4157661.2146962201,0.3877179900680978
329962.5453709280,4157661.2040732000,0.2340939315549539
329962.5356543590,4157661.1933389101,-0.2220328670961332
329962.5258221550,4157661.1825470999,-0.02155179159917937
329962.5158917100,4157661.1716543799,-0.8055348217236297
329962.5057259730,4157661.1607674598,-0.7643686923705811
329962.4952933620,4157661.1498484099,0.03486591413714512
329962.4847310160,4157661.1387818400,0.2895837973780509
329962.4741366300,4157661.1275824001,0.2141787202325095
329962.4634274600,4157661.1161859399,0.9953069371328197
329962.4528630020,4157661.1045862902,0.5362444107771263
329962.4422816940,4157661.0927688498,-0.2599349080884714
329962.4315565730,4157661.0808901601,-0.8723145828233894
329962.4205519180,4157661.0690405099,-0.1574349981724278
329962.4094663370,4157661.0571646402,-1.02173700664645
329962.3981563850,4157661.0454450799,-0.218541700908927
329962.3867619790,4157661.0337219601,-0.4743885586291184
329962.3751449210,4157661.0219548098,0.386984661537781
329962.3634714700,4157661.0099773300,0.4544512561525442
329962.3519242890,4157660.9979480999,0.4833602708857007
329962.3404567240,4157660.9858072898,1.00138372947974
329962.3291199750,4157660.9733942100,0.3735699399547173
329962.3177486740,4157660.9607843799,-0.9119027549092034
329962.3060579080,4157660.9482192299,0.964530586070374
329962.2945960260,4157660.9354840699,-2.067756140298968
329962.2823065380,4157660.9227800900,-0.1513625690036071
329962.2701523260,4157660.9102825699,-0.06241319001499185
329962.2577979040,4157660.8976070201,-0.232541359537018
329962.2453954700,4157660.8849865398,-0.1994855671965513
329962.2328224800,4157660.8722829702,-0.04737829174168252
329962.2201367120,4157660.8594872300,0.08340212698801221
329962.2074470530,4157660.8466490000,0.1062908062275963
329962.1947215360,4157660.8337248699,0.7160822868183997
329962.1821421690,4157660.8206125000,1.12029615717279
329962.1698224390,4157660.8072358398,0.7582618289497447
329962.1576233530,4157660.7936170199,-0.2781651167847402
329962.1451281150,4157660.7798108300,0.002854903337641554
329962.1327608710,4157660.7661446100,-1.612506631768529
329962.1199310050,4157660.7527893400,-1.183716694564066
329962.1067782200,4157660.7396861101,-1.527687927373342
329962.0931958950,4157660.7269033301,-0.3242926860850401
329962.0794351010,4157660.7141092299,0.3513409771523454
329962.0656354580,4157660.7011073302,0.4293323371982551
329962.0519162660,4157660.6879685801,1.260956383267631
329962.0384253620,4157660.6744120298,0.7078870947226443
329962.0250529790,4157660.6606047400,1.071914215801699
329962.0121378180,4157660.6467114799,0.6738608076536677
329961.9993504680,4157660.6325974399,-0.06544939569955877
329961.9864628410,4157660.6184084201,0.4623372021010018
329961.9736177900,4157660.6040111198,0.2058370217614281
329961.9608083260,4157660.5895383102,-1.089598432853465
329961.9477275470,4157660.5753709101,-0.5872557193193942
329961.9345313010,4157660.5613987301,-0.7573285497512943
329961.9210983170,4157660.5475848499,-1.693778619293067
329961.9071917660,4157660.5341887502,0.3602371675337143
329961.8936375140,4157660.5209507500,-0.2732442293086277
329961.8801458550,4157660.5079090199,0.469554699603877
329961.8669201440,4157660.4948983002,0.7383843061552975
329961.8540020670,4157660.4818389802,0.5553259061078364
329961.8412442720,4157660.4686760800,0.3041472720080561
329961.8286628280,4157660.4555500699,0.559474317168307
329961.8163276010,4157660.4424172700,0.4692023750622213
329961.8041690900,4157660.4292519200,-0.7571233572148162
329961.7917214720,4157660.4161367500,-0.02422968806259914
329961.7794997030,4157660.4032707298,-1.014487633714497
329961.7671295570,4157660.3907078598,-0.5441811545147975
329961.7547219760,4157660.3783456902,0.1382566578761143
329961.7426166490,4157660.3662267602,0.8168342826804448
329961.7309108840,4157660.3541784799,0.7405787227737006
329961.7196085700,4157660.3422553898,0.2252301610460026
329961.7085836230,4157660.3305392698,-0.4940057859435537
329961.6978964270,4157660.3193579898,-0.9127188704555311
329961.6872368100,4157660.3085136199,-0.8619252568251684
329961.6769442740,4157660.2983073601,-0.2896879290088743
329961.6668967150,4157660.2884261999,-0.1889919570817386
329961.6571134250,4157660.2788553201,-0.3817135710827527
329961.6474815500,4157660.2695295499,0.151972368427725
329961.6380457020,4157660.2603565999,-0.5715055495976845
329961.6287111860,4157660.2514165202,0.3788000097561326
329961.6196115480,4157660.2426164602,0.3596818858953617
329961.6106560680,4157660.2338770102,0.4109926930757917
329961.6018179320,4157660.2251632502,-0.5582682047206402
329961.5928095320,4157660.2164046299,0.1580003849371632
329961.5839311240,4157660.2077382598,-1.01716042859668
329961.5749904120,4157660.1992281899,-0.07958325146329541
329961.5661282150,4157660.1908093500,0.1944650550406878
329961.5573326830,4157660.1824140800,0.9053816886138983
329961.5487437420,4157660.1740345899,0.6674364875523571
329961.5403167350,4157660.1656810599,0.3567813999570285
329961.5320110930,4157660.1573781902,0.4040347947696851
329961.5237659830,4157660.1490573399,0.1122960973230371
329961.5156644600,4157660.1408600300,-1.348789785483393
329961.5074765570,4157660.1328283399,-1.144790702485742
329961.4992399030,4157660.1249576602,-1.02395015390669
329961.4909601830,4157660.1172280600,0.5951987999377284
329961.4828261960,4157660.1095318198,-0.4575531354384308
329961.4747603370,4157660.1019774801,0.01600589936637075
329961.4668053740,4157660.0945243798,1.89317318507219
329961.4591197420,4157660.0870221402,-0.07452424098942663
329961.4515272090,4157660.0796225602,1.45613378275558
329961.4441127470,4157660.0721708899,3.108358931919745
329961.4371228960,4157660.0646772701,0.003157571030761763
329961.4301747510,4157660.0572278802,0.08689835654052967
329961.4230813430,4157660.0496090902,-2.788581397397958
329961.4155275690,4157660.0419611800,-2.466542534327771
329961.4075199550,4157660.0342791802,-0.9990587213377576
329961.3991843580,4157660.0264607300,0.8533611206554645
329961.3908531670,4157660.0184915802,0.1534438912193964
329961.3825012250,4157660.0104741799,0.434959682885843
329961.3741749410,4157660.0024003801,1.317284314804589
329961.3660687720,4157659.9942975501,0.1346075625430306
329961.3578680050,4157659.9860746600,-0.0468135867568743
329961.3494341490,4157659.9776273700,1.008560581976017
329961.3408506210,4157659.9688173998,-0.784441561979737
329961.3319119530,4157659.9598209900,-0.5639784023996558
329961.3227314310,4157659.9507136801,0.008214233397643652
329961.3135095370,4157659.9415633800,-0.383656406900067
329961.3042141750,4157659.9324318101,0.5360677117209734
329961.2948317290,4157659.9230839401,0.2563651826099517
329961.2854752080,4157659.9136983599,-0.266822616326641
329961.2760768680,4157659.9043373000,-0.1916571657875792
329961.2666232520,4157659.8949690200,-0.1827053345057041
329961.2570492610,4157659.8855277202,-0.745735737551655
329961.2472105070,4157659.8760197000,0.9050335819861201
329961.2374533840,4157659.8663536101,-0.04133032971998835
329961.2273661130,4157659.8563719802,0.3061650602260675
329961.2170853170,4157659.8461090098,0.5887914434532374
329961.2066526470,4157659.8355125901,0.4647098109023551
329961.1963205680,4157659.8248724500,0.8454045129479245
329961.1860964020,4157659.8140754700,0.5291970611619647
329961.1759197260,4157659.8031575098,0.4509157944767016
329961.1657440300,4157659.7920916802,-0.4582841526616296
329961.1553544430,4157659.7809493500,-0.2905896195738434
329961.1447958410,4157659.7697263602,-1.042415777711746
329961.1339685380,4157659.7585834698,-0.2072959028352579
329961.1229875780,4157659.7473554201,0.5966514726973278
329961.1119548240,4157659.7358593200,0.07157611575512401
329961.1009493480,4157659.7243654500,0.5423818993922791
329961.0900133120,4157659.7127446798,0.3054976014818427
329961.0791112290,4157659.7010461199,0.3226234612470625
329961.0681958100,4157659.6892110002,1.022507776553553
329961.0574404010,4157659.6771564302,-0.6042022068931842
329961.0465001550,4157659.6651337598,-1.13287806577207
329961.0353675260,4157659.6533428198,-1.472366276590408
329961.0238603180,4157659.6417261502,-0.8142098658577198
329961.0119843520,4157659.6300550899,0.0004576854953903258
329961.0002546140,4157659.6185275600,0.163620556652418
329960.9886185710,4157659.6070305598,1.042015376695903
329960.9773068310,4157659.5954685798,1.309840240394478
329960.9662314350,4157659.5836574100,0.08251205573044032
329960.9550859120,4157659.5717394599,0.2794229516776727
329960.9439608100,4157659.5597339198,-0.6141092437206115
329960.9327953520,4157659.5479243202,-0.3328269047623
329960.9215538590,4157659.5361624700,-0.1264149324190316
329960.9102055930,4157659.5243378701,0.163008980577686
329960.8990397630,4157659.5126413899,0.6189181561556399
329960.8879581420,4157659.5007976801,0.591213367764147
329960.8769216540,4157659.4887724002,0.6229617762235233
329960.8659402670,4157659.4765594099,0.1010179523256667
329960.8549266440,4157659.4642695198,0.07068355788692671
329960.8439802920,4157659.4520260599,-0.5511098928987475
329960.8330216860,4157659.4399889698,-0.1621056045319392
329960.8221114480,4157659.4280681200,-0.5943567601837705
329960.8109605940,4157659.4161182102,-0.9605668112530394
329960.7997165150,4157659.4044399299,-0.3697716497624264
329960.7883231150,4157659.3927481500,-0.538879422992403
329960.7767351630,4157659.3810649700,-0.1583196452932648
329960.7651424150,4157659.3694376298,-0.3176998028101207
329960.7535192620,4157659.3579006302,-0.1896930006806279
329960.7418857020,4157659.3464247501,0.3201288038435291
329960.7303448900,4157659.3349207900,0.02248272201242905
329960.7187888900,4157659.3233932401,0.4047730851586478
329960.7071354920,4157659.3116127201,0.912928803148276
329960.6957782410,4157659.2997805998,0.6281685598053327
329960.6845132180,4157659.2877995698,0.4861128341887104
329960.6734218010,4157659.2758132601,0.4760718324134809
329960.6624830240,4157659.2638064800,0.2071278750742805
329960.6515515180,4157659.2517261701,-0.5408271655642799
329960.6404919650,4157659.2397189401,-2.28748340444415
329960.6290572800,4157659.2281965301,-2.702336268817147
329960.6170545120,4157659.2171215899,-1.39610690165666
329960.6046353060,4157659.2061793399,0.1424454374065816
329960.5923719730,4157659.1953232298,0.977348301976564
329960.5804324090,4157659.1844100798,2.030120155718623
329960.5690528290,4157659.1733076200,1.793118160726517
329960.5580598370,4157659.1619548900,1.613782065650204
329960.5473541000,4157659.1503190398,0.6421055530370103
329960.5367359440,4157659.1385402400,-0.4585691558457793
329960.5260493320,4157659.1268573301,-0.2269384509741957
329960.5152566230,4157659.1151434798,-2.455347930427266
329960.5038978580,4157659.1037484100,-0.8452957708607125
329960.4925292120,4157659.0926476200,-0.4565810009367052
329960.4810339110,4157659.0815852499,0.5322987675025596
329960.4695662540,4157659.0703598000,0.5003286259391949
329960.4581599360,4157659.0590134002,0.7527570796322312
329960.4469646700,4157659.0476047900,0.7668221829583768
329960.4360367440,4157659.0361937201,0.5755557779102756
329960.4252315080,4157659.0247035702,-0.7354761155712017
329960.4143834250,4157659.0134316799,0.5376497172782678
329960.4037201220,4157659.0021644100,-0.6113605524686071
329960.3929263900,4157658.9909740798,-0.4573866352515404
329960.3821892640,4157658.9799987301,-0.3581141641321698
329960.3713767220,4157658.9690672699,-0.7593588521969747
329960.3603808050,4157658.9582076599,0.009448765200353985
329960.3493382830,4157658.9472988299,-0.256646978564051
329960.3381799550,4157658.9363633702,0.6771255670242797
329960.3272514990,4157658.9254253502,0.1797576117367781
329960.3165382470,4157658.9146434600,0.05615184245996273
329960.3058617830,4157658.9038802600,0.748027462400354
329960.2954374630,4157658.8931316300,0.52867888231213
329960.2850345120,4157658.8822331899,-0.05400144972394744
329960.2745504270,4157658.8712676899,0.1381705808796088
329960.2640344950,4157658.8602224998,0.3392818185231989
329960.2536253350,4157658.8491758299,-0.8312890842187406
329960.2431511220,4157658.8383364799,-0.4670543424632636
329960.2326628810,4157658.8276339802,-1.202440780533854
329960.2219075700,4157658.8170487899,-0.635114285856785
329960.2110666070,4157658.8065817999,-0.6881656509398144
329960.1999629590,4157658.7960830098,0.4733671330495458
329960.1890285300,4157658.7855940200,0.4159382769462493
329960.1781761580,4157658.7750517102,0.9287220574394182
329960.1674655250,4157658.7643503901,0.8509003115154727
329960.1568676320,4157658.7534849602,0.9904326042093631
329960.1463674050,4157658.7423897199,-0.1845533909154251
329960.1356722430,4157658.7311526202,0.8664495511986173
329960.1252141390,4157658.7198658199,-0.3298295735292778
329960.1148002560,4157658.7087399899,-0.4892365208352095
329960.1043356550,4157658.6977254800,-1.171365729180227
329960.0937579650,4157658.6869800398,-3.010665105006907
329960.0826366260,4157658.6766664698,-1.82822862713751
329960.0711656990,4157658.6666073301,0.7818374740943841
329960.0597775050,4157658.6563774701,1.114313343834054
329960.0485111820,4157658.6459035100,1.908420870024055
329960.0375085740,4157658.6350540100,2.953510377538228
329960.0270503600,4157658.6237566802,0.3158512833135032
329960.0167046310,4157658.6124715800,-0.3222513979983935
329960.0062511060,4157658.6011815099,1.215262683269092
329959.9960848180,4157658.5897828601,-1.160817873389213
329959.9856723390,4157658.5785176698,-1.341615203209107
329959.9749820370,4157658.5674201399,-1.446436271663428
329959.9640033800,4157658.5565212099,-0.3145366065560223
329959.9529840460,4157658.5456877900,0.2251087041449231
329959.9420233260,4157658.5348368301,-0.5512594234394309
329959.9309152400,4157658.5240258900,1.150971004170546
329959.9200066160,4157658.5130234598,0.09740667231844563
329959.9089280330,4157658.5018155398,1.659639786758058
329959.8981518060,4157658.4903276898,0.3624538090398146
329959.8873037420,4157658.4786292701,-0.09538421837880223
329959.8763842370,4157658.4668897800,-0.705029028500661
329959.8654093950,4157658.4553541401,-1.883864556535963
329959.8541306350,4157658.4441885101,-1.422751796262315
329959.8425960970,4157658.4332743301,0.807855887946358
329959.8311590570,4157658.4221703401,0.07917026675654708
329959.8195764070,4157658.4108963502,0.8085356942386084
329959.8081199580,4157658.3994495599,1.739968812292179
329959.7970070110,4157658.3877023798,0.2810453381678284
329959.7859076400,4157658.3758620298,-1.711587789801794
329959.7745080700,4157658.3643584698,-2.21002550658339
329959.7627461710,4157658.3533083200,-2.1449999678291
329959.7506512510,4157658.3427077699,-1.196211408025857
329959.7383274460,4157658.3323193798,1.835166214016845
329959.7263383990,4157658.3215914299,2.202414178646319
329959.7147571440,4157658.3104655901,2.041877363445369
329959.7034613470,4157658.2988753002,2.702969731346156
329959.6928238810,4157658.2869666098,0.7280716775323544
329959.6823031340,4157658.2749090302,-0.7798835803092884
329959.6716450320,4157658.2629972599,-1.7361724698829
329959.6606452730,4157658.2513701599,-2.77948490126566
329959.6490489600,4157658.2401603102,-0.6646886553806145
329959.6373384360,4157658.2290803799,-0.2858414239311614
329959.6256151270,4157658.2180901300,-0.2166175211941843
329959.6138263570,4157658.2071154499,1.379247175014237
329959.6021891700,4157658.1957869399,0.7187896552287636
329959.5907278940,4157658.1843665801,1.952815952414491
329959.5797533110,4157658.1727214600,-1.3533769446958
329959.5683139430,4157658.1611028500,0.1092112545888789
329959.5570605690,4157658.1496326602,-1.194915263411096
329959.5457079470,4157658.1384950802,-1.8089207676615
329959.5341339990,4157658.1277735899,-0.9284160680336085
329959.5224869200,4157658.1172960498,-0.3621564650431578
329959.5107490100,4157658.1068568402,0.8344920297312105
329959.4990157840,4157658.0961414399,1.314547987401991
329959.4875144750,4157658.0851886999,0.8905833183769973
329959.4761195470,4157658.0740250102,0.417144954535089
329959.4647723420,4157658.0627589398,-0.07582604739536732
329959.4534422610,4157658.0515370802,-0.6205409713824741
329959.4420303550,4157658.0404554498,-0.2720310879360557
329959.4305744690,4157658.0294270101,-0.1675441236076601
329959.4191192610,4157658.0184578001,-0.1519592447487748
329959.4076114570,4157658.0074913302,1.179577326321223
329959.3962107270,4157657.9962096098,0.9439101206403987
329959.3850682790,4157657.9848458199,0.2880296366635363
329959.3740371980,4157657.9734922401,-0.5712210330775069
329959.3629756790,4157657.9623107701,-1.82542406840207
329959.3516978380,4157657.9515443300,-1.456847808006054
329959.3401901660,4157657.9410473499,-1.152735927987095
329959.3284342280,4157657.9307054100,0.3843943102569993
329959.3166361360,4157657.9201991800,0.3405265666512734
329959.3047697870,4157657.9095165399,0.4752607065513492
329959.2929255070,4157657.8986895098,0.605114464485441
329959.2811913180,4157657.8877521199,0.3034641271581419
329959.2694909730,4157657.8767392598,-0.2011992908017903
329959.2577047890,4157657.8657173999,0.2729544913386193
329959.2458877600,4157657.8545683902,-0.3102827704381422
329959.2339545120,4157657.8434231798,-0.501011837379836
329959.2219394160,4157657.8323841002,1.082617846577323
329959.2103194650,4157657.8213265599,1.171642288408818
329959.1991271310,4157657.8102717702,0.7535989183038123
329959.1881055140,4157657.7991248602,0.9263683421968932
329959.1773579770,4157657.7879363801,-0.2268955305747956
329959.1665929530,4157657.7768082898,-0.2891819603927198
329959.1557745750,4157657.7657248001,-1.251273852098964
329959.1447467110,4157657.7548562000,-0.5341426177066371
329959.1337065370,4157657.7441534000,-0.8662009169560747
329959.1224910900,4157657.7335672001,-1.056602130695629
329959.1110684430,4157657.7231326401,-0.04828866894595488
329959.0995339520,4157657.7126117800,-0.07010942206163467
329959.0879607490,4157657.7020788202,0.9290315035476083
329959.0766343490,4157657.6914666202,0.9940505011852271
329959.0655197230,4157657.6807267601,0.5586881174287519
329959.0544669810,4157657.6698603202,-0.5122283616375348
329959.0432674010,4157657.6590235000,-0.02690028087343503
329959.0320226370,4157657.6481520999,0.3427153344361901
329959.0207742010,4157657.6371595599,0.1280531094402142
329959.0094451720,4157657.6260433602,0.4560230617859047
329958.9983092630,4157657.6149581200,0.5580813854410053
329958.9872206600,4157657.6037242198,-0.2764812722480008
329958.9760986780,4157657.5925543602,0.2901359431177357
329958.9650499130,4157657.5813561701,0.2571081915583768
329958.9540539650,4157657.5701210098,1.074592091115768
329958.9433100750,4157657.5587669401,0.175271484303934
329958.9327499320,4157657.5475460701,-0.205467863819256
329958.9222706170,4157657.5364811001,0.07817406165522783
329958.9118023180,4157657.5254013501,-0.5176866297426569
329958.9012746320,4157657.5144332000,-0.8833489890376744
329958.8906277030,4157657.5036345399,-0.6976919637380383
329958.8797345190,4157657.4928188599,-1.254228886605088
329958.8685374150,4157657.4821233498,-0.8111071224161406
329958.8570849420,4157657.4714571801,-0.1435678530046646
329958.8455391860,4157657.4607526199,1.884555263301215
329958.8343815450,4157657.4497765498,2.584629455600696
329958.8238091730,4157657.4385049902,1.889210625760634
329958.8137126110,4157657.4270951701,0.4888833455582992
329958.8037306670,4157657.4156443900,-0.376571093167394
329958.7936871370,4157657.4042551299,-1.706068640992976
329958.7832559720,4157657.3930292302,-1.670271509204938
329958.7725305120,4157657.3820636100,-1.197207577496431
329958.7615355320,4157657.3712291000,-0.3374806510998868
329958.7504384250,4157657.3604075499,0.4228684344139407
329958.7394137760,4157657.3495147801,1.616909068581966
329958.7287271210,4157657.3384147799,1.249223270387534
329958.7183640810,4157657.3272299701,0.2299825605066815
329958.7079992460,4157657.3159640799,0.9494426433933344
329958.6977793940,4157657.3045261898,-1.262218294170684
329958.6873172850,4157657.2932642899,-0.3284498879464923
329958.6768461520,4157657.2821059301,-0.5700419494710836
329958.6662603390,4157657.2710209098,-0.5746751708321782
329958.6555441990,4157657.2599958102,-0.4152046128462819
329958.6447668490,4157657.2490483802,-0.770791805425675
329958.6339052830,4157657.2382731098,-0.8159516634690502
329958.6229495740,4157657.2276720400,0.2284069218230676
329958.6120115200,4157657.2170139900,2.12047425046942
329958.6013808180,4157657.2059606500,0.5630724635956966
329958.5907452210,4157657.1947084200,1.16396878305537
329958.5802992320,4157657.1832497101,0.5422190325759841
329958.5699359660,4157657.1716878498,0.04075494205859566
329958.5595713280,4157657.1601097202,-0.201069303281207
329958.5491175890,4157657.1485054102,0.6994383462209898
329958.5387649320,4157657.1367574101,0.1119455980568729
329958.5283943500,4157657.1249473202,-0.08372269356163958
329958.5179586570,4157657.1130946502,-0.437529648605707
329958.5073795090,4157657.1012456198,-1.242768954379941
329958.4965659010,4157657.0896049598,-2.512526062124742
329958.4852298810,4157657.0783417500,-0.6898021543161409
329958.4738040580,4157657.0672365399,-0.5918232246019279
329958.4623098130,4157657.0562733798,-0.2278186243586083
329958.4507355710,4157657.0453137700,2.151231344544204
329958.4395100550,4157657.0339282700,1.500379828048579
329958.4284573270,4157657.0221638698,1.528675716634284
329958.4177317170,4157657.0101687200,0.6741318344617896
329958.4071889890,4157656.9981181799,0.6878266515636632
329958.3967441820,4157656.9859103900,0.2417978607875223
329958.3863405990,4157656.9736546902,0.3660950248977603
329958.3759183500,4157656.9612288601,0.1523610498492214
329958.3654169430,4157656.9486453002,0.2543063178761545
329958.3549575620,4157656.9360053199,-0.2750827495734283
329958.3444770630,4157656.9234553701,-0.7894455855749103
329958.3338977540,4157656.9111134899,-0.3476286863940124
329958.3233365740,4157656.8989321701,-0.6933940324780399
329958.3127182350,4157656.8869570498,-0.4849461552543429
329958.3020990330,4157656.8751658001,-1.421403526966981
329958.2912651750,4157656.8636674602,-0.9850242925189097
329958.2802732090,4157656.8523588600,-0.7230545645387455
329958.2691395170,4157656.8411629200,1.471706020600298
329958.2582623100,4157656.8297041100,2.001889354964821
329958.2478739990,4157656.8180473102,2.862464024075256
329958.2381285480,4157656.8060814501,1.123527471023124
329958.2286590320,4157656.7940352000,-0.165160121202325
329958.2192613680,4157656.7821420901,-2.180952393462496
329958.2094549080,4157656.7705422998,-2.467673598339937
329958.1992317850,4157656.7593299602,-1.264827002720461
329958.1887368550,4157656.7482552999,0.1861965603874958
329958.1782919870,4157656.7371706199,1.509682006242532
329958.1682485150,4157656.7260122099,1.816261860507758
329958.1585939000,4157656.7146817199,1.321067117248372
329958.1492578850,4157656.7032805998,1.168739584783105
329958.1401825630,4157656.6918014502,0.8152673229937502
329958.1312960650,4157656.6802820899,0.1419599976664289
329958.1224143140,4157656.6687195301,-1.761274003683409
329958.1131615650,4157656.6572961998,-2.469469522257829
329958.1033770190,4157656.6460800101,-1.377405189905289
329958.0933135020,4157656.6350117200,-0.7637899734261482
329958.0831882460,4157656.6241272199,0.03421402489271898
329958.0731664620,4157656.6133430102,0.07412177324125309
329958.0632304500,4157656.6026277598,0.6825346869780535
329958.0533668080,4157656.5917750499,0.8426178116125882
329958.0435708820,4157656.5807245900,1.747590227186914
329958.0340056800,4157656.5693546198,0.7392129821079367
329958.0245281500,4157656.5578338299,0.6904804548907112
329958.0151370300,4157656.5461749202,0.124355830841404
329958.0057171700,4157656.5344355400,-0.2723440548835182
329957.9962403520,4157656.5227239002,-0.7739256602535509
329957.9866061250,4157656.5110979099,-1.248917497266998
329957.9767116470,4157656.4996069600,-1.108758239058473
329957.9665715800,4157656.4882246102,-1.409756961980562
329957.9560996000,4157656.4769684700,-0.0282271346777352
329957.9455888880,4157656.4656805401,0.2857247227499297
329957.9352656890,4157656.4544962100,0.6736777331155754
329957.9251211020,4157656.4432774498,1.440672429154127
329957.9152344020,4157656.4318533400,0.8843544466891013
329957.9054452020,4157656.4202307402,0.7971734856182662
329957.8957508900,4157656.4084329698,-0.2106860101632655
329957.8859414410,4157656.3965733801,-1.014518262609157
329957.8759331240,4157656.3848512298,-0.2597266347643883
329957.8658937670,4157656.3731875299,0.437105448872423
329957.8559552480,4157656.3614828298,0.3549386898710811
329957.8461142590,4157656.3497643601,0.009538553700252474
329957.8363106940,4157656.3380870000,0.5106224581954378
329957.8266090550,4157656.3263467401,-0.4548662222368861
329957.8167828740,4157656.3146225000,-1.028654306414799
329957.8067658480,4157656.3030457101,-0.7761119598900486
329957.7965609610,4157656.2915318701,-0.7243439321940807
329957.7861955260,4157656.2800966101,0.7065802836912247
329957.7759132840,4157656.2685009600,0.3271561386930619
329957.7655397060,4157656.2566812402,0.9150266174677139
329957.7552784680,4157656.2446434600,0.7893944604043985
329957.7450453540,4157656.2323285998,0.3975880519881481
329957.7348153960,4157656.2198562599,-0.01921200641659561
329957.7245796840,4157656.2073847898,0.4209698787306198
329957.7144829740,4157656.1949113398,-1.465805200318749
329957.7040259580,4157656.1825986798,-0.7078632896197967
329957.6933698010,4157656.1703392598,-0.4208154205339633
329957.6825770310,4157656.1580931698,-0.9278955448166295
329957.6714871970,4157656.1458896701,-0.1239147188049048
329957.6603028800,4157656.1336327698,0.2980229740809014
329957.6491040380,4157656.1212369800,1.560862530804172
329957.6382101550,4157656.1085270201,1.130294141755301
329957.6275658280,4157656.0956220399,0.7846134395354755
329957.6171240640,4157656.0826191902,0.5359938768468065
329957.6068215370,4157656.0695524500,-0.5678766473673177
329957.5965150840,4157656.0567303700,-1.014464752693165
329957.5860377440,4157656.0441313200,-0.3963991490924693
329957.5754458420,4157656.0315617500,-0.6754572615899841
329957.5647214620,4157656.0191179202,-0.3052636791109961
329957.5539147100,4157656.0067050499,0.3606224403081864
329957.5431608370,4157655.9942037198,0.6308402743733258
329957.5324863490,4157655.9815297099,-0.666483604879725
329957.5215982390,4157655.9688890502,-0.09810280961326262
329957.5106400020,4157655.9562090999,-0.5328269382955549
329957.4995575240,4157655.9436146100,-0.6439257165140451
329957.4883584470,4157655.9311612602,-0.01347639682364421
329957.4771901720,4157655.9187477902,0.6329905373569911
329957.4661854200,4157655.9062533402,1.333855113421076
329957.4555054660,4157655.8935717801,1.29995903367401
329957.4451493740,4157655.8807239700,2.255969778483804
329957.4352569080,4157655.8674692698,-0.202759028990204
329957.4252873320,4157655.8542044400,0.2528675061915674
329957.4153058510,4157655.8408066900,-1.240616833294224
329957.4050361860,4157655.8276027800,-1.288566219874621
329957.3944850410,4157655.8146241498,-0.7848847926918312
329957.3837763080,4157655.8017992000,0.1575802526634308
329957.3730619590,4157655.7888985099,-0.2870547956381125
329957.3622898750,4157655.7760545802,-0.09150450387923353
329957.3515195560,4157655.7632526499,0.2927240672961054
329957.3407982780,4157655.7503815000,-0.261018332233141
329957.3299569790,4157655.7374817198,0.5304677726037355
329957.3192129040,4157655.7244629101,0.05070455128721017
329957.3084464340,4157655.7113941601,0.3686880664649614
329957.2976775600,4157655.6981542702,0.4225020294569815
329957.2870571840,4157655.6849033800,0.5956182757829874
329957.2765656920,4157655.6715384298,-0.3124737437824615
329957.2659722620,4157655.6581903598,-0.8137172188472953
329957.2551412710,4157655.6449258700,-1.025056645204281
329957.2440052480,4157655.6317678001,-0.6859469933176562
329957.2327205590,4157655.6187493200,0.1930388901417045
329957.2215173290,4157655.6057377802,0.6810687634063762
329957.2104473010,4157655.5925723901,0.598515342755346
329957.1995157240,4157655.5792965898,0.134167220992067
329957.1886051900,4157655.5659838398,0.2940631595731265
329957.1776541220,4157655.5524821202,-0.2577445551917776
329957.1666317250,4157655.5390162999,-0.3258294024359759
329957.1554836210,4157655.5255537201,-0.1845595289276505
329957.1442795650,4157655.5121121299,-0.8688006082988882
329957.1329265300,4157655.4989043698,0.05078073935608801
329957.1215888120,4157655.4856908098,-0.3273483099859611
329957.1100600520,4157655.4724093098,0.3438004542093758
329957.0984830390,4157655.4589072401,1.627722029690546
329957.0872294370,4157655.4449835699,0.5687249214075285
329957.0759991290,4157655.4307940300,0.3705424891689018
329957.0648109340,4157655.4164607702,-0.02406215383896037
329957.0534723610,4157655.4019480399,-0.7406831080908698
329957.0418511410,4157655.3874861100,-0.2431106824329237
329957.0301246240,4157655.3730274201,-0.7865763210473411
329957.0181930110,4157655.3587483098,-0.5093002101276538
329957.0061287910,4157655.3445854499,-0.2667447743185053
329956.9939731220,4157655.3304579901,-0.6008934131883509
329956.9815783280,4157655.3163757902,0.5709566179999046
329956.9693374850,4157655.3021644601,-0.422842538945811
329956.9569930280,4157655.2880605301,0.7591538477991447
329956.9448330450,4157655.2737615602,0.640627889124844
329956.9327872150,4157655.2592458399,0.8198623131125135
329956.9210135070,4157655.2446039501,0.3313433251335043
329956.9092891040,4157655.2298357100,-0.3055232153485593
329956.8974093160,4157655.2150480198,-0.1072020313894382
329956.8854374400,4157655.2002077699,-0.157537847805653
329956.8734350790,4157655.1854207902,-0.8066421152127244
329956.8611272150,4157655.1707261801,-0.1410667154007736
329956.8487401360,4157655.1560181002,-0.04127323879974778
329956.8364089380,4157655.1413998702,-0.4042469998958037
329956.8241248700,4157655.1270624399,0.1448571980568613
329956.8119726720,4157655.1128004598,0.006708977781306838
329956.7997998300,4157655.0985106099,0.0629100189418997
329956.7875705660,4157655.0841200300,-0.06893233484951831
329956.7752151180,4157655.0696194302,-0.3559253963978189
329956.7626977360,4157655.0551294801,1.058377698291218
329956.7504519330,4157655.0403585201,-0.5181919377167337
329956.7380542080,4157655.0257034102,-0.05862312206510591
329956.7256819750,4157655.0111117102,-0.5390680672833112
329956.7132134340,4157654.9967095498,-0.03956785550954213
329956.7006778110,4157654.9822519901,0.5006316785344954
329956.6882113070,4157654.9675919400,0.03300025957303925
329956.6757927110,4157654.9529694500,0.6282092603612419
329956.6635873940,4157654.9382425202,0.4840054640381863
329956.6515413330,4157654.9234310300,-0.1224511273214865
329956.6394303370,4157654.9086107002,0.2588173300083058
329956.6273936610,4157654.8937315000,-0.2532293120298677
329956.6152859210,4157654.8789119101,-0.3922994705456631
329956.6031320730,4157654.8642611601,-0.5453549790520367
329956.5909120350,4157654.8498369399,-0.683954076409526
329956.5785134550,4157654.8355798000,-0.5524379068910864
329956.5659745560,4157654.8214615602,0.07057503530854375
329956.5534484560,4157654.8073198101,-0.1776071828816103
329956.5408519110,4157654.7931943899,0.02383916862258201
329956.5283123880,4157654.7791201598,-0.00751046034373863
329956.5157994530,4157654.7650797698,0.02831923266746078
329956.5033378040,4157654.7510819500,0.1758996176991248
329956.4909627500,4157654.7370889401,0.4151222903274974
329956.4787329380,4157654.7230424802,0.3309187980231907
329956.4665981900,4157654.7089305799,-0.0271183924775963
329956.4544076140,4157654.6947682500,0.3688689231422421
329956.4423220100,4157654.6805306100,0.4774238481657855
329956.4305013800,4157654.6663522702,-0.4560517031971089
329956.4185465130,4157654.6522560599,-0.2246115059464985
329956.4065330470,4157654.6382093900,-0.4809090585405489
329956.3943741480,4157654.6242461000,0.08307970230048463
329956.3823795440,4157654.6104288800,0.2862287571317607
329956.3706777200,4157654.5968067902,-0.0804359175658171
329956.3591773730,4157654.5834579300,0.4599325304420596
329956.3479673230,4157654.5702324999,-0.1713262853557092
329956.3368768310,4157654.5572260902,-0.8271095069962714
329956.3256174110,4157654.5443933201,0.3156301751128272
329956.3144147560,4157654.5314855301,-0.5507755944404266
329956.3031309380,4157654.5187283899,-0.4379841163828523
329956.2917676740,4157654.5060728001,0.1823494783485127
329956.2804331230,4157654.4933701199,0.1563710545652624
329956.2690988010,4157654.4805993200,0.5784499184589142
329956.2578703120,4157654.4676929801,-0.09933497744561462
329956.2466393210,4157654.4548279401,0.5715048949773465
329956.2354982880,4157654.4418112598,-0.3077674243501092
329956.2241930750,4157654.4287434798,0.2052728214823593
329956.2129051230,4157654.4156016102,0.01249595921080941
329956.2015723280,4157654.4024017402,-0.1284320782201565
329956.1901592020,4157654.3891683798,-0.3789584255791117
329956.1785134110,4157654.3758458002,-0.04209536024648319
329956.1667067010,4157654.3623595499,0.6300046866029945
329956.1550211860,4157654.3487031902,0.6455771543788765
329956.1434492630,4157654.3348568901,0.290518205626257
329956.1319085740,4157654.3208996402,0.2110821987762945
329956.1204312920,4157654.3069105698,-0.1887828840835311
329956.1089666470,4157654.2930335901,-0.3898894601580356
329956.0973649360,4157654.2791900700,-0.4050518212847374
329956.0855733630,4157654.2653280701,-0.3601989936779114
329956.0735926970,4157654.2514301799,-0.1384637754023098
329956.0614983450,4157654.2374725100,0.09361907227786971
329956.0493502490,4157654.2234035800,-0.111825181432578
329956.0371922680,4157654.2093821801,-0.1398819243635829
329956.0250137910,4157654.1954105399,0.4906649469076146
329956.0129435900,4157654.1813059798,-0.206734738294466
329956.0007851240,4157654.1672083200,-0.5947062816811299
329955.9884146540,4157654.1531825899,0.4612896120418515
329955.9761835870,4157654.1390715502,0.1124503596521385
329955.9640040400,4157654.1249602400,-0.002016045721837043
329955.9518237750,4157654.1108491700,0.09071777654096098
329955.9396192980,4157654.0966615202,0.7849348227315606
329955.9276499110,4157654.0823269598,0.1673481598823061
329955.9158537450,4157654.0681102602,0.790258998452001
329955.9043287430,4157654.0538014700,-1.038239784694472
329955.8924791200,4157654.0396521301,-0.1214597655076201
329955.8804684260,4157654.0253759502,-1.029988177374328
329955.8680847530,4157654.0112200901,-0.7615405813789242
329955.8553405450,4157653.9970689602,-0.3392459463629153
329955.8424455440,4157653.9829355199,0.02872344080577731
329955.8296473810,4157653.9688927801,0.8584655656722786
329955.8172202000,4157653.9548047902,0.8082375368912045
329955.8051906010,4157653.9407460401,0.8111231540806335
329955.7935021210,4157653.9266658500,0.400571949051744
329955.7820056670,4157653.9126093802,0.1075794554662584
329955.7706427210,4157653.8986608898,-0.6612354449577348
329955.7592336750,4157653.8849894800,-1.019500430284949
329955.7476733470,4157653.8716352000,-1.354671679495803
329955.7358163740,4157653.8585823500,-1.106789412161374
329955.7237389890,4157653.8457966899,-0.3411758614290992
329955.7116400250,4157653.8331408398,-0.3381575640791619
329955.6994290450,4157653.8205185202,1.17595786728093
329955.6876259220,4157653.8078057100,0.08977143045007593
329955.6759046240,4157653.7951416401,0.5936911068933218
329955.6643827620,4157653.7824351299,0.8560273974275651
329955.6532924870,4157653.7698417702,0.3102236628660155
329955.6423558260,4157653.7572922502,-0.3624754804837704
329955.6314005320,4157653.7448730501,-0.5412784875218261
329955.6203940780,4157653.7326184502,0.1398553547124349
329955.6094376040,4157653.7203628798,1.945696112814555
329955.5989320960,4157653.7078290102,2.172688694449884
329955.5889460720,4157653.6950197299,-0.02235027946372442
329955.5789310830,4157653.6821829202,-1.648741484067037
329955.5686974330,4157653.6697639599,-1.208527306155355
329955.5584313040,4157653.6577833402,-1.896512228782463
329955.5480001820,4157653.6463167001,-1.587541737481573
329955.5374269010,4157653.6352499598,-0.6765760685217693
329955.5268636620,4157653.6244192100,-0.8871728030464784
329955.5162012670,4157653.6137757902,-0.8884701525336713
329955.5053937790,4157653.6032726001,-0.306041351748878
329955.4946035260,4157653.5928822099,0.6239999490936887
329955.4840470120,4157653.5825262298,1.016135491952564
329955.4736747380,4157653.5720409499,2.154185887295986
329955.4638109040,4157653.5614205599,2.042289907926551
329955.4543410910,4157653.5506015699,0.6113240611014558
329955.4450380760,4157653.5397834601,-0.3316371723350054
329955.4358134610,4157653.5291579301,-1.097640299787118
329955.4265341600,4157653.5187952402,-2.157798436451297
329955.4170146390,4157653.5087836799,-1.038722641753827
329955.4074311480,4157653.4989890498,-0.4527972341491453
329955.3979210190,4157653.4893884598,-0.8785853546472533
329955.3883782150,4157653.4799800199,1.527587939537081
329955.3792369180,4157653.4705950399,2.047042588994811
329955.3704470050,4157653.4610755802,2.457019698559921
329955.3620160890,4157653.4513425799,1.38966095822205
329955.3538018330,4157653.4415104399,1.439836677430226
329955.3458123470,4157653.4315816499,-0.3805494864414335
329955.3378374080,4157653.4217683799,-3.180902401437505
329955.3295618650,4157653.4123791899,-4.568886701376917
329955.3208196720,4157653.4035323700,-2.862775790292122
329955.3118484900,4157653.3950755298,-1.074533474810451
329955.3030344910,4157653.3869815199,-1.050664847324175
329955.2942966560,4157653.3791557001,1.26961703259671
329955.2858312230,4157653.3713456700,2.101069772357032
329955.2776696160,4157653.3634445202,3.26299497652823
329955.2698785970,4157653.3553243899,1.825377219824381
329955.2623633860,4157653.3471649499,1.334284517372586
329955.2550113500,4157653.3389423802,-0.09528511832107718
329955.2477003390,4157653.3307829099,0.09509314187670181
329955.2403226460,4157653.3225316498,0.9949136425586369
329955.2330748760,4157653.3142442899,0.4774952350487376
329955.2257758980,4157653.3058087099,0.7000725533074617
329955.2183146200,4157653.2970460202,-0.04255223166927345
329955.2106865450,4157653.2880964200,-1.397371496086198
329955.2028276390,4157653.2791787200,-1.00414979963186
329955.1948239650,4157653.2703128899,-0.245792402543526
329955.1868338930,4157653.2615140700,-0.3235472778721347
329955.1788616810,4157653.2528022500,1.495682818967765
329955.1709813120,4157653.2438780498,0.4026876094909203
329955.1632399480,4157653.2350266199,0.9068136830911859
329955.1556022520,4157653.2261035899,0.4915227700657996
329955.1480061420,4157653.2171246600,-0.694752396334367
329955.1402994290,4157653.2081648698,-0.2080181066032887
329955.1325334030,4157653.1991809998,-0.03590723373728449
329955.1247524140,4157653.1901875800,-0.9427099994504186
329955.1168614280,4157653.1812711600,-0.4736187975351691
329955.1089462100,4157653.1724281800,-0.1296415861143233
329955.1009403930,4157653.1635117601,-0.9846133136812947
329955.0928976950,4157653.1547632599,-0.1307695629727264
329955.0848121700,4157653.1459956099,-0.06712721249409495
329955.0766667450,4157653.1371772299,-0.07774222267757361
329955.0684276470,4157653.1282742098,-0.3611682188422164
329955.0600590730,4157653.1193108102,-0.1894601630896772
329955.0516012620,4157653.1102940901,-0.08531626827759139
329955.0431058420,4157653.1012564301,-0.01186176616900112
329955.0345999420,4157653.0922102900,0.7349010180472578
329955.0259861910,4157653.0828783498,1.098775423279707
329955.0175078540,4157653.0734320502,0.7924978461761414
329955.0090162520,4157653.0637760600,1.190535847183195
329955.0005293520,4157653.0538194999,0.3602656115861634
329954.9919579760,4157653.0436665402,-0.2980912812374522
329954.9832331560,4157653.0334150200,-0.4955740602636748
329954.9744029830,4157653.0231791502,-0.1421075618766353
329954.9655638940,4157653.0129726301,-0.7879548227970329
329954.9566688980,4157653.0029190700,-0.8263914241917414
329954.9475855000,4157652.9928801800,-0.94553367065757
329954.9384377100,4157652.9830257799,-0.8370646133078904
329954.9291275980,4157652.9732208201,-0.4273468484494825
329954.9197069020,4157652.9634138402,-0.2655822892982337
329954.9102428780,4157652.9536327398,-0.9484242869113789
329954.9006315660,4157652.9439529199,-0.7984247484984136
329954.8908646640,4157652.9343289002,0.3869472462182011
329954.8811250950,4157652.9246292999,1.03784226274448
329954.8715189040,4157652.9147855300,2.936749244960591
329954.8622837970,4157652.9045221601,2.261430548431142
329954.8534841830,4157652.8941105399,2.063625771861306
329954.8450396520,4157652.8835312598,1.605665595281371
329954.8368786310,4157652.8728400799,0.1650424476847688
329954.8287334860,4157652.8621204202,-1.067118942725053
329954.8204004920,4157652.8514752202,-2.101261249127119
329954.8117349390,4157652.8410317102,-2.631587107819045
329954.8026986160,4157652.8309006002,-2.762093759698305
329954.7933965620,4157652.8212233400,-1.362699932727842
329954.7839334980,4157652.8117320598,-0.9426484208943812
329954.7743210160,4157652.8023318700,0.5236768953258676
329954.7647620560,4157652.7928513498,1.602207497514219
329954.7554576960,4157652.7832175200,2.588859764803142
329954.7465274130,4157652.7733065598,2.215714339397783
329954.7379358190,4157652.7631867900,0.4780014475381228
329954.7293755810,4157652.7529730401,0.4000795108957185
329954.7207932760,4157652.7426208402,-1.637855791902462
329954.7119886380,4157652.7324641901,-2.868107484992388
329954.7027792360,4157652.7226341101,-2.199964315600161
329954.6933318090,4157652.7131292801,-0.8632372169310709
329954.6838439420,4157652.7038013199,-0.02652101993178008
329954.6743619090,4157652.6944856700,1.067899209495191
329954.6649897580,4157652.6850124700,1.227773803400289
329954.6557264710,4157652.6753369002,0.5892941934340654
329954.6464523870,4157652.6654949598,0.6021538091112719
329954.6372678940,4157652.6555877700,0.1235985647335286
329954.6281916100,4157652.6457646200,0.223716941095574
329954.6192272750,4157652.6360044698,0.5474754279483887
329954.6103598510,4157652.6262083198,0.4448854831948886
329954.6016066090,4157652.6164236800,0.4710928178896253
329954.5929375280,4157652.6066118302,-0.1389015407160168
329954.5842152830,4157652.5967759900,-0.8461458240173967
329954.5753535400,4157652.5870043798,-1.269298397693726
329954.5663111040,4157652.5773633001,-0.7068999676053087
329954.5571776080,4157652.5678057098,-0.9372216564174363
329954.5479217190,4157652.5583572998,0.2070201757123999
329954.5386621890,4157652.5488531701,0.1956682127437419
329954.5294203460,4157652.5393177699,0.7616603821313673
329954.5202567970,4157652.5296695800,1.230382905865945
329954.5112039250,4157652.5198190100,0.2654222163516838
329954.5021079280,4157652.5098503898,-0.9500844979469059
329954.4927890680,4157652.4998981999,-0.04702959083043684
329954.4834708110,4157652.4899594299,-0.6056559741548443
329954.4741055810,4157652.4801340098,0.06077332500542953
329954.4647624860,4157652.4703156198,0.7909787772066978
329954.4554950700,4157652.4603649499,-0.07800828641830011
329954.4462720920,4157652.4504829701,0.1148929823524271
329954.4371153440,4157652.4406414400,-0.5469330662577654
329954.4279086810,4157652.4308908298,-0.6535286987585709
329954.4185904420,4157652.4211939699,-0.4551360175725959
329954.4091223980,4157652.4114617398,-0.6395378958335861
329954.3994685480,4157652.4017102998,0.7660713098502224
329954.3898872040,4157652.3918260899,1.38651872104697
329954.3804234210,4157652.3816812299,1.153070094571064
329954.3710832800,4157652.3713414399,0.3925673219600325
329954.3618383510,4157652.3609940601,0.5591355227229149
329954.3526892470,4157652.3505927599,0.5733021212662657
329954.3436581920,4157652.3401600700,-0.9041916485858121
329954.3344955870,4157652.3298385399,-0.2544304270324307
329954.3252297470,4157652.3194745202,-1.276269488523949
329954.3157700100,4157652.3092643600,-0.440864440520146
329954.3062303390,4157652.2990939398,-0.5378465489209228
329954.2965810320,4157652.2889602999,-0.4217154437932912
329954.2868185270,4157652.2788285101,0.7389493778983829
329954.2771163050,4157652.2685469599,-0.3378641406160693
329954.2673503950,4157652.2582965200,0.03811951210001237
329954.2575849000,4157652.2480354300,-0.2828916042418091
329954.2477741700,4157652.2378091998,-0.1831612305306437
329954.2379939750,4157652.2276674700,-0.01110476384636864
329954.2282710460,4157652.2175882701,0.490826708064123
329954.2186340090,4157652.2074598102,1.460877211031822
329954.2092255680,4157652.1971586999,0.6650098313503826
329954.1999164430,4157652.1867745100,0.6653524956064413
329954.1907102890,4157652.1763115199,-0.2334771654112709
329954.1815063290,4157652.1659192699,-0.7724829056453187
329954.1722031510,4157652.1556390999,-0.4989377713299767
329954.1628514040,4157652.1454476900,-1.025268811139346
329954.1533946400,4157652.1354302000,-0.4679170471653016
329954.1438799800,4157652.1254806099,-0.1395861358810493
329954.1344189380,4157652.1156249298,0.4655101682121721
329954.1251336590,4157652.1058291402,0.4889580673275851
329954.1160398300,4157652.0961085102,0.3899786877120368
329954.1070427060,4157652.0863908799,0.1700447772428664
329954.0981031380,4157652.0766917798,-0.9744534982907977
329954.0890169450,4157652.0670846901,-1.409549393993654
329954.0797544350,4157652.0576497801,-1.459548783497358
329954.0703288720,4157652.0484119798,1.454081853780432
329954.0611279200,4157652.0390423499,2.907682401637731
329954.0523153450,4157652.0293556699,3.249714308664787
329954.0439938820,4157652.0193915898,3.314476556484098
329954.0361693270,4157652.0091615799,0.5873884206033763
329954.0284790160,4157651.9989484702,0.1708655561796272
329954.0208810680,4157651.9888122301,-2.609876729087982
329954.0129981440,4157651.9789880500,-4.344443702341249
329954.0046285510,4157651.9696508902,-3.209007081650961
329953.9959128540,4157651.9606805001,-1.297758951720333
329953.9870916270,4157651.9518909100,0.2025766877894213
329953.9783239710,4157651.9431105899,0.5743871420929364
329953.9696362070,4157651.9342854898,0.5531692573651015
329953.9610261400,4157651.9254187499,1.408939252219555
329953.9525785390,4157651.9164107698,1.14999228824533
329953.9442326060,4157651.9072535601,1.036902822591023
329953.9359571130,4157651.8979352601,0.844708167949073
329953.9277527240,4157651.8884984502,0.1798378337686509
329953.9195267620,4157651.8789936299,-0.5282159863659017
329953.9112724970,4157651.8695828500,0.2480918497220293
329953.9031134650,4157651.8602224002,-1.329666151308796
329953.8948101150,4157651.8510078802,-0.2460128869331978
329953.8865083600,4157651.8418513699,0.4401940104732283
329953.8782773900,4157651.8326731999,-1.265644193463285
329953.8699517420,4157651.8236751398,0.1039898395902764
329953.8616906510,4157651.8147240598,0.3211946067761968
329953.8535368130,4157651.8058198499,-0.54502123003103
329953.8453235900,4157651.7969684498,-0.4536733159251513
329953.8369996510,4157651.7880960801,0.03163097988213245
329953.8286108520,4157651.7791476501,1.268753608105549
329953.8202746710,4157651.7699717600,0.500712406006288
329953.8118815690,4157651.7606163900,0.8676207587097616
329953.8034529850,4157651.7510110498,0.9013432709191149
329953.7950462900,4157651.7412038599,0.479958003048363
329953.7866126680,4157651.7312402502,0.2688294934183504
329953.7781742120,4157651.7211995199,0.4623447091233086
329953.7698030570,4157651.7111153901,0.1091832998260048
329953.7614209900,4157651.7009886201,-0.002136428316117484
329953.7529870050,4157651.6907997099,-0.3801586607241146
329953.7444102890,4157651.6805443601,-0.4028735444677942
329953.7357377530,4157651.6702874699,-0.245475729682904
329953.7270313590,4157651.6600591298,-1.115342290242622
329953.7182029260,4157651.6499962900,-0.7704523014909108
329953.7092498640,4157651.6400014898,-0.3961242015229146
329953.7002207010,4157651.6300290399,-0.5024656888003106
329953.6910828910,4157651.6200730000,-0.2959408901802301
329953.6818503580,4157651.6100944001,0.08869090165064006
329953.6725823350,4157651.6000531199,0.8607663097220869
329953.6634812150,4157651.5899575800,-0.270745101000249
329953.6543669320,4157651.5799218500,1.240859396814521
329953.6453913850,4157651.5696978802,0.918339221593978
329953.6365778960,4157651.5594023499,1.128552577000475
329953.6279281760,4157651.5489796801,0.1678181331326128
329953.6193215230,4157651.5385608599,-1.070891428580347
329953.6106013940,4157651.5283098500,-1.349865912840964
329953.6017574190,4157651.5182867502,-1.359010765858873
329953.5928041430,4157651.5085024801,-0.002273542859041206
329953.5838708700,4157651.4987406600,0.1651580959820295
329953.5749558430,4157651.4889559201,1.862991455342762
329953.5662710190,4157651.4789380198,0.2079482381969281
329953.5576666240,4157651.4689576002,0.4918317599161349
329953.5491760860,4157651.4589795801,1.022503756219914
329953.5408531950,4157651.4489293802,0.842369958145554
329953.5326788470,4157651.4388352199,0.3909171560123164
329953.5245992920,4157651.4287541602,-0.895416652479922
329953.5164382530,4157651.4188088998,-2.275574111146298
329953.5080467960,4157651.4091705899,-2.289842033855179
329953.4994392680,4157651.3998475200,-1.245490252271198
329953.4906701100,4157651.3906457699,-0.5888393986607471
329953.4818498080,4157651.3815278499,-0.0004873637249181304
329953.4729925980,4157651.3723718901,0.03264107248598898
329953.4641476130,4157651.3632209599,0.4399364472427058
329953.4554677800,4157651.3541403501,1.728859473798238
329953.4471683860,4157651.3450756599,2.33994989908819
329953.4391453740,4157651.3357907101,0.8083137828146083
329953.4311810070,4157651.3263862701,0.7302860458518534
329953.4232550220,4157651.3168540001,-0.9869564214120653
329953.4152572390,4157651.3074706802,-1.047773610061246
329953.4072274100,4157651.2982913200,-1.425366706532296
329953.3989673230,4157651.2891749400,-1.943075999332168
329953.3904057520,4157651.2801703401,-1.206838659892422
329953.3816319580,4157651.2712165499,-0.5127285031305396
329953.3727196150,4157651.2622380801,0.1243410920074164
329953.3637287840,4157651.2531518498,-0.05177726139148125
329953.3546744240,4157651.2440135600,1.095004284494868
329953.3457521010,4157651.2347511798,1.25253244733707
329953.3369938270,4157651.2253612000,0.8031666842385164
329953.3284525860,4157651.2160137901,0.6099515237592742
329953.3199563110,4157651.2065699100,-0.1701509349837712
329953.3114446540,4157651.1971499501,-0.5792716342858429
329953.3028818330,4157651.1878121998,-0.9700949654942733
329953.2943002590,4157651.1786806299,-1.113697867963379
329953.2857356400,4157651.1698162300,-1.286249022250697
329953.2771274550,4157651.1611833801,-0.8146485239477131
329953.2684516290,4157651.1526536499,-0.362189455697315
329953.2597028100,4157651.1441278001,0.505639521539035
329953.2510085210,4157651.1355497600,2.175740287040012
329953.2424893270,4157651.1266839802,2.463835118002147
329953.2342208780,4157651.1175394598,1.483073067811202
329953.2260676870,4157651.1081829700,1.184049184806921
329953.2179925380,4157651.0986352898,0.2897406776814304
329953.2098721060,4157651.0889628599,-0.5259061154801714
329953.2015485340,4157651.0791822500,-1.304885320730711
329953.1929272830,4157651.0693918201,-2.047647934778166
329953.1841129750,4157651.0599036599,-1.176030798060427
329953.1753387900,4157651.0507397000,-0.5700973030503499
329953.1664870040,4157651.0416276399,-0.8949617801133347
329953.1575988840,4157651.0326831602,-0.1925390901697968
329953.1487323000,4157651.0238034702,0.433226810282154
329953.1399209280,4157651.0148826400,0.868034771352287
329953.1311064470,4157651.0057610599,0.5159711308688242
329953.1222851460,4157650.9965115800,-0.4200313535393347
329953.1133457490,4157650.9872388500,-0.4857488335816769
329953.1042747160,4157650.9779471098,-0.08247910032526795
329953.0951652850,4157650.9686360401,-0.487761313203992
329953.0858618040,4157650.9592475900,-1.581593034599354
329953.0763015350,4157650.9499963699,-1.114064816030135
329953.0665434370,4157650.9408306899,-0.3852227123831963
329953.0566819320,4157650.9316634201,-0.1436998942073756
329953.0468015640,4157650.9225141900,1.609254184274351
329953.0372154740,4157650.9132456002,3.204418876650726
329953.0281253030,4157650.9036762100,3.156140534522792
329953.0195129680,4157650.8938217601,2.992319535195865
329953.0111326540,4157650.8834305601,1.298304853669406
329953.0029543120,4157650.8729226599,0.1745020065685062
329952.9947953120,4157650.8623891901,-1.471194241402541
329952.9863974910,4157650.8519764398,-1.767226801261723
329952.9777355410,4157650.8417416601,-1.320925146929418
329952.9688694820,4157650.8316347902,-0.6908640515478245
329952.9599147330,4157650.8216160298,-0.7719928398306152
329952.9508818320,4157650.8117181300,0.2673547506154789
329952.9419153770,4157650.8018221902,0.1192935102108711
329952.9330468300,4157650.7920030602,-0.1427619267789355
329952.9243063000,4157650.7823620401,-0.4445690497939343
329952.9156319990,4157650.7729038498,-1.731049558308591
329952.9068432480,4157650.7637360902,-2.351761305757309
329952.8978266750,4157650.7548749899,-1.249561993572025
329952.8886496640,4157650.7461371901,0.4202033034329957
329952.8794731480,4157650.7373059900,0.3831154586415491
329952.8702737950,4157650.7283656299,1.735452630082683
329952.8611898820,4157650.7191334702,1.546033231218484
329952.8521614040,4157650.7095795800,0.8740445655696563
329952.8431636440,4157650.6998353400,0.2899180782996923
329952.8341854710,4157650.6900369101,0.4153804267627855
329952.8253453760,4157650.6802821099,0.09494915670289722
329952.8166032520,4157650.6706112698,0.4404301250777148
329952.8079970420,4157650.6609807098,-0.6518299449380929
329952.7993069940,4157650.6514196000,-1.602458644422824
329952.7903987430,4157650.6420175801,-0.4526545159731527
329952.7813690900,4157650.6325990600,0.2925996772463831
329952.7723178600,4157650.6230853600,0.1998856121056032
329952.7632501240,4157650.6135039600,0.5976702064269388
329952.7542049950,4157650.6037937799,0.3109943862456761
329952.7451298650,4157650.5939700999,0.0724222270568833
329952.7360038160,4157650.5840720199,0.1286617431965068
329952.7268520960,4157650.5741114500,0.1675871869848574
329952.7178229230,4157650.5642396798,-0.6839727318492732
329952.7088505550,4157650.5546070598,0.1413204867461223
329952.7001192550,4157650.5451986501,-1.611791683207477
329952.6912313190,4157650.5360094700,-0.635765633964905
329952.6823223360,4157650.5269466601,-0.2193668561005244
329952.6733690480,4157650.5178894801,0.02675995017401815
329952.6644101480,4157650.5088204402,0.4043173736058591
329952.6554680500,4157650.4996744399,0.5113412965823334
329952.6465267380,4157650.4904083698,0.513064132455351
329952.6375957830,4157650.4810294602,0.6530470866349974
329952.6287431950,4157650.4715739801,0.7233091280041873
329952.6199942480,4157650.4620520901,0.04855594317173856
329952.6113029880,4157650.4525810899,-1.081432188815599
329952.6025880490,4157650.4433438098,-1.653469505031787
329952.5937668460,4157650.4343769299,-1.696534675597684
329952.5847732440,4157650.4256164702,-1.039025075226454
329952.5756339860,4157650.4169439701,-0.01499048338742895
329952.5664757170,4157650.4082567198,0.2520538883368022
329952.5572694380,4157650.3994678799,-0.01172328365798046
329952.5479503400,4157650.3905740101,1.393755989320208
329952.5387582090,4157650.3814798002,2.22062448617872
329952.5298084180,4157650.3721011002,3.421742099341402
329952.5212492250,4157650.3622938199,2.085869857887527
329952.5129375010,4157650.3522304599,1.707612445586888
329952.5048653440,4157650.3420015099,0.9644900005384731
329952.4969173960,4157650.3316653599,-1.389958640717349
329952.4887909560,4157650.3214841899,-3.424013884423313
329952.4802188910,4157650.3116758498,-3.786880115382451
329952.4712001190,4157650.3023283598,-2.949352156492845
329952.4618394440,4157650.2933419500,-0.3372284632403356
329952.4525921100,4157650.2845411599,-0.6138756461238634
329952.4433903210,4157650.2759193000,0.2204813759049567
329952.4342979200,4157650.2673525601,1.572534321828393
329952.4254544630,4157650.2586877099,1.835347704309115
329952.4168154630,4157650.2498297100,1.427150472511838
329952.4083140740,4157650.2407987602,1.428400681793824
329952.3999470570,4157650.2315884200,0.7590038727528789
329952.3916132560,4157650.2222381402,0.5792942862664413
329952.3832784210,4157650.2127483902,1.224794684754412
329952.3750623510,4157650.2030961998,0.09532136048726331
329952.3667964890,4157650.1933616200,-1.154721852288612
329952.3584039910,4157650.1837680200,-2.775958712893076
329952.3497606140,4157650.1745629301,-2.840211350400801
329952.3409593080,4157650.1658331002,-1.211093686776569
329952.3321901420,4157650.1573902299,-0.2930064769812413
329952.3235603280,4157650.1491400702,-0.06300297642000841
329952.3150301190,4157650.1409973302,1.148804536798059
329952.3067225860,4157650.1328506898,1.171243404653787
329952.2986235600,4157650.1246903799,1.879701553585144
329952.2908025010,4157650.1164641501,0.1076476571589253
329952.2830653110,4157650.1083062901,0.03903557761902113
329952.2753868140,4157650.1002032198,-0.2271544869097081
329952.2677215030,4157650.0921549499,-0.8901167330946975
329952.2599712570,4157650.0841771099,-1.13066303808109
329952.2520881300,4157650.0762644899,-1.12399835036481
329952.2440508250,4157650.0683978498,-0.8316057237099613
329952.2358906330,4157650.0605594600,-0.4076691853826326
329952.2275998980,4157650.0526693002,1.538533040034456
329952.2193668680,4157650.0445515802,0.8383654919093363
329952.2111466080,4157650.0362871299,2.70188149428401
329952.2032561150,4157650.0278402199,2.883902553129893
329952.1958344330,4157650.0193513702,3.012988668377535
329952.1889087970,4157650.0108731398,3.463400083861379
329952.1824922000,4157650.0023897300,0.8527309633402035
329952.1762894050,4157649.9940342200,-3.815038634272971
329952.1699013580,4157649.9861002802,-5.998806376658735
329952.1631269200,4157649.9786604000,-1.036047574067624
329952.1564919950,4157649.9715222600,-1.939146633995941
329952.1497205250,4157649.9645078899,0.8004098089148396
329952.1429837890,4157649.9574194602,1.939266459984336
329952.1363633190,4157649.9501829799,1.529058953814266
329952.1298577310,4157649.9428544501,-0.1791058419442934
329952.1233772630,4157649.9355799002,-2.054650875852803
329952.1168071240,4157649.9284942802,-2.001317082537145
329952.1101326800,4157649.9215690801,-1.638172346627752
329952.1033363850,4157649.9147364702,-0.9329360182307919
329952.0965444620,4157649.9080293700,-1.600174816828906
329952.0895916150,4157649.9013708900,-1.015110504338563
329952.0825598230,4157649.8947674599,-0.6118956745777571
329952.0755202630,4157649.8882343299,-0.2847547798069038
329952.0684671040,4157649.8817243800,1.040919180928333
329952.0614937860,4157649.8751580301,3.008547075004574
329952.0547192770,4157649.8684003698,3.11167876152499
329952.0481380310,4157649.8614321002,3.048732954929559
329952.0417305740,4157649.8542367802,3.162369125071048
329952.0355336200,4157649.8468352100,-0.4417309238554938
329952.0291995950,4157649.8393356800,0.1331009170581728
329952.0227899980,4157649.8317263899,0.2268352857372482
329952.0163242130,4157649.8240149398,-1.377002989812066
329952.0096812610,4157649.8163127298,-1.219575245139939
329952.0028645010,4157649.8086055499,-1.351498638219851
329951.9958631510,4157649.8009092701,-0.4533661373492325
329951.9887479790,4157649.7931620101,0.1104023527476409
329951.9815742010,4157649.7853326201,0.1845604187375254
329951.9744186180,4157649.7774923001,-0.6858067436795237
329951.9670793850,4157649.7695684098,-0.3459224302505275
329951.9596396090,4157649.7615962098,-0.6847948496244076
329951.9520647480,4157649.7536004102,-0.6350661385657055
329951.9443688270,4157649.7455902798,-0.4526746940308944
329951.9365529270,4157649.7375371400,-0.4739604558323421
329951.9285980420,4157649.7294280799,0.5570733331938188
329951.9205771610,4157649.7211467898,1.338987744918584
329951.9126159600,4157649.7126679202,2.503324757906903
329951.9048819220,4157649.7039340702,2.910743491526059
329951.8973402540,4157649.6948065702,2.076079772838915
329951.8899727250,4157649.6854279302,1.873581528877471
329951.8827868990,4157649.6758464901,-0.7206921520797183
329951.8755015820,4157649.6663052901,-2.178938171909326
329951.8679696190,4157649.6569583998,-4.079758187131596
329951.8600210990,4157649.6480257302,-3.25487198530175
329951.8517226100,4157649.6394007099,-1.209584311309577
329951.8433055000,4157649.6309020799,0.7075964227346805
329951.8349902620,4157649.6223632102,-0.5119893715551826
329951.8265440600,4157649.6137955799,1.034759984733651
329951.8181960170,4157649.6051138300,1.53236754231451
329951.8099901070,4157649.5962580401,1.5056769347185
329951.8019032020,4157649.5872051502,0.2864656757015909
329951.7937502820,4157649.5780138401,0.9028451126429227
329951.7856559810,4157649.5686815502,0.6363161854476388
329951.7776680030,4157649.5593245500,-0.1728239661737347
329951.7697087660,4157649.5500411401,0.009899842041104027
329951.7618301640,4157649.5408495399,-1.318674522162658
329951.7538386400,4157649.5318213501,-1.998179428817461
329951.7456764810,4157649.5230351002,-1.385987305700427
329951.7373752290,4157649.5143916798,-0.06532765696376791
329951.7290207720,4157649.5057065198,0.8952977392907491
329951.7207173300,4157649.4968853602,2.446026505014102
329951.7126332470,4157649.4877690100,2.793361102761636
329951.7048115350,4157649.4783170898,1.164322272384605
329951.6970382090,4157649.4686440099,0.9661332908189945
329951.6893438840,4157649.4588299701,-2.056450693732332
329951.6813173370,4157649.4491185201,-3.490204734796412
329951.6728103910,4157649.4397045099,-2.481163552813562
329951.6639406720,4157649.4304918302,0.1784203428439112
329951.6550597100,4157649.4212251701,0.6886273822604205
329951.6462999670,4157649.4119221298,1.267137998285511
329951.6377084380,4157649.4024968101,1.067051592279503
329951.6293037760,4157649.3930215202,0.592863942271678
329951.6211113960,4157649.3836458600,-0.5984704557665341
329951.6128644470,4157649.3743483601,-1.150730080623003
329951.6044542510,4157649.3651361400,-1.574628740764209
329951.5958070250,4157649.3560312898,-1.258033112845138
329951.5869457220,4157649.3469925500,-0.6050017959500182
329951.5779337230,4157649.3379404601,-0.02857995374464705
329951.5688515730,4157649.3288245900,0.1475891594853311
329951.5597653170,4157649.3196698502,1.460045117122238
329951.5508122470,4157649.3103021001,1.798576118223773
329951.5420697030,4157649.3007167801,1.296900609906388
329951.5335433610,4157649.2910476602,0.8816019048363202
329951.5251701760,4157649.2813324002,0.09202928830722705
329951.5168731530,4157649.2716825898,-0.07378490440934254
329951.5085819250,4157649.2620577998,-0.08380456871091557
329951.5002706610,4157649.2524305098,-0.7500587371915804
329951.4918344130,4157649.2428452200,-0.5279039892166058
329951.4832944230,4157649.2332732398,0.3097708459606081
329951.4747627500,4157649.2236336102,0.4676350700420859
329951.4662251540,4157649.2138690301,-0.2526786199640855
329951.4576845620,4157649.2041652799,-0.5700080614417489
329951.4490435840,4157649.1944923699,-0.8741266745900932
329951.4402836400,4157649.1849073898,-0.8794926201940477
329951.4313805340,4157649.1753868400,-0.5393305052289994
329951.4223402420,4157649.1658553299,-0.7045291737271627
329951.4131505560,4157649.1563447700,-0.8416924484873691
329951.4038277980,4157649.1469092900,-0.2175455411899471
329951.3944945250,4157649.1375174802,1.34975772811053
329951.3853583840,4157649.1279898901,2.46165701976031
329951.3765848750,4157649.1182259899,0.939282768948254
329951.3680073400,4157649.1084412001,0.70328445420024
329951.3595317150,4157649.0985924099,0.7168931680016215
329951.3511767870,4157649.0886992700,-0.3418009699594231
329951.3427964400,4157649.0788645698,-1.29594928363011
329951.3342827360,4157649.0692051998,-1.351214915492627
329951.3256036130,4157649.0596968499,-0.7676100936930537
329951.3168052890,4157649.0502474401,0.1616900798943962
329951.3080287990,4157649.0407819399,0.192763892271869
329951.2994162560,4157649.0314471498,0.1740825904625556
329951.2909732840,4157649.0222558100,0.5389238447064639
329951.2826755750,4157649.0131003698,-0.5007233793012341
329951.2743602320,4157649.0040385202,-0.622273138834618
329951.2659782550,4157648.9950432102,-0.192822431612724
329951.2575547910,4157648.9860462900,0.2715542991730366
329951.2491531170,4157648.9770121998,0.1605889854384083
329951.2407947420,4157648.9679889400,-1.0250743094948
329951.2323306200,4157648.9590794202,0.1309179762943864
329951.2239383120,4157648.9502170798,0.5832254857442996
329951.2156852370,4157648.9413771401,0.3034566523668476
329951.2074605950,4157648.9325025701,-0.1638252327668329
329951.1992568250,4157648.9236855600,0.6149189057657374
329951.1911595990,4157648.9148531202,0.7269312154082613
329951.1832190640,4157648.9060394499,0.9480012638318691
329951.1755103000,4157648.8972887602,-0.2456550339515399
329951.1678351440,4157648.8886261899,0.4880268234435826
329951.1603114090,4157648.8800379299,-0.9773021770849636
329951.1527479690,4157648.8715955899,-1.516109164520752
329951.1450634220,4157648.8633086900,-1.335553311313326
329951.1371955050,4157648.8550777500,-1.02175040996096
329951.1291734380,4157648.8468793798,-0.1292604120563568
329951.1210746670,4157648.8386272299,0.9785279379989161
329951.1129955750,4157648.8302057502,1.060203046944086
329951.1049249720,4157648.8215807299,1.709498901634315
329951.0969458930,4157648.8126987698,1.798471226475165
329951.0890939630,4157648.8035698198,0.371833859528523
329951.0812376120,4157648.7943523298,-0.0949763694962827
329951.0734000580,4157648.7851782502,-0.3491662677182026
329951.0655097470,4157648.7760208901,-0.9190767404748341
329951.0575732450,4157648.7670135400,-1.925784699175801
329951.0495058460,4157648.7582716998,-2.475439083188526
329951.0412522070,4157648.7498383000,-1.213697930286086
329951.0328940930,4157648.7415391002,-0.846089171161191
329951.0244483270,4157648.7333184402,-0.7150551171216193
329951.0158947930,4157648.7251324402,1.356789454549251
329951.0074211180,4157648.7167571299,2.407197131152208
329950.9991434990,4157648.7080909698,1.676524762462645
329950.9909330000,4157648.6991393701,1.679408269585219
329950.9828415410,4157648.6899464601,1.710080538085059
329950.9749495850,4157648.6805924298,1.765663807858731
329950.9672327430,4157648.6710335198,3.664167963318995
329950.9599610170,4157648.6611471600,-1.565248616599363
329950.9525307770,4157648.6514407899,-3.106625546602984
329950.9447867710,4157648.6420809901,-2.795722066536674
329950.9367103020,4157648.6329687401,-0.2756607327775592
329950.9285637260,4157648.6238394598,-1.788324331084957
329950.9201766650,4157648.6148458300,0.377683958836332
329950.9117731340,4157648.6057499102,0.7539741917077226
329950.9033838290,4157648.5964968000,1.22559146952901
329950.8950907450,4157648.5870627500,0.9696988596518721
329950.8868700400,4157648.5774774598,0.8087695272436698
329950.8787014800,4157648.5677531702,-0.5532778594895664
329950.8704392570,4157648.5580567601,-1.84200745515089
329950.8618971070,4157648.5484971101,-0.2467694733113344
329950.8532579230,4157648.5388904498,-0.9322203632827654
329950.8444473670,4157648.5293281702,1.185725527719588
329950.8357710780,4157648.5196150499,1.04793563887348
329950.8272197520,4157648.5097746099,0.907491574574289
329950.8188095110,4157648.4998623999,0.1799355189683747
329950.8104324740,4157648.4899424100,0.01448681943296344
329950.8020744910,4157648.4800412101,-0.2694133975089265
329950.7936960750,4157648.4701857502,-1.178194070602054
329950.7851836370,4157648.4604762001,0.002767277251120344
329950.7766734430,4157648.4507685099,-2.004833290665982
329950.7678995940,4157648.4412682001,-0.5214549393797344
329950.7590204560,4157648.4317833199,-0.004980386825487521
329950.7500712440,4157648.4222248299,0.06055512825050931
329950.7410576690,4157648.4125822200,0.7987750237427819
329950.7321291950,4157648.4028262701,0.9899779718104037
329950.7233789420,4157648.3930107900,0.6402759528758928
329950.7147411200,4157648.3831559098,1.624204684590761
329950.7063238560,4157648.3731302000,1.832468176655294
329950.6981207050,4157648.3628685600,-0.2920272281421536
329950.6898636480,4157648.3526204200,1.269517215139012
329950.6817576210,4157648.3422078700,1.169269805427045
329950.6737836250,4157648.3316316102,-1.738392318006032
329950.6655628650,4157648.3212351198,-3.051407434689496
329950.6569471840,4157648.3112004902,-2.564850293045984
329950.6480583310,4157648.3015292902,-1.904459402389641
329950.6389833790,4157648.2921369998,-0.9970817055553962
329950.6298567140,4157648.2829331802,0.7360532754824061
329950.6208629800,4157648.2736891001,-0.519071325446901
329950.6118665770,4157648.2645648899,1.580696967543556
329950.6030690200,4157648.2552735000,1.559471176919085
329950.5944407330,4157648.2457883698,1.335680406694595
329950.5859237180,4157648.2360961498,0.6460302889190926
329950.5774549180,4157648.2262949101,0.08795371579783375
329950.5689901530,4157648.2164757401,-0.2668019710569338
329950.5605022890,4157648.2066983199,-0.3714039897838478
329950.5519936140,4157648.1969914702,-0.1208073986565127
329950.5434760560,4157648.1873049899,-1.196462848933194
329950.5347186910,4157648.1776519800,-0.9437325730396979
329950.5259103420,4157648.1681786799,-1.347485307223664
329950.5169749150,4157648.1588978101,-0.8585742385684924
329950.5079319220,4157648.1497108601,-0.4932279037022621
329950.4988760850,4157648.1406268300,-0.2920436124930518
329950.4898115100,4157648.1316018100,0.3153124461973424
329950.4808171340,4157648.1225742898,0.3282740075583985
329950.4719108190,4157648.1135602598,1.014749404622797
329950.4631677660,4157648.1044814899,0.6223574834077688
329950.4545997140,4157648.0954444599,0.9832133126362604
329950.4462137880,4157648.0863807099,0.5223782389641726
329950.4378929830,4157648.0772702000,0.1751041422633524
329950.4296029290,4157648.0681539099,-0.1719603121614141
329950.4212923910,4157648.0590539100,-0.847955939661913
329950.4128961650,4157648.0500507499,-2.163974007735589
329950.4042911060,4157648.0413021701,-4.87652846381581
329950.3951964620,4157648.0330995000,-3.893699500388861
329950.3857157950,4157648.0253355899,-4.067307366346211
329950.3758682350,4157648.0180594302,-1.232787400204795
329950.3659440980,4157648.0109553700,1.669671284949876
329950.3562123190,4157648.0036853100,2.659703128939258
329950.3467224320,4157647.9961062800,3.758818838421707
329950.3375514210,4157647.9880681699,4.17070315478495
329950.3287354650,4157647.9795072200,2.156130553574587
329950.3200720070,4157647.9706342998,1.078826439184971
329950.3114482080,4157647.9615611602,-1.58517212793493
329950.3025127110,4157647.9525287501,-2.123731939458057
329950.2933805720,4157647.9437815500,-2.801355913126966
329950.2839990150,4157647.9354103599,-3.112580416667427
329950.2744138890,4157647.9275052100,-2.449443817250567
329950.2647126580,4157647.9199855202,-2.018993529741462
329950.2549450540,4157647.9127924698,-1.19753226710616
329950.2451214720,4157647.9057754599,0.2202463895327604
329950.2353480600,4157647.8987550298,1.007296111203384
329950.2256836440,4157647.8916339502,1.501951533106709
329950.2160886360,4157647.8842925802,0.0375103971204527
329950.2065049140,4157647.8769529602,0.6358879465128612
329950.1969713080,4157647.8695348902,0.6317969342579368
329950.1874413120,4157647.8620018298,0.6350106345997252
329950.1778815300,4157647.8543241001,0.497249721808693
329950.1682624980,4157647.8465012899,-0.5334862230609629
329950.1585504160,4157647.8387091900,-0.6237924849150777
329950.1487700110,4157647.8309864202,-1.205900466354675
329950.1389019960,4157647.8234321000,0.006573649072446181
329950.1290362780,4157647.8158782599,-0.4505342364969657
329950.1191199650,4157647.8083734000,-1.886538855741614
329950.1090712370,4157647.8011320001,-1.352143952189069
329950.0989002540,4157647.7940582698,-1.624741639061491
329950.0885516980,4157647.7871664199,-1.351933537224342
329950.0780278380,4157647.7804111000,-2.178749537856143
329950.0672550230,4157647.7739046998,0.1049703231237289
329950.0564582520,4157647.7673643199,0.6952696917769454
329950.0456647200,4157647.7606953802,0.8621146266402002
329950.0349002410,4157647.7538802400,-0.264203461883733
329950.0241055950,4157647.7470968100,0.2523025829820367
329950.0133551140,4157647.7402928500,-0.8165252017160969
329950.0025182450,4157647.7335909801,-0.9177249008305257
329949.9915892720,4157647.7270076801,-1.162069038436838
329949.9805104270,4157647.7205565302,-1.106068682307367
329949.9692366970,4157647.7142052101,-0.6473493286090921
329949.9577953890,4157647.7078857799,-0.1613257694307907
329949.9462948700,4157647.7015653201,0.3944640275639848
329949.9348768680,4157647.6952132001,-0.5127994122079101
329949.9235211950,4157647.6889945702,0.3746422711466476
329949.9123083980,4157647.6827836498,-0.1374460051664236
329949.9011325920,4157647.6766188699,-0.3377171866995428
329949.8899593300,4157647.6705180798,-0.04945445818408759
329949.8787797780,4157647.6644229898,-0.7422449468061154
329949.8675103080,4157647.6584165399,-0.9798351065761248
329949.8561244130,4157647.6525301100,-1.125607559690239
329949.8446174030,4157647.6467902502,-0.4324749930323584
329949.8330981150,4157647.6411239798,-0.240020902658462
329949.8215035810,4157647.6354651102,1.001326578818564
329949.8100285120,4157647.6296801800,0.5346644702438113
329949.7985592660,4157647.6237988598,0.6145272929783646
329949.7870986640,4157647.6178066600,-0.4587540829142394
329949.7755288980,4157647.6118447999,-0.815834897104317
329949.7638394840,4157647.6059778999,-1.68142199354564
329949.7519815150,4157647.6003499301,-1.184337650714361
329949.7400433830,4157647.5949096000,-0.5587005256886201
329949.7281342360,4157647.5895872498,-0.144222882710471
329949.7162876640,4157647.5843194998,1.072708468912634
329949.7046631930,4157647.5789568899,0.6627027420468022
329949.6931451310,4157647.5735247000,-0.08679422576214109
329949.6816245120,4157647.5681068599,-0.4877909370741932
329949.6700251530,4157647.5627398700,-0.6309381272981394
329949.6582809620,4157647.5574209201,-0.9893616334609225
329949.6463703150,4157647.5522093899,-0.787776234982872
329949.6343091930,4157647.5470791399,-1.040784956323729
329949.6220835190,4157647.5420754901,-1.862871906627051
329949.6096511370,4157647.5373421800,-1.452674273286389
329949.5971328680,4157647.5328511298,-1.30557331157784
329949.5844759480,4157647.5285574901,-0.8675602016441273
329949.5716443720,4157647.5243706801,-0.4237688734316074
329949.5587003540,4157647.5202292302,0.1808982317407517
329949.5456373720,4157647.5160141098,0.744631481488234
329949.5325087910,4157647.5116285402,0.8132661485676936
329949.5193817840,4157647.5070783002,0.9484416064264242
329949.5062401360,4157647.5023275400,0.5989459510583223
329949.4931170600,4157647.4974588202,2.80711529453328
329949.4803111360,4157647.4921292001,-0.4166376284001863
329949.4674824200,4157647.4868768398,-0.5894866194083382
329949.4546840460,4157647.4817582699,-1.011289983778034
329949.4417410730,4157647.4767906000,-0.7258785829934991
329949.4286566670,4157647.4719196698,-0.686840976647074
329949.4153857740,4157647.4671244700,-0.8906741612232707
329949.4018549490,4157647.4624281800,-0.0539811936800244
329949.3881218920,4157647.4576736800,0.6560052659525427
329949.3742674640,4157647.4527278398,-0.3032088576413536
329949.3602694740,4157647.4478013399,0.1734175431952331
329949.3462071570,4157647.4428113801,0.2859287276414175
329949.3321470640,4157647.4377545202,-0.6361485183766264
329949.3180084260,4157647.4328208398,-0.8637351553767643
329949.3037502690,4157647.4280518200,-1.408918405294477
329949.2893201380,4157647.4235636699,-1.387804881413724
329949.2747064350,4157647.4193534902,-1.228021391006221
329949.2598245520,4157647.4153674198,0.03693197412733826
329949.2447122010,4157647.4113103300,-0.5019132206871767
329949.2293788990,4157647.4073235602,0.5626552794450205
329949.2140012810,4157647.4031781899,0.809440801294582
329949.1986622800,4157647.3988302499,0.9938786170570335
329949.1833516340,4157647.3942266698,0.08815727886459505
329949.1679656240,4157647.3895767098,-0.373746203176723
329949.1524664140,4157647.3849942498,-0.2301056745695517
329949.1368691750,4157647.3804459800,-0.152802243866178
329949.1212809470,4157647.3759422698,0.4791086935849861
329949.1057403870,4157647.3713211901,-0.803060577976998
329949.0900704940,4157647.3668833701,-1.276253260154631
329949.0742296910,4157647.3627517000,-1.896450590992738
329949.0580955200,4157647.3590772301,-2.141228777017357
329949.0417089480,4157647.3559538298,-2.071744262664637
329949.0251381990,4157647.3533867202,-1.136918982342785
329949.0084106720,4157647.3511220398,-0.7220327300268061
329948.9916053340,4157647.3490553899,0.9267492339428978
329948.9748061250,4157647.3467211300,2.189517905885156
329948.9580374230,4157647.3437514398,1.217449746096559
329948.9413078820,4157647.3404293000,0.8288487079458184
329948.9245346490,4157647.3368506101,-0.2364585048072395
329948.9076548530,4157647.3333208901,-0.6862497476422378
329948.8906203360,4157647.3299694201,-0.9240986468598557
329948.8734286430,4157647.3268735199,-1.552779316481368
329948.8560056660,4157647.3242237899,-1.644775706295082
329948.8383291060,4157647.3220603201,-1.497238162576543
329948.8203175500,4157647.3203457100,0.04610164681694884
329948.8022323040,4157647.3186088302,-0.01610528594273934
329948.7840985090,4157647.3168726498,0.6802108429719042
329948.7659512370,4157647.3149077399,0.5152076851701197
329948.7477422680,4157647.3127623298,0.1088016649244659
329948.7293742140,4157647.3105608500,-0.1068352687420954
329948.7109259580,4157647.3083868101,-0.859880435376617
329948.6925506730,4157647.3065175801,-0.174528306626361
329948.6741809870,4157647.3047087099,-0.2794244857093025
329948.6557257680,4157647.3029876798,-0.3470646099892842
329948.6371886620,4157647.3013794599,-0.6411090310046001
329948.6185414570,4157647.2999861399,-0.4017113177139408
329948.5996410630,4157647.2987175202,-0.7546212591521722
329948.5806092610,4157647.2977139498,-1.172493107401477
329948.5615586700,4157647.2971358602,-0.683042790702681
329948.5424853650,4157647.2968056402,-0.5749129279358636
329948.5234478410,4157647.2966846498,-1.380464879710588
329948.5045433290,4157647.2970597101,-0.3437221643152793
329948.4856587370,4157647.2975571202,-0.8694620560851526
329948.4668251480,4157647.2983625801,-0.4584978132770944
329948.4478900290,4157647.2993368800,-0.09417361401866481
329948.4288977240,4157647.3003481799,0.2147820576069839
329948.4098117990,4157647.3012861102,0.3959718605089694
329948.3905414800,4157647.3020863100,0.5140461069474404
329948.3711194140,4157647.3026992702,-0.4724442678163087
329948.3516675380,4157647.3034921498,-0.4281667679153898
329948.3322513380,4157647.3044456299,0.04944915386782595
329948.3128219680,4157647.3053810298,-0.03495576813535799
329948.2932767110,4157647.3063353701,-0.7081916588433925
329948.2737701760,4157647.3075588299,-0.2344580891388777
329948.2542802850,4157647.3088709102,-0.3988983424351573
329948.2348016720,4157647.3103347798,0.009867324517810363
329948.2153383370,4157647.3117937301,-0.366303498706239
329948.1958661680,4157647.3133934899,-1.194048839401248
329948.1764299840,4157647.3154478301,-1.13841635138847
329948.1569091630,4157647.3179529598,-0.9288522189759577
329948.1372804090,4157647.3208390600,-0.401825434974443
329948.1176160880,4157647.3238909799,-0.3464855967495481
329948.0979209990,4157647.3270870801,0.3992404594678764
329948.0780357500,4157647.3301509898,-0.115959132077255
329948.0581142890,4157647.3332681302,-0.06860021436261711
329948.0381856440,4157647.3364146501,-0.2263502266291256
329948.0182101880,4157647.3396622702,0.07408604478758803
329947.9982455870,4157647.3428774201,-0.2386703112547225
329947.9782761900,4157647.3461923501,-0.7217815466690338
329947.9583110600,4157647.3498074198,-0.3172752457281354
329947.9383308760,4157647.3535583401,-0.632533242474589
329947.9184058610,4157647.3575647702,-0.8467344329555005
329947.8985115800,4157647.3619228699,-0.7709120466254843
329947.8787378800,4157647.3665806502,-0.861962491998257
329947.8590188370,4157647.3715918399,-0.2237276990751605
329947.8392648070,4157647.3767078998,0.08394387838159563
329947.8195105680,4157647.3817879301,-0.2324597296747858
329947.7998339230,4157647.3869474600,0.6102199669224849
329947.7800979300,4157647.3918615798,-0.1892133130875858
329947.7605038920,4157647.3968202602,-0.1171556480918939
329947.7407844720,4157647.4018605598,-0.902144559614855
329947.7209154680,4157647.4073321000,-0.7614823146806893
329947.7009240630,4157647.4131781799,-0.1629121925984769
329947.6807233420,4157647.4191603800,0.746326112996741
329947.6603606840,4157647.4248432699,0.4936291123091709
329947.6398568760,4157647.4303351101,-0.1606056015392725
329947.6193255480,4157647.4359094901,0.1295777722641029
329947.5989295970,4157647.4413870098,-0.5211714897685472
329947.5785476440,4157647.4471022901,-0.4818695337043339
329947.5583295130,4157647.4529941501,-1.121340500538405
329947.5382506740,4157647.4593635802,-0.8765904443354536
329947.5182450800,4157647.4661193001,-0.3565750757668922
329947.4983069170,4157647.4730198500,-0.09015328199066279
329947.4784995600,4157647.4799172198,0.3697369996483212
329947.4587809330,4157647.4866133002,-0.2670265577499314
329947.4391288970,4157647.4934087899,-0.4352602294478324
329947.4196532150,4157647.5003406899,-1.512139413311968
329947.4007939020,4157647.5077182199,-0.8485631229615106
329947.3822412950,4157647.5153441299,-1.108905081180065
329947.3641734960,4157647.5232409099,-1.023945592680973
329947.3465140170,4157647.5313847600,-0.6895685783374785
329947.3291709890,4157647.5396647998,-0.5744005663850821
329947.3120143580,4157647.5480890102,-0.00204840974868777
329947.2949033480,4157647.5564916502,-0.1262613503899904
329947.2777726370,4157647.5649552601,0.050664682012578
329947.2607155520,4157647.5733620101,0.2137098260549218
329947.2437872020,4157647.5816203798,0.1308817732965295
329947.2268887080,4157647.5898127500,0.2860189624784306
329947.2099095080,4157647.5979317799,0.1917690736164918
329947.1927266490,4157647.6060717399,-0.2121825094045865
329947.1754369130,4157647.6143482500,-0.9491183123244947
329947.1584122020,4157647.6228807298,-1.01089883730149
329947.1416191790,4157647.6317047798,-0.9953721718319892
329947.1250897250,4157647.6407915200,-0.8858801521624394
329947.1087779630,4157647.6501161498,-0.9080655570952622
329947.0925145740,4157647.6597862700,-0.07936424565364787
329947.0762573110,4157647.6694858298,-0.1257562362505605
329947.0599444900,4157647.6792714000,-0.2907297932550612
329947.0436865410,4157647.6891467301,-0.2812631851037148
329947.0274773140,4157647.6991115902,-0.09997571526914929
329947.0113336160,4157647.7090784698,0.02053824703594209
329946.9952114630,4157647.7190233800,0.2957340584945687
329946.9790022280,4157647.7288969602,0.1499987530111448
329946.9626985530,4157647.7387644099,-0.528217666248869
329946.9464428590,4157647.7488281401,-0.6882435365745061
329946.9303245670,4157647.7591025801,-0.7846604880825989
329946.9143059190,4157647.7696552798,-0.8028932747859004
329946.8983627760,4157647.7805150002,-0.6512239886568322
329946.8824655730,4157647.7916391999,0.4792513585101502
329946.8663229540,4157647.8027119800,-0.4978978500761105
329946.8501627910,4157647.8140309001,-0.9977000157330499
329946.8343272790,4157647.8255921402,-0.1281558604790958
329946.8185780160,4157647.8371510799,-0.1278394545122694
329946.8028677910,4157647.8487418299,-1.289347817068503
329946.7874102770,4157647.8607594501,-0.3551268596875566
329946.7719817450,4157647.8729279102,-0.3666166490093583
329946.7566207860,4157647.8852237202,-0.3173172489715289
329946.7413246850,4157647.8976251599,0.25868337507085
329946.7260115420,4157647.9099118598,-0.08618688861108521
329946.7106930670,4157647.9222455402,-0.7248353189222063
329946.6954309760,4157647.9348980901,-0.1202761626258595
329946.6801082150,4157647.9476628900,0.03403569541160847
329946.6646261390,4157647.9605425298,-0.8448481638086196
329946.6492239280,4157647.9738077000,-0.1050759684267623
329946.6337546110,4157647.9871884999,-0.4952014907380769
329946.6183780730,4157648.0007641301,-0.4614195291800565
329946.6031296890,4157648.0144856102,-0.5258778381633457
329946.5880474870,4157648.0283547202,-0.06455630864678308
329946.5730296640,4157648.0422012801,-0.1246764370865905
329946.5580320120,4157648.0561001101,-0.6778777310773224
329946.5431729550,4157648.0702590998,-0.806610736421368
329946.5284068950,4157648.0848058099,-0.6031408110346211
329946.5137536620,4157648.0996077699,0.01023993991966276
329946.4991029230,4157648.1144009000,-0.2484647575416623
329946.4844690750,4157648.1293309801,0.1352368842316172
329946.4697187250,4157648.1442948398,0.04002497987953861
329946.4548049910,4157648.1593988901,-0.2970128902464289
329946.4398701100,4157648.1747170798,-0.7717965680885103
329946.4251541550,4157648.1903186101,-1.065878482706929
329946.4107038280,4157648.2063601799,-0.7330116564379932
329946.3964441730,4157648.2227041302,-0.8054199193794928
329946.3822817650,4157648.2395249298,0.4423593625513483
329946.3679651260,4157648.2561971298,0.8524797309535452
329946.3533253580,4157648.2726128702,1.226126921265569
329946.3382421160,4157648.2886341801,0.6226789524087769
329946.3227528350,4157648.3046388798,-0.2040309614769411
329946.3071366240,4157648.3209231198,-1.059277152164517
329946.2918000430,4157648.3377036499,-0.7335001027767674
329946.2767606940,4157648.3547199699,-0.6595963237862615
329946.2619447480,4157648.3719989299,-0.7641627805436064
329946.2473612250,4157648.3896194799,0.1606438699875866
329946.2328508890,4157648.4070216399,-0.1913139508710848
329946.2185494370,4157648.4243245302,-0.3090241297628644
329946.2045520200,4157648.4414992598,-0.2632925553772987
329946.1907758000,4157648.4586045002,0.1343103302655712
329946.1769375020,4157648.4756833999,0.4216425116478266
329946.1629165330,4157648.4926632699,0.3313717090130929
329946.1486783360,4157648.5096513499,0.4767613459469772
329946.1341959310,4157648.5265636700,0.1873446995224031
329946.1195213080,4157648.5435558702,-0.4463194501636401
329946.1052718670,4157648.5603908999,0.3098966201621783
329946.0911691220,4157648.5768255801,-0.2579565266334729
329946.0773050570,4157648.5931649702,-0.2712085788150443
329946.0636882360,4157648.6094022701,-0.4112354886020823
329946.0502902910,4157648.6256634998,-0.04184343127890165
329946.0368815480,4157648.6419671299,1.089249789100502
329946.0231152930,4157648.6579425200,0.4552199977559659
329946.0092163530,4157648.6737624300,-1.009118623000228
329945.9956451280,4157648.6898881700,0.02751580835413329
329945.9821858770,4157648.7058621300,0.465768631034732
329945.9685419370,4157648.7217388600,-0.1182949253315471
329945.9550692890,4157648.7374946498,0.1351456804933004
329945.9416328410,4157648.7531195302,0.5218258717885488
329945.9281028980,4157648.7685159999,-0.1880440416035426
329945.9146018180,4157648.7839997099,-0.1628431795133375
329945.9012143360,4157648.7994569899,-0.08070970670942637
329945.8879140810,4157648.8148647500,-0.07617372746836988
329945.8746899630,4157648.8302323199,0.2581562197782863
329945.8614868370,4157648.8454146599,1.089394843165162
329945.8479027120,4157648.8603592999,0.5400349176593907
329945.8342325380,4157648.8750738399,0.5315728582620958
329945.8204859860,4157648.8895582599,0.3634466463796963
329945.8067984480,4157648.9037736701,-0.1578455928407851
329945.7932140810,4157648.9179699798,0.08435091888458543
329945.7796303470,4157648.9321186501,-0.5917526106539541
329945.7661909600,4157648.9464464402,-0.4404220280414454
329945.7527536110,4157648.9610239398,-0.8258831951226064
329945.7396354950,4157648.9757297500,0.1922985607036371
329945.7263818570,4157648.9904742800,0.09259748812377966
329945.7131199140,4157649.0051737200,0.708190120833451
329945.6996128750,4157649.0197286098,0.7194778363662218
329945.6857693930,4157649.0342231202,0.8035718086289833
329945.6716234100,4157649.0485634701,0.9738645287131903
329945.6572082800,4157649.0626145601,0.7032514212760193
329945.6426991090,4157649.0763635500,0.09810380420104226
329945.6281695980,4157649.0900778500,-0.1257926220776541
329945.6137409220,4157649.1037655501,-0.01162603366279248
329945.5992498540,4157649.1175188199,-1.037361950195886
329945.5850214030,4157649.1315952200,-0.4659529081724362
329945.5708858550,4157649.1458433699,-0.328647296472841
329945.5567365970,4157649.1602954902,-0.2593782158259138
329945.5425542370,4157649.1749348599,0.1292773152845598
329945.5283538650,4157649.1895158002,0.1311118710446857
329945.5141520020,4157649.2040207302,0.3658768294681168
329945.4999534320,4157649.2183092702,-0.8307517503215548
329945.4860130210,4157649.2328153402,0.09695542204727105
329945.4718687640,4157649.2474758201,-0.1647319374289886
329945.4576419470,4157649.2623217199,-0.07818606038511172
329945.4433357640,4157649.2772987401,0.2567674970425122
329945.4288080500,4157649.2923458498,0.2191225870128521
329945.4142199730,4157649.3073175899,0.1632106855780626
329945.3996153580,4157649.3222044702,0.04181364904932454
329945.3851055300,4157649.3369690501,0.1979388827412192
329945.3705961150,4157649.3516129502,0.1648867250384596
329945.3560445720,4157649.3661998902,0.5205577357842668
329945.3412034240,4157649.3807599698,1.099106307587575
329945.3259075110,4157649.3950924701,0.9367898687812923
329945.3101474640,4157649.4092857898,0.3223485374039899
329945.2941720170,4157649.4234757698,0.06125803133865273
329945.2781289970,4157649.4376881900,-0.6622346292710048
329945.2621984980,4157649.4522108599,-0.946014320182317
329945.2463607690,4157649.4672557502,-0.7953919798715705
329945.2306946760,4157649.4826657702,-0.07139948947818674
329945.2151898680,4157649.4979648702,0.1273334790867305
329945.1995642810,4157649.5132976300,0.4483166039241043
329945.1837640340,4157649.5285000498,0.154379964969516
329945.1677950410,4157649.5437606899,0.2617121597379786
329945.1516926970,4157649.5589713999,-0.02580288588362776
329945.1355268920,4157649.5742595899,-0.2575388047151966
329945.1194401250,4157649.5896486598,0.1423902528378447
329945.1033715520,4157649.6049232702,-0.321320704922156
329945.0874731900,4157649.6202527299,-0.1423315427852295
329945.0717753220,4157649.6354839201,-0.471943154797307
329945.0561910610,4157649.6509208302,-0.3154399670165392
329945.0407875480,4157649.6663908102,-0.132951480218813
329945.0254834510,4157649.6818502699,0.03199250195734143
329945.0101775520,4157649.6972900499,0.6011959337614441
329944.9946767080,4157649.7125230799,0.9456713329230551
329944.9789670470,4157649.7273410400,0.9780462368781894
329944.9630122740,4157649.7417669501,0.8493148790649337
329944.9469078320,4157649.7558038500,0.02604944712747214
329944.9310622520,4157649.7695997399,-0.245721983816306
329944.9153533060,4157649.7834195900,-0.9984498930746253
329944.9001057250,4157649.7974060299,-0.5050205712535991
329944.8851643780,4157649.8114002999,-0.2751676622561309
329944.8705233680,4157649.8252677498,-0.5749592976304101
329944.8562031960,4157649.8391480399,0.07997383366141118
329944.8420005300,4157649.8528707800,0.4903323187470322
329944.8278296580,4157649.8663014001,0.4060082847549855
329944.8137537050,4157649.8794332901,1.322979652568857
329944.7995707730,4157649.8920098501,0.5794307533181425
329944.7852284850,4157649.9044488100,0.2556288549173662
329944.7710140580,4157649.9166572900,0.6497278070613869
329944.7569810920,4157649.9284194200,0.1302906069368169
329944.7434795710,4157649.9396824599,-0.003736488850240164
329944.7306326570,4157649.9504008200,-0.6634844846280191
329944.7187059460,4157649.9605708802,-0.9184652365016904
329944.7077593470,4157649.9701708499,-2.25867180320748
329944.6978159810,4157649.9794669501,-1.471747306420157
329944.6886685340,4157649.9883577698,-1.19209592059635
329944.6796837940,4157649.9973597499,1.641730871021966
329944.6712634710,4157650.0054648002,0.1482366709565029
329944.6629126940,4157650.0134752202,0.3737068917662743
329944.6546461960,4157650.0213369201,0.279332633711769
329944.6464191340,4157650.0291115302,0.2711377663012496
329944.6382795030,4157650.0367566799,-0.1050743547171929
329944.6302636270,4157650.0443031900,0.3623488077921082
329944.6223728260,4157650.0516733602,-0.2447656544697645
329944.6146973210,4157650.0588800400,1.73047171417852
329944.6072159940,4157650.0656573302,-0.485228123266179
329944.5998255870,4157650.0724181999,0.2687156002464001
329944.5925654910,4157650.0790244099,1.231655631929872
329944.5853616880,4157650.0854233499,0.5309174804712555
329944.5779766470,4157650.0919153099,-0.7740041879311003
329944.5703559100,4157650.0987200099,0.5219627958677076
329944.5622560540,4157650.1058730399,-1.010593411310385
329944.5538176850,4157650.1134950100,-0.5001480671603148
329944.5451192890,4157650.1214437899,0.08724105820281829
329944.5365155400,4157650.1292899600,-0.2200598938918159
329944.5277803780,4157650.1372974301,-0.3668763652060213
329944.5191474610,4157650.1452802499,0.002420745701715003
329944.5104604500,4157650.1533126300,-0.221588643426475
329944.5015823200,4157650.1615655399,0.3207588945782962
329944.4923613600,4157650.1700693900,-0.09628924879247786
329944.4829045300,4157650.1788122100,0.4173135258133196
329944.4732737880,4157650.1876196498,0.02174591108408184
329944.4636402470,4157650.1964246300,-0.1414381417186014
329944.4541991980,4157650.2050854200,-0.3078565918426085
329944.4446047660,4157650.2139575598,-0.01779828859794617
329944.4349097260,4157650.2229269398,-0.07825690473991259
329944.4250367590,4157650.2320800698,-0.275538121121899
329944.4149294460,4157650.2415213799,-0.325121768151259
329944.4045867460,4157650.2512712399,-0.2714674501946784
329944.3941377870,4157650.2611982301,-0.4726421596645356
329944.3837427490,4157650.2712096898,-0.1339526829265133
329944.3732873060,4157650.2813185100,-0.1485413358240154
329944.3628808880,4157650.2914234600,-0.2528233480928124
329944.3522364140,4157650.3018367002,0.2042669863650131
329944.3414236200,4157650.3123500198,0.279697146137312
329944.3303759240,4157650.3230006602,0.09046991299514061
329944.3191276580,4157650.3338143202,0.267665818181213
329944.3077128410,4157650.3446962400,-0.173180329140531
329944.2962635070,4157650.3556710798,-0.5509124879634382
329944.2848601350,4157650.3667950998,-0.4395121887133312
329944.2734515760,4157650.3780817301,-0.171962030551343
329944.2620898880,4157650.3893841598,-0.5613796711739247
329944.2506032990,4157650.4010204300,0.1017429553114045
329944.2390121930,4157650.4127234300,1.010313100422813
329944.2271784260,4157650.4242794798,0.6505738120083973
329944.2150903200,4157650.4358310602,1.116363863146093
329944.2026671240,4157650.4472648301,0.4916216557860733
329944.1897369560,4157650.4589652498,0.3170017382213021
329944.1767514920,4157650.4705858398,0.414053749208999
329944.1637484000,4157650.4820547500,-0.3994404394419013
329944.1509094120,4157650.4935374600,-0.7989388593298272
329944.1382356870,4157650.5051901401,-0.6763469740387101
329944.1256038550,4157650.5170797398,-0.4486946204111575
329944.1129412020,4157650.5291865398,0.02023959604857878
329944.1001590620,4157650.5413988698,0.4771911105835114
329944.0871361220,4157650.5536316899,0.8737628234811421
329944.0738260120,4157650.5657473402,0.6372857640248858
329944.0602878510,4157650.5777886198,0.1364855942003266
329944.0466386270,4157650.5898681800,-1.166167591235397
329944.0332035390,4157650.6022782298,-1.077571948329767
329944.0199981630,4157650.6149677602,-0.796493755060985
329944.0069335750,4157650.6278944602,0.005831404626228366
329943.9938188010,4157650.6408680300,0.4256390748842754
329943.9805769720,4157650.6537629501,0.4416782868612537
329943.9672137840,4157650.6665650499,-0.04921244113515658
329943.9538459950,4157650.6793949399,-0.3677871847924177
329943.9406056940,4157650.6922766902,-0.3008987033821319
329943.9275312380,4157650.7051388100,-0.4616712996859947
329943.9145936910,4157650.7180833900,-0.3381552305318812
329943.9017484010,4157650.7310956600,0.2364913462198479
329943.8888087360,4157650.7440904900,-0.01831601363010636
329943.8758158860,4157650.7571475198,0.04123190717353899
329943.8628476990,4157650.7701600101,0.2372751465520476
329943.8498689440,4157650.7830702602,0.1980891964368375
329943.8369879610,4157650.7957911701,0.0256598975613379
329943.8241964920,4157650.8084119898,0.2626068420272328
329943.8114791430,4157650.8208424002,0.2571563903228902
329943.7988921980,4157650.8330341098,-0.2364946743268115
329943.7864373560,4157650.8451979798,-0.1450389670922214
329943.7740766280,4157650.8573309099,-0.005870219931355414
329943.7618228470,4157650.8693613000,-0.07329426299351416
329943.7497107190,4157650.8812824399,-0.4234952464493079
329943.7377471810,4157650.8932276098,-0.1807065632977836
329943.7258665700,4157650.9051625398,-0.05645031925244236
329943.7140400410,4157650.9170657098,0.4356268454446772
329943.7022197680,4157650.9287905898,0.1110361891924915
329943.6903952440,4157650.9404764301,0.4349711700806803
329943.6784625770,4157650.9520996199,0.6082529170926092
329943.6662197670,4157650.9637836302,0.2242260319401495
329943.6537154360,4157650.9756260901,0.8167915641242154
329943.6407968150,4157650.9875174202,0.2415270034444811
329943.6276562800,4157650.9995098002,0.5149826361408202
329943.6143461710,4157651.0114347800,-0.7201799272610377
329943.6011524600,4157651.0235656300,-1.126027491484935
329943.5882737060,4157651.0358943702,-1.077528811815072
329943.5758514490,4157651.0482479599,-0.9899799519008061
329943.5637365400,4157651.0607195701,-0.1446617439694138
329943.5516084620,4157651.0732678501,0.09490088202665441
329943.5393730790,4157651.0858851201,-0.1374524681320503
329943.5270372290,4157651.0986679699,0.3791402981996023
329943.5144912680,4157651.1114936601,1.074847863354809
329943.5015667350,4157651.1242038901,0.4450138446580266
329943.4884488970,4157651.1368969800,1.342397992095279
329943.4750442200,4157651.1492466698,0.6561804193736885
329943.4616826330,4157651.1612664401,0.1046043066174829
329943.4482246190,4157651.1733271298,-0.0865238383430373
329943.4347750930,4157651.1854182002,-1.374703281995229
329943.4216083480,4157651.1978611699,-1.248534730315012
329943.4087580050,4157651.2105667801,-0.8726683944866224
329943.3961032310,4157651.2234800798,-0.721628817128793
329943.3836947980,4157651.2364759101,0.5337891746939727
329943.3712229990,4157651.2492903499,0.6479510773332912
329943.3587031140,4157651.2618606300,1.064278783894144
329943.3461231150,4157651.2740262202,0.246449274207228
329943.3334349090,4157651.2861907599,0.4203031764614822
329943.3206343890,4157651.2982826000,-0.1853874536607266
329943.3078085040,4157651.3104780801,-0.09738916218661559
329943.2949326170,4157651.3227635501,-0.5200620396311124
329943.2821343260,4157651.3352036299,-0.6898195500307704
329943.2695003710,4157651.3477900401,-0.1795299132675232
329943.2569695470,4157651.3603536999,0.06088872490989876
329943.2445492960,4157651.3727797498,0.9199870168156127
329943.2320879570,4157651.3848526902,0.1271221701794053
329943.2195156140,4157651.3969793501,0.7424171239226157
329943.2067481020,4157651.4089780999,0.5065019734391648
329943.1938730450,4157651.4208645099,-0.2030240843574097
329943.1811074840,4157651.4327340098,-0.8556405794476534
329943.1686136320,4157651.4447018998,-1.224087235626899
329943.1564503080,4157651.4568558699,-0.7978492786731561
329943.1444436380,4157651.4691872499,-0.0224469233841521
329943.1324922540,4157651.4814713201,0.6292279845947314
329943.1204454430,4157651.4935896201,-0.5897824829705677
329943.1084068360,4157651.5059474702,0.2125003189108948
329943.0962880110,4157651.5182966301,0.5216423905552449
329943.0840835790,4157651.5305107599,0.3920708761116172
329943.0717843720,4157651.5426541199,0.0890395766749877
329943.0594728080,4157651.5547723300,0.3611539659648307
329943.0472138510,4157651.5666898601,-0.484840413363198
329943.0351612200,4157651.5786018502,0.0348936234331701
329943.0231895800,4157651.5904198601,0.05546915327033181
329943.0113358610,4157651.6020997600,-0.5406577940412239
329942.9995589380,4157651.6139149601,0.3613843978035908
329942.9877587280,4157651.6256119199,0.3715043380042217
329942.9758638910,4157651.6372578600,0.3915717062858554
329942.9638906110,4157651.6488286899,-0.5062460163878585
329942.9519465790,4157651.6605681400,-0.4774046015081627
329942.9400886030,4157651.6724109501,-0.386089778449788
329942.9284152570,4157651.6842205198,-0.7699344499967394
329942.9169404830,4157651.6961293402,-0.2800430637609562
329942.9055358510,4157651.7080755299,0.575965205878435
329942.8940122050,4157651.7199186902,0.08367755389447436
329942.8824485250,4157651.7317701299,1.13489460550928
329942.8705950790,4157651.7434691200,1.658855346805573
329942.8583916500,4157651.7548646498,1.778892962388383
329942.8458114760,4157651.7659300300,0.8849066329873994
329942.8330763370,4157651.7768012099,0.8791096797258305
329942.8201184090,4157651.7875361098,-0.1975733753843909
329942.8071169250,4157651.7983804098,-1.153094135832258
329942.7943395920,4157651.8094676202,-2.329441008190573
329942.7820048710,4157651.8210536898,-1.273800874377194
329942.7699287150,4157651.8328969702,-0.1867321730120952
329942.7578894640,4157651.8447788898,0.1487137959082588
329942.7458181430,4157651.8566326601,0.2267149754971949
329942.7337367390,4157651.8684057798,0.008333201905419882
329942.7216915430,4157651.8801403199,-0.7134728922687514
329942.7098238280,4157651.8919823500,-0.3949433700604298
329942.6980267370,4157651.9039108902,-0.3636182268249242
329942.6862935780,4157651.9159205002,0.8189694650228369
329942.6744349240,4157651.9277297999,-0.2683682896566711
329942.6625542260,4157651.9396681502,0.4898876511526227
329942.6504912730,4157651.9515905599,0.9475101786293509
329942.6382353060,4157651.9633203899,0.4953268982189977
329942.6259357040,4157651.9748959602,0.8267235985794421
329942.6134928820,4157651.9862831300,-0.1309139234885173
329942.6009629640,4157651.9978011800,-0.3145698483550705
329942.5884642630,4157652.0094147599,-0.6660918064333186
329942.5761851190,4157652.0210862099,-0.248052524771612
329942.5639566540,4157652.0328076901,-0.9578150054243846
329942.5518786420,4157652.0447676098,-0.2072324508727448
329942.5397666410,4157652.0568462498,-0.2313770073969335
329942.5276983400,4157652.0689769699,0.5557860119256262
329942.5155855410,4157652.0809236700,0.6957016671614609
329942.5034280570,4157652.0926349098,0.4925877148634082
329942.4911938280,4157652.1042256602,-0.0462844278829712
329942.4789772580,4157652.1158177699,-0.7238785251556245
329942.4668425000,4157652.1276174099,0.03089300051602968
329942.4547332090,4157652.1393799898,-1.273140224963363
329942.4428413900,4157652.1514396002,-0.6819175689914099
329942.4310950120,4157652.1636301102,0.02193727220612577
329942.4193628190,4157652.1757968599,0.380493464727995
329942.4075792040,4157652.1878608698,0.5117459523508087
329942.3957181050,4157652.1997966100,1.199510333514101
329942.3836715980,4157652.2114402498,1.11125356339671
329942.3714433650,4157652.2228274802,1.700701246044052
329942.3588600230,4157652.2338938299,0.9541320243452814
329942.3460034120,4157652.2448396301,-0.6922019764487094
329942.3328813390,4157652.2562828502,-1.571458222776245
329942.3198734070,4157652.2682738998,-1.778644409671186
329942.3071873090,4157652.2807309902,-0.8133117941570104
329942.2947448760,4157652.2933064299,-0.3554896557781423
329942.2825468820,4157652.3057898302,1.454448626868686
329942.2701220580,4157652.3178779101,0.8865683558895496
329942.2575725890,4157652.3297181898,0.7791683817422425
329942.2448711950,4157652.3413831601,1.282554976698173
329942.2316870210,4157652.3529600599,-0.561750629765668
329942.2186979960,4157652.3645936102,-0.6170339354082016
329942.2057434730,4157652.3764508199,-0.6454848385346155
329942.1928965430,4157652.3884803001,-1.036045372043369
329942.1802999880,4157652.4007134400,-0.8742238606265991
329942.1678697150,4157652.4131618701,-0.09286136552730727
329942.1554119000,4157652.4256787901,-0.05762185628904731
329942.1428592310,4157652.4383168202,0.4708255645400927
329942.1300951300,4157652.4509530799,1.386910049825599
329942.1170136180,4157652.4632735699,-0.01842535384708329
329942.1042640560,4157652.4752892898,0.6095831259932563
329942.0915835040,4157652.4869887098,-0.08836688453296428
329942.0789718350,4157652.4986601500,-0.408359283129503
329942.0664161690,4157652.5104445699,-1.017786310686773
329942.0539892630,4157652.5225260700,-0.4103766440496062
329942.0415166820,4157652.5348266801,-0.4581335127048088
329942.0290103540,4157652.5473612300,-0.1633463825157944
329942.0163867750,4157652.5600871500,1.456849195986334
329942.0032933940,4157652.5726112500,0.4497330058579371
329941.9902953120,4157652.5848444202,1.3160603260883
329941.9770816390,4157652.5967091201,0.9665558969833362
329941.9637205170,4157652.6082990202,-0.09826028261391023
329941.9503643110,4157652.6199254198,0.1380949926673123
329941.9369453000,4157652.6315488601,-0.9626902913447526
329941.9237064550,4157652.6434185798,-1.723430713900772
329941.9107075260,4157652.6558162100,-1.371929123921573
329941.8979270280,4157652.6686238898,0.2131833367480553
329941.8849027800,4157652.6815747800,-0.8970740652293903
329941.8721474900,4157652.6946822898,0.67369401592613
329941.8592380220,4157652.7076253500,0.9476148191917837
329941.8461097420,4157652.7203395599,1.056512602671105
329941.8327519130,4157652.7327855998,1.333314368101286
329941.8190981020,4157652.7449002001,0.8140701930307455
329941.8052381110,4157652.7568340502,-0.02219697688254153
329941.7913819870,4157652.7687743702,-0.4617185686061378
329941.7777399490,4157652.7807316100,-1.033546752124811
329941.7642355960,4157652.7930249702,-1.358735132398563
329941.7512324080,4157652.8054613601,-0.68354159786629
329941.7383221450,4157652.8181172800,-0.04681510488670911
329941.7253379950,4157652.8308672700,0.7498964846238769
329941.7121929420,4157652.8434277000,1.286096870264039
329941.6987233740,4157652.8557080100,-0.5221261071707397
329941.6853335460,4157652.8681513602,-1.171917965287788
329941.6722510100,4157652.8808413302,0.0277034330557151
329941.6592204380,4157652.8934681602,-0.5002977911722833
329941.6463321280,4157652.9061857699,-0.577447217314212
329941.6336784490,4157652.9189346498,-0.4538744060254262
329941.6212448260,4157652.9316668198,-0.3846927085957315
329941.6089124090,4157652.9444694398,-0.1031552819606015
329941.5966888490,4157652.9572055498,0.4678302565445586
329941.5843722990,4157652.9698283100,0.8576142852281211
329941.5718724060,4157652.9822573098,0.7201384214113413
329941.5592425290,4157652.9945009998,0.3376412214738911
329941.5466097890,4157653.0066031502,0.1907744753686463
329941.5339346120,4157653.0186650800,0.3815971096141563
329941.5212566210,4157653.0305698798,-0.0005034158278603992
329941.5085575960,4157653.0424946402,-0.3552270944069241
329941.4959050680,4157653.0545240999,-0.01928514565907153
329941.4832371930,4157653.0665762802,0.7473233711053175
329941.4703912740,4157653.0784816998,0.7442311290444715
329941.4574324010,4157653.0901820101,0.2272850111730687
329941.4443287080,4157653.1019186699,-0.3582136302924473
329941.4313538200,4157653.1136878398,-1.501115461077889
329941.4186434650,4157653.1258426001,-0.4719899559554988
329941.4060709830,4157653.1380666201,-0.3969710439910623
329941.3935325610,4157653.1504288302,0.282614289829784
329941.3809106150,4157653.1627500202,0.3219378804782099
329941.3683123680,4157653.1749096401,0.1057240292551648
329941.3556970280,4157653.1870407402,0.20234206738348
329941.3430152940,4157653.1991494601,-0.2850726520863461
329941.3304123080,4157653.2113039098,-0.7897065062442061
329941.3179825860,4157653.2236274299,-0.6415936597916705
329941.3055300210,4157653.2362559200,-0.9584306266617365
329941.2932491030,4157653.2491420698,-0.973893797619976
329941.2810932860,4157653.2623498901,-0.9622388521606817
329941.2690360600,4157653.2759160702,-0.6236027227900245
329941.2570484390,4157653.2897164901,0.4403032681696383
329941.2448953550,4157653.3034815202,0.2063382768359171
329941.2326438860,4157653.3172522699,1.110605464160142
329941.2201441630,4157653.3307365300,1.859522766151817
329941.2072217400,4157653.3437554599,0.6782086323818696
329941.1941566560,4157653.3565948601,0.3872372068808835
329941.1810165040,4157653.3693261798,0.580911005855287
329941.1677314060,4157653.3819268602,-0.07590266443576942
329941.1544109090,4157653.3945964002,-0.3499144809429716
329941.1411103360,4157653.4074113402,0.1632365643688154
329941.1277178060,4157653.4202370900,-0.4817174025434195
329941.1143779310,4157653.4332433902,0.1529687468483336
329941.1009535700,4157653.4462575102,0.201648990015048
329941.0874830390,4157653.4592182399,-0.5903489150289897
329941.0742327780,4157653.4722508299,-0.4087460089194415
329941.0610463080,4157653.4854195202,0.2941755968117237
329941.0479847520,4157653.4983222699,0.3598883228779448
329941.0347176390,4157653.5112552098,0.8102496277429421
329941.0212641760,4157653.5239816601,0.8823278787776849
329941.0075922740,4157653.5364976600,0.8278253674406003
329940.9937342820,4157653.5487986100,0.869419900960781
329940.9796743220,4157653.5608794498,-0.7085912923652653
329940.9657537180,4157653.5731622898,-0.1004035780243586
329940.9518037600,4157653.5855174400,-0.3023626240396714
329940.9379792890,4157653.5979008600,-1.038793260625999
329940.9244727900,4157653.6104757302,-0.4085905400063902
329940.9109988840,4157653.6232117098,-0.2417321455077956
329940.8975445650,4157653.6360439998,-0.1721675924524538
329940.8841599930,4157653.6488917498,0.4576607890809835
329940.8707439820,4157653.6615531798,0.1258008661946729
329940.8573341680,4157653.6741501298,-0.01115480394842973
329940.8438914610,4157653.6867831801,0.2329119049164644
329940.8303583010,4157653.6993920300,-0.3860580844645917
329940.8168872810,4157653.7121240799,-0.860223091348457
329940.8036027110,4157653.7250874098,-0.477969062476809
329940.7904110160,4157653.7381907902,-0.2071277447368347
329940.7772390900,4157653.7513758200,-0.3355107838921975
329940.7641170770,4157653.7646764000,-0.5586397141606801
329940.7511641550,4157653.7780823102,0.7388276689857193
329940.7381992240,4157653.7911383202,0.2819730430267854
329940.7252769350,4157653.8040176202,0.09135311058549807
329940.7123855770,4157653.8168234201,0.5001865330004233
329940.6993280700,4157653.8295601401,0.08217378973202677
329940.6863041340,4157653.8422261500,0.1487443066158523
329940.6732331740,4157653.8548693098,0.3965534564420411
329940.6601101320,4157653.8673812002,0.1984027408396501
329940.6469297820,4157653.8798574801,0.1343851908629067
329940.6336879640,4157653.8923307802,-0.1279381271163241
329940.6204199350,4157653.9048873000,0.136889215004603
329940.6070203340,4157653.9175047302,0.4353907425937917
329940.5934468900,4157653.9300816301,0.4168464542530588
329940.5796953120,4157653.9426272600,-0.4452961077064518
329940.5660424480,4157653.9552918202,-0.9888300580189883
329940.5526113090,4157653.9682191499,-0.9346417755501644
329940.5394319040,4157653.9813537099,-1.198602035496293
329940.5265771560,4157653.9947485798,-0.07190659680062024
329940.5139408860,4157654.0079507502,0.4205058805784418
329940.5013351020,4157654.0209210902,0.3389916644767151
329940.4886887430,4157654.0337747899,0.3687790369904719
329940.4759407800,4157654.0465604598,0.4973694927940013
329940.4630246770,4157654.0592836998,-0.2006054494838659
329940.4501931740,4157654.0720157502,0.2107809172185679
329940.4373296030,4157654.0846827799,-0.07518458315009931
329940.4245241160,4157654.0973268398,-0.1863771145201282
329940.4118165740,4157654.1099584601,-0.8178463424579466
329940.3992981050,4157654.1227722201,-0.2401184766585737
329940.3868204500,4157654.1356546599,0.5502692363701309
329940.3743659890,4157654.1482632500,0.5471652298548882
329940.3617470790,4157654.1607925300,1.814352420980784
329940.3486768150,4157654.1729566199,0.7905296241811571
329940.3353762640,4157654.1849884400,0.7508318707114479
329940.3218930620,4157654.1968590301,0.6490628603565362
329940.3082596430,4157654.2085824199,0.06432453912991543
329940.2945312080,4157654.2203598400,-0.3885833062635706
329940.2807741650,4157654.2323313798,-0.7966593242649147
329940.2671385850,4157654.2445505401,-1.601316691936366
329940.2538227360,4157654.2572075999,-0.9068750299113677
329940.2406565380,4157654.2701477702,0.1820631053269484
329940.2273711280,4157654.2831173600,-0.2527636647853186
329940.2139557300,4157654.2963382700,0.4713858228528924
329940.2002958600,4157654.3095620000,0.2046209711709285
329940.1864325360,4157654.3228780301,-0.1057382700530421
329940.1724582930,4157654.3363555898,0.002566596521584344
329940.1583781980,4157654.3499338799,0.4626112881369653
329940.1441630300,4157654.3633961999,0.3974768634244074
329940.1299367910,4157654.3766612099,0.3095447844410653
329940.1159151130,4157654.3895800798,0.3905776094754875
329940.1018339150,4157654.4023614801,0.02080871041594657
329940.0879331710,4157654.4149691202,0.02321596490787397
329940.0741104680,4157654.4274950400,-0.4693672755828059
329940.0604389730,4157654.4401033502,-0.7284990241835975
329940.0469339280,4157654.4529011301,-0.7706233111768548
329940.0336024330,4157654.4659024300,-0.1870272105940325
329940.0203036870,4157654.4789625099,0.2163378502133398
329940.0069585270,4157654.4919628999,0.4685755107750644
329939.9935246990,4157654.5048232200,1.140410197752432
329939.9799376420,4157654.5172911198,-0.3576901560846882
329939.9665609960,4157654.5297286799,0.0009563911635084573
329939.9533817740,4157654.5419822498,-0.3432816411504288
329939.9404690290,4157654.5541365501,-0.4936731663572692
329939.9277635430,4157654.5663064499,-0.9202173078639428
329939.9153229650,4157654.5786138698,-0.8803159265219016
329939.9031549000,4157654.5910271001,-0.8296309193994323
329939.8912864070,4157654.6034874399,-0.06997905146407979
329939.8795500840,4157654.6158386199,0.3600279997981938
329939.8677968560,4157654.6280569900,0.01373465699388921
329939.8560556870,4157654.6402571402,1.198865250048714
329939.8441395230,4157654.6521477802,1.137312118752333
329939.8320579840,4157654.6637515002,1.038771273361241
329939.8198875650,4157654.6750418702,0.5848843178971659
329939.8076974160,4157654.6861330601,1.136097821438047
329939.7953594300,4157654.6969444701,0.04729699691496866
329939.7829987420,4157654.7077588202,0.1138977392464442
329939.7706443060,4157654.7185270102,0.4644428348840098
329939.7582366110,4157654.7291767099,-1.304974620172942
329939.7460629010,4157654.7400851301,-1.188612778995009
329939.7340874570,4157654.7512431699,-1.4195972886677
329939.7223534990,4157654.7626974201,-1.310958517627612
329939.7108088610,4157654.7744633202,-0.8204143573551554
329939.6993442740,4157654.7864693101,0.1427862896314835
329939.6877884220,4157654.7985134302,0.513081928824742
329939.6760686190,4157654.8105203402,1.969395636786497
329939.6639492940,4157654.8221420399,1.998955329809139
329939.6514951100,4157654.8333085701,1.088761203381405
329939.6387621180,4157654.8443122101,-0.2191291912477802
329939.6260052880,4157654.8554190998,-1.04272459082129
329939.6133589340,4157654.8668295098,-1.308594334715601
329939.6008938780,4157654.8785924399,-1.656966895249356
329939.5887815220,4157654.8906905502,-0.619785432460106
329939.5769004030,4157654.9028111300,-0.03067574750183284
329939.5650894420,4157654.9148726598,1.009206212153518
329939.5531623290,4157654.9266462000,0.834730349701057
329939.5410146260,4157654.9383057398,0.878808805746832
329939.5287099720,4157654.9497711798,0.1068455532127507
329939.5163097320,4157654.9612840000,0.01669276755769732
329939.5038562510,4157654.9728396898,-0.2402483355176846
329939.4914395990,4157654.9844559198,-0.1821847671907366
329939.4791301540,4157654.9960433599,0.09696074068324513
329939.4667863990,4157655.0076249698,0.2587685904360081
329939.4543418960,4157655.0191988298,1.049229374206666
329939.4416166870,4157655.0306162098,1.009010863174542
329939.4285690410,4157655.0419208398,0.4638163218417152
329939.4153148650,4157655.0532190800,0.3772709611332422
329939.4018441150,4157655.0645491499,-0.6186025438273129
329939.3884004850,4157655.0761095998,-0.9578523737769018
329939.3750545000,4157655.0879877899,-0.9232965891179596
329939.3619011250,4157655.1000893200,-1.313965556969136
329939.3490259390,4157655.1125059002,-0.656748872518211
329939.3362849850,4157655.1250853701,-0.4054102743783072
329939.3237021280,4157655.1376899402,-0.3966589319640904
329939.3113344990,4157655.1502543101,0.6068795206473371
329939.2988648380,4157655.1626544599,0.7777991150215262
329939.2862677460,4157655.1748437500,0.5046317011982709
329939.2734846530,4157655.1869952600,0.9099394598840663
329939.2604689690,4157655.1989755901,0.3070618752713042
329939.2473767760,4157655.2108955700,0.04384637343448694
329939.2342419340,4157655.2228357201,0.2737851457876964
329939.2210278140,4157655.2347310702,0.1564682932226144
329939.2077473190,4157655.2466193698,0.4186234100938858
329939.1943844580,4157655.2584030200,-0.4160124102973305
329939.1811453850,4157655.2702528499,-0.2571418858959695
329939.1679948860,4157655.2821319201,-0.1612203045112663
329939.1548794260,4157655.2940475601,-0.3893530487563928
329939.1419045150,4157655.3059995798,-0.6746444950563966
329939.1290748270,4157655.3181031998,-0.1643810719600991
329939.1162476340,4157655.3302750401,-0.01660955089966887
329939.1034002180,4157655.3424732499,0.1802620374771425
329939.0903906310,4157655.3547462998,-0.543591165507247
329939.0774192500,4157655.3672246402,-0.4934138776203404
329939.0646225600,4157655.3797550900,-0.06651560145435501
329939.0518438650,4157655.3922977699,0.03625997120664696
329939.0390660230,4157655.4048233400,0.05216644778090939
329939.0262939450,4157655.4173199199,-0.2264753088136869
329939.0135815330,4157655.4298591800,-0.1430147024568351
329939.0008859240,4157655.4424460302,-0.01980687414746037
329938.9880846510,4157655.4551466699,0.1812764184963952
329938.9751565450,4157655.4678892801,0.2447906898140396
329938.9621695470,4157655.4805766498,0.8978505529780378
329938.9490260790,4157655.4930054098,0.754856523276799
329938.9357293580,4157655.5052397200,1.040587772426067
329938.9222658260,4157655.5171689601,0.1021589339307527
329938.9087252140,4157655.5291220602,-0.8020776148429639
329938.8952960340,4157655.5413282998,-1.460462946722388
329938.8821298260,4157655.5539503600,-1.150869167456168
329938.8692063540,4157655.5668716198,-0.6305435102129407
329938.8564760810,4157655.5798959699,-0.4745526680140432
329938.8438226280,4157655.5930678900,0.7221312335024868
329938.8310744370,4157655.6059938301,0.984146503666913
329938.8180915930,4157655.6186954700,0.9948643984331292
329938.8048658070,4157655.6311748698,1.287775620630413
329938.7912111440,4157655.6434644898,0.5128575963387663
329938.7772628060,4157655.6557810400,0.3964595639723332
329938.7630485280,4157655.6681458498,-0.2094765265170435
329938.7487485330,4157655.6806851798,-0.6065703464756297
329938.7344977430,4157655.6934761801,-1.110880017644022
329938.7205084960,4157655.7065805900,-0.9070966174725184
329938.7067585180,4157655.7199170599,-1.365626229149145
329938.6932684130,4157655.7337069102,-1.062130899195638
329938.6798990970,4157655.7479492198,-0.8442809736907232
329938.6666925600,4157655.7624928402,0.1345298088321553
329938.6534424490,4157655.7770071700,0.4117511394482899
329938.6401118160,4157655.7913747900,1.024894702365552
329938.6265470160,4157655.8054192499,0.5597970063863213
329938.6129154380,4157655.8192285099,0.4486961360296395
329938.5991324970,4157655.8329498000,0.4121034070714331
329938.5851644810,4157655.8466336001,0.3435666896945728
329938.5709719970,4157655.8603508002,0.2571613275490967
329938.5566126130,4157655.8740885500,-0.1511264113772575
329938.5421347050,4157655.8880236801,0.2032252204729107
329938.5275164030,4157655.9019790599,-0.357390791084137
329938.5128999400,4157655.9161365801,0.6319599412321668
329938.4981352500,4157655.9300745698,0.3650724265107184
329938.4833125410,4157655.9438612899,-0.120447627566284
329938.4687777520,4157655.9574458902,0.8853807936808031
329938.4541030540,4157655.9706862899,-0.1169992496460589
329938.4395362670,4157655.9838903998,-0.2878350908687084
329938.4249050900,4157655.9973052200,-0.6092572085908425
329938.4103948480,4157656.0109362900,-0.4014479749953385
329938.3960468420,4157656.0246320600,0.1032212252440932
329938.3817647900,4157656.0382092800,-0.01411327297605885
329938.3674908150,4157656.0517863799,0.5512782022467493
329938.3531040210,4157656.0651765601,1.622960357021342
329938.3382561700,4157656.0781359999,0.9740743225345643
329938.3230480200,4157656.0909020901,0.415079174784232
329938.3078019510,4157656.1034877398,-1.042855780730756
329938.2929129520,4157656.1163021000,-1.439547780606992
329938.2785392470,4157656.1293945801,-1.969950162735672
329938.2646944410,4157656.1430105199,-1.52831395261648
329938.2512252440,4157656.1570684202,-0.7073016717446784
329938.2380321930,4157656.1712220400,-0.1838849129906727
329938.2249133220,4157656.1853967700,0.9768813839817767
329938.2116847570,4157656.1991627798,0.4555526914488042
329938.1983666620,4157656.2127831099,1.106029861534908
329938.1849389080,4157656.2259524101,0.8788871348851834
329938.1713835470,4157656.2388156001,0.8945980219560485
329938.1576629390,4157656.2514071702,0.4255345870088287
329938.1438414460,4157656.2638909901,0.2892981058335007
329938.1299662670,4157656.2762882700,-0.7225016059199229
329938.1163229170,4157656.2888114899,-1.520320707598526
329938.1030041390,4157656.3017472099,-2.165393254257694
329938.0902294940,4157656.3151931502,-1.403304331605673
329938.0777255370,4157656.3290621401,-0.4480238968824463
329938.0654601380,4157656.3428963800,0.07535044099490014
329938.0532242500,4157656.3566587400,1.195755563842993
329938.0408153990,4157656.3700145301,1.914686860741812
329938.0279772570,4157656.3829007298,2.105122454636732
329938.0146165940,4157656.3953204900,1.429974223549789
329938.0009135690,4157656.4074072698,0.8321829412622488
329937.9869555230,4157656.4193456299,0.505280374442453
329937.9727812000,4157656.4312421400,-0.8564666303658786
329937.9586617840,4157656.4434810700,-1.41137911476435
329937.9448222340,4157656.4561329298,-1.803000372500044
329937.9313432280,4157656.4693213301,-1.265291907028351
329937.9181465130,4157656.4828656302,-0.765615578361249
329937.9051334170,4157656.4966144199,0.1504237624546562
329937.8920935250,4157656.5103132101,0.3376160864258907
329937.8790005140,4157656.5238933298,0.6761052173963514
329937.8657157970,4157656.5373248998,1.182641680217264
329937.8521016540,4157656.5504872198,0.8537478243670509
329937.8381320380,4157656.5635607499,0.1183250080347425
329937.8240921080,4157656.5766405002,-0.265395655212661
329937.8099629920,4157656.5899391398,-0.7445340401418672
329937.7959586140,4157656.6035081800,-1.558558691580701
329937.7822844430,4157656.6175905801,-1.562041376826643
329937.7690796190,4157656.6320503601,-0.6306900253868482
329937.7560087860,4157656.6467239400,1.087813401487991
329937.7426590080,4157656.6610813802,1.125999116679942
329937.7290430100,4157656.6750928801,1.376367653822464
329937.7150721900,4157656.6887170598,1.407417322983564
329937.7009412530,4157656.7017649198,0.4220889319472299
329937.6868336220,4157656.7145815999,0.1737231409277149
329937.6727203030,4157656.7273185099,0.3077301014436611
329937.6584233960,4157656.7400695598,-0.6196952642585486
329937.6441764540,4157656.7530841101,-0.6144448204804529
329937.6299111860,4157656.7664310602,-1.033212200111693
329937.6158047400,4157656.7801760300,0.06734867073757508
329937.6016802760,4157656.7939020800,-0.1109458391686171
329937.5874847050,4157656.8077578899,0.9253418970722939
329937.5730930230,4157656.8212992400,0.4282020254570693
329937.5586468850,4157656.8346636500,0.3347858871614405
329937.5441789770,4157656.8478727601,0.03662122074584878
329937.5297485070,4157656.8610287500,-0.4039454189242477
329937.5153192720,4157656.8743943102,-0.196194483310428
329937.5009591570,4157656.8877991098,-0.2353733177420216
329937.4866586020,4157656.9012726001,0.228761648166649
329937.4723087110,4157656.9146713801,0.5826526188794265
329937.4576987520,4157656.9280023202,0.9265208800625626
329937.4427941960,4157656.9411088699,-0.5287646912440921
329937.4280084140,4157656.9543889002,-0.9215976352473958
329937.4134112610,4157656.9679916799,-1.727965984673171
329937.3993057910,4157656.9820750202,-1.735364034240999
329937.3856760300,4157656.9966597101,-0.7512921925614073
329937.3721920140,4157657.0115305898,0.62527880925192
329937.3585238890,4157657.0262294798,0.9088587669786831
329937.3445680070,4157657.0406988901,1.196416190938689
329937.3303021030,4157657.0547957500,1.633289486962212
329937.3156590530,4157657.0683489200,0.9066924114781201
329937.3008587390,4157657.0815600199,-0.2189017570402676
329937.2861517070,4157657.0948029198,-0.1792260567620684
329937.2715517570,4157657.1080432800,-0.5509688156355368
329937.2571760380,4157657.1213668301,-1.199624008913986
329937.2431361840,4157657.1350061600,-1.07901507869636
329937.2293855920,4157657.1489409599,-0.7776564773524905
329937.2158107910,4157657.1631237301,0.2164437970849775
329937.2022213590,4157657.1772017400,1.068328329085043
329937.1883602350,4157657.1909735398,1.074140212172486
329937.1742885950,4157657.2043809998,1.289306857160065
329937.1600302880,4157657.2173036202,1.441968564733374
329937.1454677680,4157657.2297849702,0.1935118508273405
329937.1308252370,4157657.2422408201,-1.047960620811356
329937.1163732290,4157657.2550464100,-1.515706022471368
329937.1022061030,4157657.2683624001,-1.419167250563826
329937.0883552870,4157657.2821218600,-0.3737272819864993
329937.0746811540,4157657.2959049302,0.5675740235354295
329937.0608098860,4157657.3095814199,-0.227135718758711
329937.0469968430,4157657.3233215702,0.6457101812395561
329937.0328112890,4157657.3370791199,0.6699123864975315
329937.0182917130,4157657.3507903898,0.1335775510487298
329937.0036316900,4157657.3645602302,-0.0946772493331908
329936.9889037360,4157657.3784469301,-0.01042836768233208
329936.9740843490,4157657.3924257699,-0.5218769913005327
329936.9593509040,4157657.4066232299,-0.8032087776012976
329936.9449242670,4157657.4209885201,0.4378996149504378
329936.9303289820,4157657.4352645199,0.0687329681412696
329936.9156732210,4157657.4495594301,0.6110888274408263
329936.9007626340,4157657.4637423302,0.2654285010788175
329936.8856409440,4157657.4779688199,0.3275978933663658
329936.8703792390,4157657.4921323201,0.2867099398050429
329936.8552079870,4157657.5060451799,-0.4013877045282344
329936.8402760020,4157657.5199665399,0.7731630186893939
329936.8251355810,4157657.5336421002,-0.8385900274709284
329936.8101792630,4157657.5476242201,0.09958828100182124
329936.7953293890,4157657.5614504502,-0.1993565058265097
329936.7806932250,4157657.5751880500,-0.1354560140313091
329936.7662468180,4157657.5888212300,0.1657273539909155
329936.7518438870,4157657.6023242902,-0.000990778205516737
329936.7375058570,4157657.6157670300,0.0004062198359139134
329936.7232245020,4157657.6291564200,0.2944247500361694
329936.7089339560,4157657.6424008501,0.116732615451137
329936.6946695470,4157657.6555609899,0.2737882222376207
329936.6804709960,4157657.6685220399,-0.2150757588028755
329936.6664618540,4157657.6814162699,-0.4210348107443387
329936.6527778980,4157657.6942136898,-0.7507377159083253
329936.6393910680,4157657.7070893799,-0.1937118022992185
329936.6261732070,4157657.7198939999,-0.002403258324610968
329936.6130496350,4157657.7326083998,-0.1297496030178256
329936.6001082740,4157657.7452055402,0.06841559269270353
329936.5873506130,4157657.7575934399,-0.01419498185460672
329936.5747325540,4157657.7698519402,-0.2650185786011284
329936.5621814940,4157657.7821595701,-0.4370004194420306
329936.5495733120,4157657.7947158301,0.228565856104314
329936.5367327460,4157657.8073991798,0.07210682754708697
329936.5235988090,4157657.8203382199,0.4832974629470687
329936.5101933310,4157657.8333100700,0.5599393914741476
329936.4966013530,4157657.8461897098,0.4069996497453341
329936.4829082780,4157657.8589684800,-0.1333590986751196
329936.4691745390,4157657.8718496999,-0.3338228242651499
329936.4554573720,4157657.8848787998,0.3037752737925817
329936.4418086740,4157657.8976952299,-0.8581768100200172
329936.4283311500,4157657.9107652800,-0.1598448121209887
329936.4149304110,4157657.9238390201,-0.5314363921905969
329936.4016621710,4157657.9370436701,0.3181531686787979
329936.3883039420,4157657.9501803899,-0.2913012298838439
329936.3749436720,4157657.9634637302,-0.7322333614174799
329936.3616960190,4157657.9770046198,-0.2735171137052722
329936.3485219100,4157657.9906106400,0.5315282184843799
329936.3353651060,4157658.0039294199,0.9433328061780898
329936.3220940220,4157658.0168996300,1.5236669985136
329936.3085008520,4157658.0294541898,2.029546823005011
329936.2943352850,4157658.0415806300,0.6543727865654286
329936.2798706810,4157658.0536587802,0.05493530095099987
329936.2652319710,4157658.0658564698,-0.7673806324395808
329936.2506437590,4157658.0783796501,-1.426539420156532
329936.2364421490,4157658.0912630600,-1.689338730441778
329936.2227656790,4157658.1044992902,-1.475464425083642
329936.2094931520,4157658.1180860200,-0.68366366135496
329936.1963761440,4157658.1318673901,0.2212319890833445
329936.1831450650,4157658.1456517102,-0.04939970037113438
329936.1698280270,4157658.1595519199,0.6909259598940761
329936.1563031190,4157658.1732980302,0.918080863479089
329936.1425855760,4157658.1867557000,0.5896171004184565
329936.1286981080,4157658.2000744599,0.4581295859616794
329936.1145480290,4157658.2134063900,0.4027882106288788
329936.1000934820,4157658.2268115999,-0.8229262071477883
329936.0857312870,4157658.2405732302,-1.060061058897294
329936.0717384750,4157658.2545570200,1.002031861810123
329936.0573898950,4157658.2683372800,-0.09292595459226406
329936.0430686190,4157658.2821423002,0.6495774305264426
329936.0285887840,4157658.2957438598,-0.09272642230942164
329936.0142096950,4157658.3093006001,-0.3747204766730327
329935.9999949600,4157658.3229021700,-0.3796481196844446
329935.9858324390,4157658.3366582398,-0.1178453828205894
329935.9716124070,4157658.3505348200,0.3281603595567107
329935.9572841730,4157658.3643356399,0.7120585468719816
329935.9428003910,4157658.3778965701,0.9984971721658135
329935.9280850830,4157658.3911376698,-0.08568877301145865
329935.9134236370,4157658.4043753301,-0.1202845420475933
329935.8988856930,4157658.4175641201,-0.9135999987072668
329935.8846448100,4157658.4309557499,-1.165499136172781
329935.8706795460,4157658.4447017401,-0.4702595692022568
329935.8567356430,4157658.4586829999,-0.3514296934033267
329935.8429273520,4157658.4727215199,-0.2149648290043263
329935.8292391670,4157658.4867560100,0.4626243573227595
329935.8156111930,4157658.5004792400,-0.08999170111557797
329935.8021909530,4157658.5140400901,0.7614017952557743
329935.7886153760,4157658.5273656398,-0.3741474437498035
329935.7751090800,4157658.5408134498,0.835834059764307
329935.7612978760,4157658.5541320900,1.158112500343974
329935.7471262050,4157658.5672018500,0.3227952755786714
329935.7328987410,4157658.5801602998,-0.4395508757912091
329935.7187785540,4157658.5932412902,0.2565684221134578
329935.7046318900,4157658.6062177499,-0.9474430319172013
329935.6906164760,4157658.6195531199,-0.3786135180150444
329935.6766100910,4157658.6330773798,0.4108013231331845
329935.6625440800,4157658.6464438401,-0.3634526688424052
329935.6484279260,4157658.6600496802,-0.3864180726232398
329935.6343289340,4157658.6738471901,-0.3105130968117885
329935.6203525390,4157658.6876931102,-1.326413616244744
329935.6068283330,4157658.7018067199,-0.5035105362605274
329935.5935422770,4157658.7159467898,-0.02799780184784826
329935.5803614030,4157658.7299901401,0.1848987240971794
329935.5672422320,4157658.7438687901,0.4465526103816821
329935.5540679450,4157658.7575703301,1.354483307918382
329935.5405726850,4157658.7709018099,0.0531546236683502
329935.5272426030,4157658.7840437600,0.1272627592386224
329935.5140349230,4157658.7970034899,-0.3510721770075129
329935.5009537550,4157658.8100066800,-0.5697610730690045
329935.4880598090,4157658.8230954800,-0.1253871006724242
329935.4751729520,4157658.8362375600,-0.219657650127767
329935.4623370140,4157658.8494340298,-0.1352929513991024
329935.4494751400,4157658.8627233799,1.315201602516787
329935.4364390530,4157658.8755564699,1.531888735965589
329935.4231895740,4157658.8878915599,0.6842569292273546
329935.4099193680,4157658.8999440400,0.5189466242527025
329935.3966178150,4157658.9118017200,0.274904199873909
329935.3833046460,4157658.9235534202,-1.312131251348848
329935.3703135760,4157658.9355698102,-3.290656186744188
329935.3580646870,4157658.9482991998,-2.353115380790074
329935.3463584530,4157658.9615230798,-0.7191469478109258
329935.3349171300,4157658.9747818601,-0.2481553413053908
329935.3237115090,4157658.9878812698,0.7654443619851451
329935.3123880000,4157659.0007710499,0.8374336005393764
329935.3009396770,4157659.0134322601,1.724815307959403
329935.2892861350,4157659.0255863499,0.7237231939854656
329935.2776431020,4157659.0374388802,0.6482164127018102
329935.2660674680,4157659.0489737201,1.046635622772724
329935.2544099110,4157659.0602012798,0.5003859013060865
329935.2426577970,4157659.0713378298,1.030718741303508
329935.2307460100,4157659.0822546100,0.5052873092846694
329935.2187327860,4157659.0930851400,-1.31639011066551
329935.2068877430,4157659.1042316002,-1.548712439375899
329935.1953033240,4157659.1156971199,-1.281019095280341
329935.1838330300,4157659.1275366801,-0.6107566322025245
329935.1722947960,4157659.1396908700,-0.1248999734525665
329935.1605654150,4157659.1520988098,0.0813563283948921
329935.1485224610,4157659.1648026202,-0.4969828242753246
329935.1364035030,4157659.1778132101,0.3201768097046204
329935.1241891810,4157659.1907772799,0.1329564915510746
329935.1119913970,4157659.2036626399,1.13061126269382
329935.0993841180,4157659.2164533399,1.165218536566303
329935.0864304520,4157659.2290550601,1.318504348940752
329935.0730326420,4157659.2414781600,0.8169540969647513
329935.0593598550,4157659.2537805899,-0.5270254310982725
329935.0457947940,4157659.2662262502,-0.7503286813562542
329935.0323650910,4157659.2788942899,-1.301904714911187
329935.0191740670,4157659.2919520698,-0.7402968306948702
329935.0060238860,4157659.3053341201,-1.140653389193812
329934.9929291620,4157659.3192484700,-0.573036905425112
329934.9799317520,4157659.3333666599,-0.2882068692197652
329934.9669737270,4157659.3475994798,1.300325662513345
329934.9537038470,4157659.3614624999,1.047969336018858
329934.9401755460,4157659.3750384701,1.14587820504947
329934.9263313570,4157659.3883338301,0.5849954390106336
329934.9124464160,4157659.4013729300,-0.4254544637690837
329934.8988485340,4157659.4143500398,-0.6866593244529445
329934.8855686540,4157659.4273533998,-0.2611151177721407
329934.8723562290,4157659.4404168902,0.2567331069331914
329934.8590619070,4157659.4534364399,0.07611564433817597
329934.8457419360,4157659.4664441901,0.2769761754892861
329934.8323375010,4157659.4793999698,-0.2387659296194636
329934.8190141590,4157659.4923924701,-0.1555074344276041
329934.8058186590,4157659.5053347601,-0.6054222897912105
329934.7927705490,4157659.5184221300,-0.3282078849958621
329934.7798291810,4157659.5315606999,-0.2789203219025806
329934.7669457250,4157659.5447758101,-0.7473531721993453
329934.7542780120,4157659.5581328901,0.9367782408059421
329934.7413451810,4157659.5713062501,-0.8115721236933411
329934.7286226470,4157659.5846596500,-0.2323835440500737
329934.7159579770,4157659.5980669102,0.13644771360171
329934.7032643350,4157659.6114372900,-0.3188943236323984
329934.6906634990,4157659.6248670798,0.05883783000033152
329934.6781561340,4157659.6381684602,-0.55332084098773
329934.6658360870,4157659.6515381802,-0.4889716680414997
329934.6536039570,4157659.6650519199,0.9496823013985288
329934.6410549390,4157659.6784408200,0.5169267174780494
329934.6282070420,4157659.6918888702,-0.02908441808943962
329934.6153265790,4157659.7053856398,0.7698161898741506
329934.6022294750,4157659.7187202498,0.75882670055215
329934.5889646610,4157659.7318481598,0.7800415468501646
329934.5755826660,4157659.7447128701,0.2979225933584422
329934.5621519590,4157659.7574823601,-0.2115427314334985
329934.5487143660,4157659.7703592898,-0.2386131260106817
329934.5353084180,4157659.7833206998,-0.4744460617273031
329934.5219673310,4157659.7964501800,0.1913110551877709
329934.5085383540,4157659.8095716801,-1.210572479621731
329934.4953809580,4157659.8230264899,0.126945444288619
329934.4821319650,4157659.8365102299,-0.2785575598805058
329934.4689095890,4157659.8501096298,0.01074953760889791
329934.4556804940,4157659.8637103899,-0.1575282394640559
329934.4424733870,4157659.8773700502,0.2287822453556643
329934.4292262370,4157659.8909525601,0.5955643913353045
329934.4157451100,4157659.9044651398,-0.4638990254110395
329934.4023185360,4157659.9181641098,0.4432870046076147
329934.3888632440,4157659.9316616100,-0.1693008485891763
329934.3756145930,4157659.9450373398,0.1326999224220295
329934.3624778740,4157659.9582343199,0.6838053977421568
329934.3495148800,4157659.9709334299,-0.9599293450588332
329934.3368000110,4157659.9838306601,-0.3249007293572042
329934.3241463210,4157659.9968178999,-0.5062487150621715
329934.3115145380,4157660.0100239799,-0.293682145643777
329934.2987911950,4157660.0234704502,-0.02791430838706669
329934.2859246660,4157660.0370824100,0.9757847309278932
329934.2726872560,4157660.0505813598,0.3127931741286618
329934.2592485240,4157660.0641237302,0.2580538882212933
329934.2454814210,4157660.0778597598,0.6596379433171439
329934.2313651980,4157660.0915851202,-0.01866815738255064
329934.2172217910,4157660.1053470401,-0.2796315395443323
329934.2031707610,4157660.1191707500,-0.630317587776017
329934.1893192100,4157660.1331407502,-0.3188014421859748
329934.1755623290,4157660.1471903799,0.1466150158751973
329934.1617402510,4157660.1612253501,-0.2065164031699454
329934.1479739260,4157660.1753179301,0.08970380663676661
329934.1342738600,4157660.1892933501,0.2129998164570671
329934.1204242820,4157660.2033035900,1.011658022884304
329934.1062221220,4157660.2171075698,0.699379603570545
329934.0917489460,4157660.2307891902,0.4903899856030585
329934.0771107900,4157660.2443582201,0.06979753637317257
329934.0624312480,4157660.2579276101,-0.8308984544526049
329934.0479521040,4157660.2717651902,-0.9556004355201657
329934.0337268680,4157660.2858910700,-0.9711434008457007
329934.0197879260,4157660.3002821598,0.171589293492869
329934.0058057640,4157660.3146189400,-0.8656698953307302
329933.9919647150,4157660.3293142701,-0.1706241892488415
329933.9781767120,4157660.3440546701,-0.3596982216136745
329933.9646229340,4157660.3587561902,0.1775989771498928
329933.9511003410,4157660.3733200799,0.4962669620674189
329933.9374704550,4157660.3877125802,0.4975030866965147
329933.9236572370,4157660.4020130900,-0.3244783702650663
329933.9098371940,4157660.4165073098,-0.05325642944340166
329933.8959986980,4157660.4310519500,-0.05625625064879277
329933.8821989400,4157660.4455886902,-0.8791985353053863
329933.8686649130,4157660.4603581000,-0.8023140955720065
329933.8555113100,4157660.4751812802,0.2079051387904619
329933.8424698790,4157660.4897574298,0.5583768488891369
329933.8295077990,4157660.5039331000,0.2454527619529357
329933.8166094410,4157660.5179068800,0.4696501433911029
329933.8037558780,4157660.5315865600,0.8328474535963736
329933.7907646430,4157660.5449878601,-0.1506846726284703
329933.7778223820,4157660.5584139600,0.6946916833232154
329933.7648305710,4157660.5715482300,-0.3918062873790327
329933.7519505120,4157660.5847593099,-0.02520899127581677
329933.7391220550,4157660.5979296900,0.1761055385535776
329933.7261667160,4157660.6111441799,0.325539968289442
329933.7130793860,4157660.6243330901,0.4226940339711133
329933.6999476790,4157660.6373609300,0.8099414507946787
329933.6866910710,4157660.6501253098,0.6491265432248505
329933.6732352720,4157660.6627746900,-0.5704688841699043
329933.6598225780,4157660.6756533398,0.604371410815275
329933.6462630250,4157660.6883832100,0.0003661246792764434
329933.6326696160,4157660.7011446902,0.2903357502568057
329933.6190407120,4157660.7138015600,-0.1267947441484877
329933.6054498380,4157660.7264829199,-0.2017248928300153
329933.5918098020,4157660.7393065100,-0.3734516232922884
329933.5781515870,4157660.7523290101,0.1495023823043757
329933.5644260680,4157660.7653418700,-0.8426331838575024
329933.5510206430,4157660.7784614698,-0.3600092663685164
329933.5377404770,4157660.7916349801,-0.4400988576333769
329933.5246782190,4157660.8048065398,-1.259928487181961
329933.5118200550,4157660.8183958600,-0.07898818007309846
329933.4988539010,4157660.8321401398,0.4450947437570601
329933.4857607800,4157660.8457871201,0.08883040571602899
329933.4726969800,4157660.8593579200,0.4106211547671346
329933.4595875180,4157660.8727674698,0.08916978089476138
329933.4464840060,4157660.8861262202,-0.04906392609305296
329933.4333343130,4157660.8995567500,0.1172298459693651
329933.4200352110,4157660.9130798699,0.6503985879274755
329933.4067131220,4157660.9262979398,0.1415091664611781
329933.3934326420,4157660.9394051200,0.3041415207647933
329933.3800910620,4157660.9524240401,-0.2869577042730668
329933.3667269620,4157660.9656057199,-0.0706366873006045
329933.3532852160,4157660.9788993201,-0.4845154717052222
329933.3399198060,4157660.9923622399,-0.1620646577038883
329933.3265116890,4157661.0059517501,-0.3319381004785553
329933.3130508280,4157661.0197696802,-0.359957869353317
329933.2995711460,4157661.0338013899,0.5646797333554442
329933.2860756770,4157661.0475455802,-0.4106306974861402
329933.2726307500,4157661.0614571902,0.7757255648934361
329933.2591028220,4157661.0750425300,0.6179242213338516
329933.2455914650,4157661.0882955100,0.3367477085134671
329933.2321643030,4157661.1013000598,0.5212079338899814
329933.2185984060,4157661.1141851000,-0.5573270051867416
329933.2051309170,4157661.1272468502,-1.312898787695699
329933.1919300070,4157661.1406981801,-1.58159895221077
329933.1790707320,4157661.1546096001,0.4733038457433631
329933.1662649210,4157661.1682180301,-0.5122320530503971
329933.1536160910,4157661.1819198201,0.9556425818575529
329933.1407797660,4157661.1953379102,0.6650480797807902
329933.1278438970,4157661.2085308000,0.6071551954369908
329933.1148306120,4157661.2215089402,0.2322761513349825
329933.1017738640,4157661.2344197701,0.1241378721178072
329933.0886923680,4157661.2472962402,0.3293529965203758
329933.0755134260,4157661.2601125701,-0.4568563453337181
329933.0624444410,4157661.2730372800,0.2344497634144756
329933.0494678280,4157661.2857611100,-1.38510190058611
329933.0367500000,4157661.2988769100,-0.6077199078801462
329933.0241150380,4157661.3122008499,-0.389922230743331
329933.0113926850,4157661.3258122299,0.7041097880068177
329932.9983887630,4157661.3393626101,0.9116935308141344
329932.9850730800,4157661.3527691802,0.9110546310538699
329932.9715273660,4157661.3659457099,0.3695795128746319
329932.9579486970,4157661.3789713602,0.4435817103801456
329932.9442895890,4157661.3918572101,1.266556767600161
329932.9302634180,4157661.4044711902,-0.3210935708539361
329932.9162798930,4157661.4172010501,-1.524593441432616
329932.9026869880,4157661.4303110102,-1.572682054220999
329932.8894976240,4157661.4438101798,-1.050970395544577
329932.8765666390,4157661.4575812798,-0.1783674391049735
329932.8636881260,4157661.4713894199,0.04709816276930164
329932.8507247610,4157661.4852637099,0.4053683798074605
329932.8376641860,4157661.4990281900,-1.228327194880483
329932.8250576560,4157661.5129467100,-0.581135878540965
329932.8126491020,4157661.5269502499,-0.4834374708217447
329932.8003850780,4157661.5410453202,-0.169996757604744
329932.7881586210,4157661.5551876999,0.6307497103579697
329932.7758956250,4157661.5690405099,0.838466854262746
329932.7635315600,4157661.5825803098,1.188010680559656
329932.7509858310,4157661.5957344100,1.415101387148507
329932.7380788680,4157661.6085877200,0.5492312038212602
329932.7250111200,4157661.6213429999,-0.3701711285299768
329932.7120200150,4157661.6341961599,0.4738818981491617
329932.6990143720,4157661.6468435102,-0.6779940965631697
329932.6862499270,4157661.6595644499,-0.5161153368070069
329932.6736889940,4157661.6723168199,-0.5649121395414806
329932.6612805550,4157661.6851715799,0.1012300316939163
329932.6489096190,4157661.6979413000,0.1554611235940886
329932.6366743050,4157661.7105018501,0.4046875683197481
329932.6244215530,4157661.7229035199,-1.290715246846946
329932.6124521390,4157661.7355764499,-0.3430161071713967
329932.6005568350,4157661.7483227500,-0.5230192798907064
329932.5887633160,4157661.7611934398,-0.7206177215355377
329932.5771614560,4157661.7741788002,0.6964524053458034
329932.5653935900,4157661.7870326298,0.8831963922207303
329932.5534109080,4157661.7997229798,0.5057386857164308
329932.5413734590,4157661.8122485001,0.8695929866636293
329932.5293125440,4157661.8244272601,0.5915225009555972
329932.5172913630,4157661.8363238298,-0.9474159345465345
329932.5055821970,4157661.8482870501,-0.4269654324967542
329932.4940222120,4157661.8602674999,-0.5495356391898039
329932.4827255740,4157661.8721899702,-1.362457884679436
329932.4718352430,4157661.8842079402,-0.8195530593646183
329932.4611874680,4157661.8962755702,-0.8204975792305934
329932.4506916230,4157661.9084925898,-1.114653374921067
329932.4403470140,4157661.9209818700,0.5879650507569386
329932.4298654550,4157661.9333934500,2.476380649226666
329932.4189970890,4157661.9452643800,2.421022619444618
329932.4078441670,4157661.9565379401,1.001338620333269
329932.3965362820,4157661.9676111601,1.008452323957624
329932.3850865720,4157661.9784712601,0.8336321984029419
329932.3734418590,4157661.9892282300,-1.772907683398808
329932.3620170510,4157662.0003956598,-2.735775806534805
329932.3510057870,4157662.0121468198,-2.29711952432592
329932.3404023220,4157662.0243382300,0.121103961621641
329932.3298406650,4157662.0364338402,-0.01064987421159436
329932.3192996450,4157662.0485099801,0.6095770739921161
329932.3087217470,4157662.0603928701,1.522432543204308
329932.2979390680,4157662.0719326301,1.067332602381869
329932.2870017800,4157662.0832499499,-0.9101604365213662
329932.2761319740,4157662.0948262298,-0.01074527788740406
329932.2652339750,4157662.1064365101,-0.4536958700431972
329932.2543877080,4157662.1181605300,-0.6573993624970121
329932.2436217880,4157662.1300461502,-0.1948809820587797
329932.2328354320,4157662.1420295900,-0.5367111422283108
329932.2220364730,4157662.1542390198,1.118631379917099
329932.2109470950,4157662.1663239999,0.1323367510463216
329932.1998991680,4157662.1783116302,1.595812536504972
329932.1886132040,4157662.1899374998,-0.9671218083687101
329932.1775860170,4157662.2016575802,-0.2152775850398661
329932.1667365490,4157662.2132686102,-2.358368157514349
329932.1563587570,4157662.2252432802,-2.38576762690385
329932.1464576020,4157662.2375801401,-1.750205970373521
329932.1369013240,4157662.2501869700,-0.6827388858149576
329932.1275123190,4157662.2628545798,0.8742315835058406
329932.1180116190,4157662.2753113899,0.94123918145313
329932.1083218800,4157662.2876347601,1.341885805710883
329932.0983999600,4157662.2997218901,-0.01805601204671207
329932.0884773780,4157662.3118167901,0.3214266820304741
329932.0785510940,4157662.3237932301,-0.1236515531315549
329932.0686938090,4157662.3357329802,-0.6970867241071333
329932.0589877940,4157662.3477510898,-1.26599669125331
329932.0495245060,4157662.3599490300,-1.321150627430479
329932.0403169470,4157662.3723305999,-1.253068309558182
329932.0313608830,4157662.3848730200,-0.0964521385936305
329932.0224584180,4157662.3973795702,0.766568817642531
329932.0134314410,4157662.4097506502,0.6729014543300743
329932.0042509620,4157662.4220632100,1.061049534271818
329931.9948484290,4157662.4342533899,0.3298056277177392
329931.9853740020,4157662.4464085898,-0.5271270624875817
329931.9759679180,4157662.4586807699,-1.070370723824099
329931.9666941970,4157662.4712059200,-1.075392111310378
329931.9575305010,4157662.4840288600,-1.126745506381844
329931.9485397260,4157662.4970958000,0.0359603331079614
329931.9395190620,4157662.5101901600,-1.158666395966747
329931.9307624140,4157662.5234157401,0.1379329065895865
329931.9219185030,4157662.5367096299,-0.1841350417900247
329931.9130477090,4157662.5501296399,0.5020944645409728
329931.9040783790,4157662.5634634602,0.6500451762178339
329931.8949572230,4157662.5767215900,-0.06335150676228167
329931.8858153520,4157662.5900389398,0.7278151188471527
329931.8765020650,4157662.6032696199,0.4571603462523813
329931.8671225300,4157662.6163875302,0.404544164992343
329931.8576255670,4157662.6294878800,1.447137477643349
329931.8477406290,4157662.6424697600,-0.289593063925931
329931.8378130400,4157662.6556369602,-0.3926845855776798
329931.8279101340,4157662.6689504501,-1.102308543972487
329931.8182664660,4157662.6824227702,-1.606123318141574
329931.8090730700,4157662.6960124499,-1.321300149711425
329931.8001910940,4157662.7097749501,-0.7546850820276422
329931.7914974810,4157662.7236178401,-0.8016573155126985
329931.7830091010,4157662.7375350399,-1.01494866456843
329931.7747504280,4157662.7515937402,-0.4373265600413884
329931.7666455120,4157662.7656179802,0.3521774358411586
329931.7585530120,4157662.7794391699,0.09519139384232778
329931.7504128370,4157662.7932932200,0.7830442711623081
329931.7420902930,4157662.8070579399,1.126368813491094
329931.7334627660,4157662.8207582999,1.266578859060044
329931.7245062690,4157662.8343528700,0.1360734480836217
329931.7155538580,4157662.8478760598,0.4816386543228645
329931.7064494730,4157662.8613975602,-1.337450520670935
329931.6976155870,4157662.8751565102,-2.707299966737342
329931.6893839920,4157662.8893205998,-0.5999852368780949
329931.6813987650,4157662.9033748601,-0.9377083453412027
329931.6737105400,4157662.9173943098,0.2551243197236949
329931.6661074290,4157662.9311266099,0.9149830061671741
329931.6583915120,4157662.9446046199,0.5714852906998614
329931.6505987990,4157662.9579415801,1.054796941078599
329931.6426367600,4157662.9710738002,0.5313810195672013
329931.6346455270,4157662.9840159002,0.2249204542439558
329931.6266592760,4157662.9968517902,0.5161592133973972
329931.6186073740,4157663.0095713101,-0.4398964886542756
329931.6106857650,4157663.0222697700,-1.475438231369266
329931.6030135360,4157663.0351969898,-1.516469314728963
329931.5956327550,4157663.0483052600,-1.26566294411366
329931.5884786560,4157663.0615977300,-0.9104681992264233
329931.5815126010,4157663.0749781202,-0.6606185631700278
329931.5746995790,4157663.0883887098,-0.2132541074649305
329931.5679244570,4157663.1018313500,1.207519424129253
329931.5609220250,4157663.1151190801,1.392364797633212
329931.5535797050,4157663.1283693700,1.675519969416668
329931.5458760440,4157663.1414743601,1.394045067989668
329931.5378074400,4157663.1545540299,0.4569545959774196
329931.5296019550,4157663.1676483299,-0.4404964721909528
329931.5215312790,4157663.1807239200,-1.373236238254661
329931.5138370040,4157663.1937950701,-1.419819947420883
329931.5064907780,4157663.2069102302,-2.002034604168272
329931.4995491430,4157663.2202273700,-2.082136298843593
329931.4929629130,4157663.2338940799,-1.344549729176906
329931.4866672860,4157663.2476687399,-0.7273366075160522
329931.4805065250,4157663.2615513699,0.26918945913683
329931.4741797790,4157663.2756508999,0.4525023936594132
329931.4677056500,4157663.2898119101,0.607837868319711
329931.4610892940,4157663.3039289098,0.6258617328183995
329931.4543326890,4157663.3179864702,0.03846438660169606
329931.4475298800,4157663.3321183799,0.2214625248522558
329931.4406182740,4157663.3463490601,-0.1217391523533906
329931.4336747000,4157663.3607162102,1.039270696639023
329931.4264394820,4157663.3750718799,1.105787307396873
329931.4189092740,4157663.3893727902,-0.1061305381758769
329931.4113978600,4157663.4036975801,0.6779106346721845
329931.4038227800,4157663.4177687299,-0.3275677210527883
329931.3963616270,4157663.4318033098,-1.06507479692241
329931.3891897770,4157663.4458607901,-1.21993756306345
329931.3823461170,4157663.4599351902,-1.994348402030298
329931.3760111270,4157663.4740625098,-1.682884309194505
329931.3700676790,4157663.4882970699,-1.778470527288621
329931.3644956350,4157663.5027469001,-1.242020283595475
329931.3592204820,4157663.5172504201,-0.2286883178534425
329931.3539768170,4157663.5318276300,0.5840805443593592
329931.3486279450,4157663.5462862100,0.7605522288403214
329931.3431057770,4157663.5606916999,1.310296822139369
329931.3372785350,4157663.5750184902,1.093195877712815
329931.3312235150,4157663.5892135198,0.8282558346546782
329931.3250102120,4157663.6032795701,-0.4266786768857698
329931.3188774950,4157663.6174136102,-0.4575233629418475
329931.3128475080,4157663.6315835398,-1.575886792041345
329931.3071938940,4157663.6458153999,-1.945745244808362
329931.3019669490,4157663.6602089601,-2.217124181611467
329931.2972851930,4157663.6745970198,-0.8665851454339152
329931.2928684200,4157663.6887953798,0.9002492140662791
329931.2883279670,4157663.7027352802,0.7019592239646224
329931.2836880100,4157663.7165002101,1.43190586109876
329931.2787863290,4157663.7301023402,1.248957613177736
329931.2736580720,4157663.7435671198,-0.05992126024559223
329931.2685954180,4157663.7568940502,-0.827326680352868
329931.2637671110,4157663.7700663200,-1.406818874635648
329931.2593035320,4157663.7830200698,-1.923317328463494
329931.2552026860,4157663.7960209600,-2.537092320504715
329931.2515936140,4157663.8090027501,-1.822488920443597
329931.2483334530,4157663.8219475700,0.9151724392641987
329931.2449402560,4157663.8347599902,2.748144388177589
329931.2411293170,4157663.8472964698,3.429296333787998
329931.2367764780,4157663.8596031498,2.324329574000401
329931.2320620790,4157663.8717479701,-0.4954262723617912
329931.2274505420,4157663.8838583198,0.1202598448382706
329931.2228986460,4157663.8957567299,-2.024744293033887
329931.2186611690,4157663.9077508100,-3.194194772929352
329931.2149585170,4157663.9197531999,-2.181228420907
329931.2115769160,4157663.9318871498,-2.394193995667665
329931.2085725570,4157663.9440750098,-0.6872487928544802
329931.2056704490,4157663.9563012300,0.1728445872812622
329931.2027295640,4157663.9685718999,0.9755777039354573
329931.1996135190,4157663.9808992702,3.382223770875714
329931.1959319180,4157663.9932002500,2.972317809339668
329931.1917426970,4157664.0054645101,0.1658247441038391
329931.1874825220,4157664.0178489601,-0.08866987467604842
329931.1832216780,4157664.0302823600,-0.28328681148093
329931.1790004000,4157664.0427516201,-1.26126039253017
329931.1749992670,4157664.0552489501,-1.32964469803897
329931.1712155290,4157664.0678185001,-0.8584442524774218
329931.1675821470,4157664.0803999002,-0.9461072719239189
329931.1641161650,4157664.0929835201,-1.034766556244626
329931.1608113920,4157664.1056484999,-1.329119969310193
329931.1577152510,4157664.1184213301,-0.394465930132218
329931.1546729640,4157664.1312630200,0.8846849027725544
329931.1514882640,4157664.1440397101,1.738915990344327
329931.1480312460,4157664.1566723702,2.066470772109187
329931.1442380030,4157664.1691930699,1.188013554498579
329931.1402411130,4157664.1816822402,1.945230286003074
329931.1359055580,4157664.1941244300,1.05283791705706
329931.1313829900,4157664.2065451602,-2.001477391976197
329931.1272040000,4157664.2190392399,-3.191700123091433
329931.1235789360,4157664.2316039801,-4.281578505485446
329931.1206571750,4157664.2443800899,-2.847233835338133
329931.1182003780,4157664.2573369499,-0.9993877416391734
329931.1159088210,4157664.2703589699,0.6038404068113862
329931.1134997990,4157664.2834343198,0.3953895697857356
329931.1109910490,4157664.2966580498,0.5932565745555946
329931.1083433650,4157664.3100266200,0.8274746177303181
329931.1055245330,4157664.3234597901,1.385673517675998
329931.1024607380,4157664.3367951899,1.043273582107932
329931.0992105040,4157664.3500712099,-0.1916316573105361
329931.0959448950,4157664.3635641402,-0.02997389350188631
329931.0926476030,4157664.3772129598,0.2160187807179284
329931.0892808660,4157664.3909655898,-0.6315558834581124
329931.0860132530,4157664.4048517901,-0.8400100189359885
329931.0828847350,4157664.4189034202,-2.256419137276348
329931.0801763790,4157664.4332697000,-2.989939102200154
329931.0780871080,4157664.4478339702,-2.788576684487853
329931.0765882100,4157664.4625806599,-1.216921926172877
329931.0753535570,4157664.4773787400,-1.697881660846203
329931.0744855930,4157664.4923526798,0.8324523480752677
329931.0734269450,4157664.5073639699,2.383835827151366
329931.0718285630,4157664.5223436202,2.846513758501492
329931.0695846370,4157664.5372688598,2.463215970386501
329931.0667482530,4157664.5522888098,1.198238676331145
329931.0636155760,4157664.5673539699,0.6799246448242943
329931.0603564240,4157664.5822474798,-0.5659407065135919
329931.0573063120,4157664.5967771001,-1.521242629330476
329931.0546443630,4157664.6110334001,-3.025336172158619
329931.0526130110,4157664.6253702701,-2.438250430903144
329931.0510983420,4157664.6396642001,-0.8480785360018334
329931.0497698470,4157664.6538405698,-0.8616884401293708
329931.0486220620,4157664.6679433398,0.507413588913879
329931.0473863620,4157664.6818931801,0.03084692406681372
329931.0461445640,4157664.6958432901,0.3423841686637423
329931.0448304400,4157664.7098438600,0.8648752460729389
329931.0433414540,4157664.7238691500,0.03430973591841181
329931.0418582050,4157664.7377765598,-0.5423592490218442
329931.0404630760,4157664.7518779598,-1.04601405721641
329931.0392691750,4157664.7661022400,-1.816978649261202
329931.0384388740,4157664.7804799201,-2.136318022515785
329931.0380494900,4157664.7950324100,-0.08323236154271181
329931.0376767280,4157664.8096259101,-0.3957074662966231
329931.0373892460,4157664.8241637102,1.017998399903939
329931.0368943710,4157664.8385104099,0.813339279578734
329931.0362416270,4157664.8526655799,2.123943568246789
329931.0351907070,4157664.8664929699,0.4558167254859651
329931.0340494900,4157664.8803475299,0.162436043769054
329931.0328826820,4157664.8941331301,-1.21069783996062
329931.0319496350,4157664.9078909201,-0.6946281900673239
329931.0311498790,4157664.9216294801,-0.5895257678713777
329931.0304574800,4157664.9354638602,-0.4085739124887199
329931.0298436840,4157664.9492947799,0.5363797970802923
329931.0291283740,4157664.9630995900,0.6635558913904055
329931.0282879260,4157664.9768750700,0.2341169709427478
329931.0274076260,4157664.9905771199,-0.129855982036115
329931.0265398700,4157665.0044738599,-0.822389785144822
329931.0258298160,4157665.0184123898,-1.466924357374259
329931.0254036240,4157665.0324439700,-1.258124504505335
329931.0252251200,4157665.0465301401,-1.308997942425755
329931.0253068030,4157665.0606448702,-0.7479791054416769
329931.0255376630,4157665.0747655602,-1.021939323165538
329931.0259725510,4157665.0888883299,-0.2965486382347575
329931.0264676760,4157665.1030378798,-0.09969891197371253
329931.0269774730,4157665.1170438700,-0.1928187366311739
329931.0275325230,4157665.1312313802,-0.2426240230975467
329931.0281383060,4157665.1454589302,0.3017286168974928
329931.0286847040,4157665.1597374799,-0.319812458657609
329931.0293021050,4157665.1741409199,0.9137695144783905
329931.0297330780,4157665.1886974601,1.35857641694636
329931.0298759460,4157665.2034383002,1.211766534579946
329931.0297559020,4157665.2181547498,0.4920543108173708
329931.0295287460,4157665.2328986502,0.8502160362400142
329931.0291222260,4157665.2474787300,-0.1655111011383222
329931.0287465460,4157665.2622395498,-0.4891618268086803
329931.0284773120,4157665.2770148199,-1.27387547638422
329931.0284872270,4157665.2918887199,-1.613542437668213
329931.0288541890,4157665.3067610101,-1.352450986862303
329931.0295136830,4157665.3215023102,-1.766181954884074
329931.0305556240,4157665.3362037698,-0.992713400510032
329931.0318167070,4157665.3509331802,-0.8778443800936331
329931.0332822130,4157665.3657720601,0.0867396878896393
329931.0347369350,4157665.3806997002,1.018791813721905
329931.0359623200,4157665.3956333501,0.2947356717229668
329931.0371174440,4157665.4105152600,0.4972249697736953
329931.0381556950,4157665.4253091798,0.9947304689777401
329931.0389741640,4157665.4400869501,0.2328466430178154
329931.0397456240,4157665.4549456201,-0.4875191444501114
329931.0406288560,4157665.4698621598,-0.5811900669168621
329931.0416433740,4157665.4847950502,-0.9495787973420621
329931.0428624500,4157665.4996272898,0.4951671411614393
329931.0439680880,4157665.5144103798,-0.3449173275285864
329931.0451442220,4157665.5291260700,-0.5747267307948153
329931.0464408440,4157665.5437846300,0.4535484454687955
329931.0476391450,4157665.5584456902,0.2197370647867867
329931.0487918260,4157665.5731336498,0.1660209161876279
329931.0499082690,4157665.5878202701,0.03911519813095729
329931.0510247810,4157665.6026210501,0.2975643096587681
329931.0520757950,4157665.6174249202,0.1752304170880949
329931.0530854350,4157665.6321886699,-0.2402645360778008
329931.0541472610,4157665.6469446700,-0.04947229470991434
329931.0552238980,4157665.6617547902,-0.9348721524791812
329931.0565125950,4157665.6766186901,-1.368537452603014
329931.0581042450,4157665.6914510098,-0.8797531284253837
329931.0598855840,4157665.7062232499,-1.103504882520328
329931.0618999330,4157665.7209004401,-1.91606225139201
329931.0643274790,4157665.7355002998,0.4620144849490568
329931.0666403440,4157665.7500214600,-0.06144726137592813
329931.0689530730,4157665.7644580202,-0.1966233635082139
329931.0712934280,4157665.7788036400,0.2799021202853225
329931.0735718360,4157665.7931359499,-0.02045668377821383
329931.0758757070,4157665.8076006100,0.1153493221764565
329931.0781766360,4157665.8222063701,0.420239952416704
329931.0804032410,4157665.8369374801,0.1296600563809872
329931.0826073950,4157665.8517134199,0.2944124519522913
329931.0847241250,4157665.8663415802,-1.283521656730807
329931.0870916090,4157665.8807752398,-1.056261787278639
329931.0896628460,4157665.8950697300,-1.213406330399593
329931.0924937750,4157665.9093561601,-0.07000730476765009
329931.0953621770,4157665.9237543801,-0.2238153810319841
329931.0983020100,4157665.9382612002,1.04783290636477
329931.1010416200,4157665.9529526299,0.9635934029430842
329931.1035985460,4157665.9678596598,0.6385996369202001
329931.1060376720,4157665.9829586400,0.4554755596491986
329931.1083984420,4157665.9982525501,0.5564920169943279
329931.1106358570,4157666.0136260102,-1.171474206343308
329931.1131506940,4157666.0289447801,-1.183621935443839
329931.1159259250,4157666.0441075498,-2.199186930855182
329931.1192127900,4157666.0591645301,-1.504212655621106
329931.1228607520,4157666.0741920401,-0.9469981177563104
329931.1267089410,4157666.0890914500,-0.02100313214957619
329931.1305628290,4157666.1039930298,-0.07720675737009264
329931.1344450680,4157666.1189308800,0.3141008966644219
329931.1382808480,4157666.1339905099,0.2207850862202818
329931.1421237310,4157666.1492991499,-0.3398064472099377
329931.1460790790,4157666.1647041100,-1.240141799372822
329931.1503636320,4157666.1801186400,-0.4228408442667287
329931.1547535090,4157666.1955077900,0.1176230860613357
329931.1591290640,4157666.2109571001,-0.04883128463480336
329931.1635183600,4157666.2264087000,0.2437118159703426
329931.1678689530,4157666.2419559299,1.271805584789283
329931.1719245130,4157666.2576908702,0.9666760555102933
329931.1757472430,4157666.2735512601,0.4809463349905979
329931.1794935400,4157666.2896517501,0.5035476073954196
329931.1831350530,4157666.3059166302,0.3791134527023217
329931.1866524860,4157666.3221049700,-0.2046254557793574
329931.1901916670,4157666.3381325598,-1.162496575552508
329931.1940431590,4157666.3541181800,-2.210826182251545
329931.1984580630,4157666.3699029200,-2.239370445663472
329931.2034651500,4157666.3855617102,-1.630793261463887
329931.2089041610,4157666.4011188899,-1.123248967760153
329931.2146416470,4157666.4166027098,-0.01725319859610433
329931.2203923210,4157666.4321085499,0.9126795467289687
329931.2258981550,4157666.4476700299,0.6231413346218213
329931.2312854370,4157666.4634115500,1.553290284779482
329931.2362499100,4157666.4792395202,1.061209214494329
329931.2409705880,4157666.4952774001,0.6138467347577109
329931.2455287090,4157666.5113710798,1.397368821340495
329931.2497445270,4157666.5277097300,-1.404678898315851
329931.2543645240,4157666.5440050401,-2.166641113027958
329931.2595610040,4157666.5600666399,-0.7964592394767026
329931.2649020520,4157666.5758519000,-1.109727670484445
329931.2704709110,4157666.5913646901,-1.283775083359718
329931.2763085740,4157666.6066089598,0.2498377930345814
329931.2820289050,4157666.6217303202,0.2583067964341119
329931.2876832480,4157666.6368679199,0.2976268589826938
329931.2932246300,4157666.6519228001,-0.2451690857670909
329931.2988272990,4157666.6669614199,-0.09921192649672275
329931.3044770860,4157666.6820528698,0.1436763312132774
329931.3101288210,4157666.6972569898,0.1862284646218692
329931.3157636080,4157666.7125572399,0.4145583114752408
329931.3212885400,4157666.7278775498,-0.192831430871917
329931.3268286540,4157666.7430905201,-1.030522875929792
329931.3325919880,4157666.7581330100,-0.01350929165628474
329931.3383721160,4157666.7732095001,-0.03947467193220492
329931.3441754310,4157666.7883176198,-0.1124105189261123
329931.3500741580,4157666.8035905799,0.03058884572073534
329931.3560008760,4157666.8189589800,0.7254740427184576
329931.3617546880,4157666.8344276701,1.301451205747512
329931.3671292060,4157666.8498801999,0.6167916069710142
329931.3723154480,4157666.8652892699,-0.8577527699748192
329931.3776684960,4157666.8804923501,-1.997194605149285
329931.3835451130,4157666.8956060801,-1.482978101377061
329931.3898038380,4157666.9106214098,-1.014714769318626
329931.3963491250,4157666.9256200502,-1.22244960599504
329931.4032477070,4157666.9406002099,-1.145478863410424
329931.4104579810,4157666.9555078102,-1.060751802818064
329931.4179780430,4157666.9703813898,0.5896106735062365
329931.4254179570,4157666.9854643899,1.656517008635294
329931.4324662640,4157667.0008198898,1.594772650327581
329931.4391009600,4157667.0163662001,0.7393290489203783
329931.4455523960,4157667.0320227002,0.1028033861375919
329931.4519829690,4157667.0477060601,-1.001243003552604
329931.4586717770,4157667.0632621199,-0.6453119762637921
329931.4655306960,4157667.0787453400,-0.7425807436702737
329931.4726228690,4157667.0942250201,-0.9154749333530298
329931.4800008090,4157667.1096854098,-0.5652820790367165
329931.4876060790,4157667.1252310602,-0.4489883554815184
329931.4953924300,4157667.1408372698,-0.1657567675100922
329931.5032494840,4157667.1564716999,0.4042755847201503
329931.5110475340,4157667.1722671599,0.1952256111397453
329931.5187831070,4157667.1880727001,0.3061688690231549
329931.5264174680,4157667.2038864298,0.08929974199972757
329931.5340244970,4157667.2197068501,-0.01615065655537605
329931.5415517720,4157667.2353501101,-0.1837432856534097
329931.5491254440,4157667.2509621698,0.2859904960064383
329931.5567032430,4157667.2667832798,0.1247335399451396
329931.5642855670,4157667.2827033899,0.2609929963738704
329931.5717663380,4157667.2985979398,0.6021288072764108
329931.5790049730,4157667.3144077202,0.4202177144251561
329931.5860861980,4157667.3301761998,0.5124565673800846
329931.5930573030,4157667.3460756601,0.032675582069703
329931.6000900230,4157667.3621405498,-1.652309895559474
329931.6076545700,4157667.3781361999,-0.299998060267132
329931.6152826560,4157667.3940474200,-0.2087082262923524
329931.6229282790,4157667.4098461000,0.1489384083870376
329931.6304988410,4157667.4255943000,0.7021353136316343
329931.6378865870,4157667.4414581102,-0.1732682033643839
329931.6453522650,4157667.4573628199,-0.961112278231667
329931.6530952490,4157667.4731587800,-0.6927412579321465
329931.6609805580,4157667.4887625398,-0.3901068939736719
329931.6689347980,4157667.5042401701,-0.8870121989587663
329931.6770844030,4157667.5195148201,-0.149833196973691
329931.6852478080,4157667.5347203799,0.7843336379803956
329931.6932038170,4157667.5500334301,0.08402206076606873
329931.7012097020,4157667.5654974901,0.6163372636653478
329931.7090691000,4157667.5810866700,0.7420788299310399
329931.7167230690,4157667.5967705101,-0.4088525142781171
329931.7244932530,4157667.6124083200,0.0686767743416712
329931.7322179540,4157667.6280014100,-0.2409812011313967
329931.7400168080,4157667.6435795198,-0.234810330451833
329931.7478867400,4157667.6591401901,-1.045249065520418
329931.7560639110,4157667.6746009700,-0.8257887269386793
329931.7644821850,4157667.6899755402,-0.6182600565599292
329931.7730784170,4157667.7052787901,-0.5219500351743316
329931.7817923190,4157667.7204644200,-0.4929757434945596
329931.7906369020,4157667.7355741700,0.4409591200962644
329931.7993654520,4157667.7507532998,0.157317028264602
329931.8080628610,4157667.7659752099,0.2341868395671994
329931.8167218750,4157667.7812756202,0.3039658677635382
329931.8253209420,4157667.7966615902,0.006253313423997758
329931.8339645780,4157667.8121313201,-0.04917300367477386
329931.8426646380,4157667.8276701402,0.277970304412448
329931.8513103280,4157667.8432930200,-0.2529817748207869
329931.8600783800,4157667.8589689499,-0.1505538603154329
329931.8688773430,4157667.8746008398,-0.9180704325856073
329931.8779640030,4157667.8901385101,-0.05435936105972084
329931.8870698620,4157667.9056740999,-0.4755087851141744
329931.8963176110,4157667.9211463900,-0.717831368350583
329931.9057155850,4157667.9364189301,-0.4598361797238204
329931.9151630960,4157667.9514931701,-0.6518192507301289
329931.9247926320,4157667.9664689200,-0.3566925468891192
329931.9345441550,4157667.9814244499,-0.05430014495869855
329931.9443262640,4157667.9963951199,0.561690500510434
329931.9539075160,4157668.0113842199,0.2027367018961322
329931.9634773940,4157668.0264754598,0.3018316118562774
329931.9729584820,4157668.0416064500,0.662603924765395
329931.9822386160,4157668.0568132298,-0.4049220606999367
329931.9916086840,4157668.0719214501,-0.08114796717249516
329932.0009269350,4157668.0868980298,-0.4170244610443222
329932.0103077320,4157668.1017313702,-0.7519799501301566
329932.0199066680,4157668.1164747300,0.1174815616681608
329932.0295669180,4157668.1313798702,0.3643264736232686
329932.0391461700,4157668.1463718899,0.2642591083713709
329932.0486212830,4157668.1613554498,0.4481762368644617
329932.0579234530,4157668.1763267899,-0.04275504357545523
329932.0672412220,4157668.1912980499,0.04837618154469908
329932.0765444270,4157668.2062743702,0.1617421320480694
329932.0858330680,4157668.2213229602,-1.394741659183894
329932.0955024700,4157668.2361564599,-0.6715824891400498
329932.1054156960,4157668.2509744498,-0.9613385110851123
329932.1156536680,4157668.2657225602,-0.8560866141407767
329932.1261806720,4157668.2803987898,-0.02837305331833683
329932.1367464820,4157668.2951131701,-0.3990156733303334
329932.1474199260,4157668.3097529099,-0.07537885417360909
329932.1581210710,4157668.3243886000,-0.2390943750521935
329932.1689430600,4157668.3390553398,-0.1581842409586094
329932.1798090890,4157668.3536932301,0.4399841952102887
329932.1905921780,4157668.3684659102,0.5438934087550156
329932.2012354620,4157668.3833559798,0.5423188732934712
329932.2117241650,4157668.3983419202,-0.3884492256475502
329932.2223154290,4157668.4132478498,-0.5910722343217323
329932.2329869710,4157668.4279293399,-0.656602329576631
329932.2437343180,4157668.4423521901,-0.4127510163139674
329932.2544923260,4157668.4565688102,-0.4114304217332795
329932.2652728880,4157668.4706009398,-0.3370953333064789
329932.2760252930,4157668.4844258199,-0.7099094194604548
329932.2868792390,4157668.4980299198,-0.241300295650068
329932.2976873070,4157668.5114609799,-0.1696396815783846
329932.3084745130,4157668.5247863601,0.7900621924889597
329932.3190440030,4157668.5382099599,0.4586269651804486
329932.3294554570,4157668.5516476198,-0.004118709188661053
329932.3397500410,4157668.5649325298,0.4857549593685542
329932.3498246890,4157668.5781539502,0.07142137838225958
329932.3598483450,4157668.5913408399,0.0344982979789741
329932.3698847190,4157668.6045601498,0.09774817070078103
329932.3799274500,4157668.6178325498,-0.4703971812076778
329932.3900935640,4157668.6310514300,-0.9013485143650516
329932.4004261570,4157668.6440774598,-0.6266521927156762
329932.4107949230,4157668.6568742599,-0.3062635626646823
329932.4210928070,4157668.6694541601,-0.1310006954371689
329932.4313266040,4157668.6819018298,-0.06209375126528215
329932.4414944400,4157668.6942441701,-0.1214714142948787
329932.4516014660,4157668.7064644499,-0.2175251099828422
329932.4616575780,4157668.7185385101,-0.7593540152163893
329932.4717102500,4157668.7303217300,-0.671676697069519
329932.4817762180,4157668.7418762101,-0.6684318396646133
329932.4919229120,4157668.7532856902,-0.7179899502812201
329932.5021008650,4157668.7644818402,-0.0845694199796935
329932.5121364810,4157668.7754932898,-0.1056342087854091
329932.5220837870,4157668.7863735799,0.0165445123214489
329932.5319528440,4157668.7971735499,0.8253723002305058
329932.5416984360,4157668.8081005998,0.1499903929026355
329932.5513869820,4157668.8190117502,0.1617202065283636
329932.5610193160,4157668.8299112101,-0.7843334037058594
329932.5706676880,4157668.8405823298,-0.4755329107703249
329932.5802343140,4157668.8510197601,-0.8454019020997036
329932.5898149070,4157668.8612258602,0.6712791277010415
329932.5991893050,4157668.8714011498,0.8831389034645778
329932.6083532390,4157668.8815940102,1.46149174420505
329932.6172038530,4157668.8918416002,0.2751365236348242
329932.6259457890,4157668.9020396098,-0.1963101622086612
329932.6346247270,4157668.9121105401,-1.197946014079866
329932.6433766190,4157668.9219464902,-1.143485582025103
329932.6521640920,4157668.9315297902,-0.1262381235957876
329932.6609360040,4157668.9410647098,-1.46514839912112
329932.6697822220,4157668.9503234699,-4.48204306865489
329932.6787238100,4157668.9586875099,-0.04401950798032855
329932.6877112270,4157668.9670853200,-1.139592087033069
329932.6967537450,4157668.9753010301,-1.07210537111006
329932.7058709850,4157668.9833695502,-0.3574433503561493
329932.7150182160,4157668.9913939200,0.9691069879991079
329932.7176658830,4157668.9937524898,3.535084961672457
329932.7202839280,4157668.9961442002,2.723564245132796
329932.7228788550,4157668.9985611802,2.182388782890553
329932.7254550830,4157669.0009982502,1.799156621343076
329932.7280157740,4157669.0034517702,1.515368898603013
329932.7305632980,4157669.0059190700,1.301962887977341
329932.7330994470,4157669.0083981501,1.133071986643407
329932.7356256520,4157669.0108874398,0.9967162903745527
329932.7381430780,4157669.0133856800,0.8871541301301867
329932.7406526620,4157669.0158918598,0.7960521717626188
329932.7431551850,4157669.0184051399,0.7193983499735425
329932.7456513100,4157669.0209248201,0.655350066574945
329932.7481415960,4157669.0234503201,0.598016432578418
329932.7506265330,4157669.0259811101,0.5524194723524073
329932.7531065320,4157669.0285167899,0.5082585191424265
329932.7555819690,4157669.0310569499,0.4717760743709701
329932.7580531630,4157669.0336012598,0.4404721101272465
329932.7605204010,4157669.0361494501,0.4096626865696886
329932.7629839410,4157669.0387012302,0.386079577142304
329932.7654440020,4157669.0412563998,0.3606490816051474
329932.7679007980,4157669.0438147201,0.3405740899385096
329932.7703545150,4157669.0463760202,0.3218087668008626
329932.7728053170,4157669.0489401300,0.3046918842686469
329932.7752533590,4157669.0515069002,0.2882995674373976
329932.7776987820,4157669.0540761799,0.2736851504837847
329932.7801417170,4157669.0566478400,0.2613051639807562
329932.7825822740,4157669.0592217701,0.248458714307602
329932.7850205710,4157669.0617978601,0.2382972160836489
329932.7874566990,4157669.0643760199,0.2263090867607724
329932.7898907620,4157669.0669561401,0.2177083125585885
329932.7923228420,4157669.0695381500,0.208436162670439
329932.7947530150,4157669.0721219601,0.2000298122034278
329932.7971813600,4157669.0747075002,0.1926519785145596
329932.7996079480,4157669.0772947101,0.1846380237170165
329932.8020328420,4157669.0798835098,0.1789188595294988
329932.8044561040,4157669.0824738601,0.1710926118830407
329932.8068777930,4157669.0850656801,0.1656315170247231
329932.8092979660,4157669.0876589301,0.1602347159406422
329932.8117166690,4157669.0902535599,0.1551782574522901
329932.8141339520,4157669.0928495298,0.1491340604981999
329932.8165498630,4157669.0954467799,0.1453083557491505
329932.8189644400,4157669.0980452802,0.1398845768457273
329932.8213777290,4157669.1006449801,0.1365510366448106
329932.8237897690,4157669.1032458600,0.1322293783232761
329932.8262005880,4157669.1058478700,0.1280864255046461
329932.8286102290,4157669.1084509799,0.1250467451688552
329932.8310187260,4157669.1110551702,0.1201176234297426
329932.8334261070,4157669.1136603798,0.1184464394569569
329932.8358324020,4157669.1162666101,0.115125046454643
329932.8382376390,4157669.1188738300,0.111323398411572
329932.8406418470,4157669.1214820002,0.10867403172266
329932.8430450520,4157669.1240910999,0.1061313951437749
329932.8454472800,4157669.1267011100,0.1031835022481463
329932.8478485530,4157669.1293119998,0.1013949930925806
329932.8502488930,4157669.1319237598,0.09842819202042849
329932.8526483230,4157669.1345363599,0.09605684585597402
329932.8550468650,4157669.1371497801,0.09375364883182657
329932.8574445400,4157669.1397640002,0.09203348973150792
329932.8598413680,4157669.1423790101,0.08972361976493951
329932.8622373610,4157669.1449947800,0.08838272592627704
329932.8646325420,4157669.1476113098,0.08563071530763711
329932.8670269310,4157669.1502285702,0.08395608054408536
329932.8694205370,4157669.1528465399,0.08274029865827341
329932.8718133820,4157669.1554652201,0.08079681644411138
329932.8742054800,4157669.1580845900,0.07903805780406435
329932.8765968430,4157669.1607046300,0.07786915724105742
329932.8789874910,4157669.1633253400,0.07589580121032351
329932.8813774300,4157669.1659466899,0.0747412824968291
329932.8837666800,4157669.1685686801,0.07312115405555344
329932.8861552500,4157669.1711912900,0.0717735809475121
329932.8885431540,4157669.1738145100,0.07048399197559567
329932.8909304050,4157669.1764383302,0.06950044261403318
329932.8933170100,4157669.1790627399,0.06794819884490144
329932.8957029870,4157669.1816877299,0.06704089261966435
329932.8980883420,4157669.1843132898,0.06593267763305576
329932.9004730850,4157669.1869394099,0.06456326800021639
329932.9028572300,4157669.1895660800,0.06350638981366624
329932.9052407860,4157669.1921932902,0.0626466139089618
329932.9076237580,4157669.1948210299,0.06140669747030633
329932.9100061590,4157669.1974492902,0.0607638115298451
329932.9123879990,4157669.2000780702,0.05928730186845051
329932.9147692850,4157669.2027073498,0.05874717136250005
329932.9171500270,4157669.2053371300,0.05793917730889151
329932.9195302290,4157669.2079674001,0.05668632930131701
329932.9219099030,4157669.2105981498,0.05638246026490837
329932.9242890550,4157669.2132293801,0.0552795663296018
329932.9266676940,4157669.2158610802,0.05432173464630016
329932.9290458270,4157669.2184932400,0.05347204095544878
329932.9314234600,4157669.2211258500,0.05297687360799191
329932.9338006010,4157669.2237589099,0.05264431428160546
329932.9361772560,4157669.2263924200,0.05119962063081986
329932.9385534310,4157669.2290263600,0.05081569566930789
329932.9409291330,4157669.2316607302,0.05034684942792854
329932.9433043690,4157669.2342955298,0.04912207967561871
329932.9456791430,4157669.2369307401,0.04912192994274242
329932.9480534630,4157669.2395663699,0.04833077238804241
329932.9504273340,4157669.2422024100,0.04754874396567633
329932.9528007600,4157669.2448388501,0.04707424823559408
329932.9551737490,4157669.2474756902,0.04635767065526617
329932.9575463040,4157669.2501129201,0.04596281492166875
329932.9599184320,4157669.2527505402,0.04570397751410141
329932.9622901370,4157669.2553885500,0.044313978091393
329932.9646614250,4157669.2580269300,0.04458911153339255
329932.9670323000,4157669.2606656901,0.04381778284888751
329932.9694027660,4157669.2633048198,0.04301698034565537
329932.9717728280,4157669.2659443100,0.04328417338143098
329932.9741424900,4157669.2685841699,0.04200497822401
329932.9765117560,4157669.2712243800,0.04268819802934393
329932.9788806320,4157669.2738649598,0.04035366374411194
329932.9812491220,4157669.2765058698,0.04178048657890653
329932.9836172290,4157669.2791471402,0.04042760502044237
329932.9859849570,4157669.2817887501,0.04034206090721783
329932.9883523080,4157669.2844306999,0.03940321194328275
329932.9907192890,4157669.2870729798,0.03982913894472001
329932.9930859020,4157669.2897156002,0.03894360405298993
329932.9954521520,4157669.2923585498,0.03843383424580443
329932.9978180400,4157669.2950018202,0.03864706475117977
329933.0001835700,4157669.2976454198,0.0373635963720077
329933.0025487470,4157669.3002893301,0.03813365069845658
329933.0049135750,4157669.3029335700,0.03662039628493789
329933.0072780530,4157669.3055781098,0.03740217626010236
329933.0096421860,4157669.3082229700,0.03654166355084081
329933.0120059790,4157669.3108681398,0.03587258388316077
329933.0143694350,4157669.3135136100,0.03648629731952293
329933.0167325520,4157669.3161593899,0.03502670932044046
329933.0190953370,4157669.3188054599,0.03591731008623714
329933.0214577930,4157669.3214518400,0.03479543347302755
329933.0238199210,4157669.3240985102,0.03459483537090757
329933.0261817240,4157669.3267454701,0.03443652912131709
329933.0285432050,4157669.3293927200,0.034263858120999
329933.0309043670,4157669.3320402601,0.03423566143933333
329933.0332652100,4157669.3346880898,0.03338749857472162
329933.0356257400,4157669.3373361998,0.03339092367616251
329933.0379859570,4157669.3399845902,0.03376229138107698
329933.0403458630,4157669.3426332702,0.0319451872511132
329933.0427054620,4157669.3452822100,0.03349312303052017
329933.0450647550,4157669.3479314400,0.03231387640111839
329933.0474237440,4157669.3505809400,0.03213422907433375
329933.0497824320,4157669.3532307101,0.03210613234795518
329933.0521408190,4157669.3558807499,0.03192720979535671
329933.0544989090,4157669.3585310602,0.03109151524783787
329933.0568567060,4157669.3611816298,0.03197890519885892
329933.0592142050,4157669.3638324700,0.03088446159640157
329933.0615714150,4157669.3664835701,0.03099848807104246
329933.0639283340,4157669.3691349300,0.03090549414365094
329933.0662849640,4157669.3717865502,0.03064227072411646
329933.0686413090,4157669.3744384302,0.03016032189998305
329933.0709973680,4157669.3770905598,0.03057717281988941
329933.0733531440,4157669.3797429502,0.02986287193535652
329933.0757086390,4157669.3823955902,0.03046554170972407
329933.0780638520,4157669.3850484900,0.02913283559593926
329933.0804187880,4157669.3877016301,0.0302301182577876
329933.0827734460,4157669.3903550301,0.02904943794812301
329933.0851278280,4157669.3930086698,0.02883878651416111
329933.0874819380,4157669.3956625499,0.0301332140126678
329933.0898357720,4157669.3983166902,0.02815291833846502
329933.0921893360,4157669.4009710602,0.02923648777210696
329933.0945426300,4157669.4036256801,0.02923629008283122
329933.0968956540,4157669.4062805502,0.02791409589728004
329933.0992484120,4157669.4089356498,0.02874539884582486
329933.1016009000,4157669.4115909901,0.02825282399079834
329933.1039531250,4157669.4142465699,0.02790783911261312
329933.1063050850,4157669.4169023801,0.02885118319308881
329933.1086567810,4157669.4195584399,0.02707384053584084
329933.1110082170,4157669.4222147199,0.02887198129474332
329933.1133593890,4157669.4248712501,0.02692812893030093
329933.1157103030,4157669.4275280000,0.02818365044261993
329933.1180609560,4157669.4301849902,0.0274429953604366
329933.1204113510,4157669.4328422099,0.02736726126302425
329933.1227614900,4157669.4354996602,0.02744291604957012
329933.1251113710,4157669.4381573400,0.02728373237873448
329933.1274609970,4157669.4408152499,0.02734949910472648
329933.1298103670,4157669.4434733898,0.0272281268225061
329933.1321594830,4157669.4461317598,0.02658881344400154
329933.1345083470,4157669.4487903500,0.02726592894595903
329933.1368569560,4157669.4514491698,0.02707216204264182
329933.1392053140,4157669.4541082201,0.02650876898630661
329933.1415534210,4157669.4567674901,0.0265677450748143
329933.1439012760,4157669.4594269800,0.02692957804435817
329933.1462488820,4157669.4620866999,0.02704731295952613
329933.1485962370,4157669.4647466498,0.02635624777733374
329933.1509433440,4157669.4674068200,0.02584878058597048
329933.1532902020,4157669.4700671998,0.02747110323331301
329933.1556368110,4157669.4727278198,0.02575530076501058
329933.1579831730,4157669.4753886499,0.02629371963428217
329933.1603292880,4157669.4780497001,0.02690441582309407
329933.1626751540,4157669.4807109800,0.0261165859191908
329933.1650207760,4157669.4833724801,0.02578989626449926
329933.1673661500,4157669.4860341898,0.02683509319550932
329933.1697112770,4157669.4886961300,0.02603294038137063
329933.1720561610,4157669.4913582900,0.02635233438777759
329933.1744007970,4157669.4940206702,0.02561293084573214
329933.1767451880,4157669.4966832600,0.02662967450914095
329933.1790893350,4157669.4993460798,0.02572428248498537
329933.1814332360,4157669.5020091101,0.02672301386896155
329933.1837768910,4157669.5046723699,0.02551579619854905
329933.1861203030,4157669.5073358398,0.02629654665421094
329933.1884634680,4157669.5099995299,0.02609146878356022
329933.1908063890,4157669.5126634398,0.02611234066933125
329933.1931490660,4157669.5153275700,0.0262128639650719
329933.1954914970,4157669.5179919200,0.02617470337949018
329933.1978336830,4157669.5206564902,0.02612577547066638
329933.2001756240,4157669.5233212798,0.02613990650775013
329933.2025173210,4157669.5259862901,0.02584911369723264
329933.2048587690,4157669.5286515099,0.02665606633691079
329933.2071999730,4157669.5313169602,0.02561282564055688
329933.2095409320,4157669.5339826201,0.02680513251153504
329933.2118816440,4157669.5366485100,0.02581447639907912
329933.2142221080,4157669.5393146100,0.02674930598041969
329933.2165623260,4157669.5419809399,0.02629224344659144
329933.2189022970,4157669.5446474901,0.02633036355073049
329933.2212420200,4157669.5473142602,0.02638943383382679
329933.2235814940,4157669.5499812500,0.02641380532943542
329933.2259207190,4157669.5526484600,0.02692252003223119
329933.2282596950,4157669.5553159001,0.02591180650461758
329933.2305984210,4157669.5579835498,0.02760845511976958
329933.2329368960,4157669.5606514402,0.02596744647690913
329933.2352751200,4157669.5633195401,0.02716561217451666
329933.2376130910,4157669.5659878701,0.02710632754231815
329933.2399508100,4157669.5686564301,0.02722097978979032
329933.2422882750,4157669.5713252202,0.02674727957018916
329933.2446254850,4157669.5739942300,0.02670907446544452
329933.2469624410,4157669.5766634601,0.02791697914401896
329933.2492991400,4157669.5793329300,0.02740158428751045
329933.2516355820,4157669.5820026300,0.02752331540793471
329933.2539717650,4157669.5846725600,0.02704305237401813
329933.2563076880,4157669.5873427098,0.02871683771416483
329933.2586433500,4157669.5900131101,0.02710216012206795
329933.2609787510,4157669.5926837302,0.02827472713415902
329933.2633138890,4157669.5953545901,0.02781896182746174
329933.2656487630,4157669.5980256801,0.02904688628308445
329933.2679833700,4157669.6006970201,0.02794067415289555
329933.2703177110,4157669.6033685901,0.0281183482246677
329933.2726517830,4157669.6060403902,0.02926247778336865
329933.2749855840,4157669.6087124399,0.02931090391660112
329933.2773191140,4157669.6113847401,0.02839346117764113
329933.2796523700,4157669.6140572699,0.02955109072115781
329933.2819853510,4157669.6167300502,0.02961723385685877
329933.2843180550,4157669.6194030801,0.0298261015799437
329933.2866504790,4157669.6220763600,0.02935023508028254
329933.2889826220,4157669.6247498798,0.03053523609018024
329933.2913144820,4157669.6274236599,0.03063266258886573
329933.2936460570,4157669.6300976998,0.02973346956512561
329933.2959773450,4157669.6327719800,0.03138697605508011
329933.2983083440,4157669.6354465298,0.03113069173336202
329933.3006390500,4157669.6381213400,0.03078429784628937
329933.3029694600,4157669.6407964001,0.03233943927857689
329933.3052995740,4157669.6434717402,0.03152805794895361
329933.3076293880,4157669.6461473401,0.03218803931844088
329933.3099589000,4157669.6488232100,0.03248092155291445
329933.3122881050,4157669.6514993501,0.03255063632892621
329933.3146170020,4157669.6541757602,0.03323144712287893
329933.3169455880,4157669.6568524502,0.03416328691554309
329933.3192738560,4157669.6595294299,0.03304914575893244
329933.3216018080,4157669.6622066800,0.03440379549276747
329933.3239294380,4157669.6648842199,0.03526189448195893
329933.3262567410,4157669.6675620601,0.03425332133723287
329933.3285837160,4157669.6702401801,0.03571554099824287
329933.3309103560,4157669.6729186000,0.03577818866361068
329933.3332366600,4157669.6755973198,0.03621781339878087
329933.3355626210,4157669.6782763400,0.03688781725186524
329933.3378882360,4157669.6809556698,0.03720524256525143
329933.3402135000,4157669.6836353098,0.03810519180320097
329933.3425384070,4157669.6863152701,0.03817524448979865
329933.3448629550,4157669.6889955499,0.0393298817489762
329933.3471871340,4157669.6916761599,0.03893963842889453
329933.3495109420,4157669.6943570902,0.04023693258624029
329933.3518343740,4157669.6970383599,0.04023103612098187
329933.3541574220,4157669.6997199599,0.04222814380626305
329933.3564800790,4157669.7024019202,0.04143520754146372
329933.3588023400,4157669.7050842200,0.0429794768313102
329933.3611241970,4157669.7077668798,0.04381590943984735
329933.3634456450,4157669.7104499098,0.04441703838475864
329933.3657666740,4157669.7131333100,0.04474942757974684
329933.3680872780,4157669.7158170799,0.04588328025148952
329933.3704074470,4157669.7185012298,0.04736716695357913
329933.3727271740,4157669.7211857801,0.04792366853786991
329933.3750464490,4157669.7238707300,0.04848657637658664
329933.3773652630,4157669.7265560799,0.05065963314074924
329933.3796836060,4157669.7292418601,0.0502538592418603
329933.3820014670,4157669.7319280501,0.05311610402866933
329933.3843188330,4157669.7346146898,0.05258420088788289
329933.3866356960,4157669.7373017599,0.05541451538352209
329933.3889520430,4157669.7399892998,0.05587708993390333
329933.3912678580,4157669.7426772998,0.05750706637804375
329933.3935831310,4157669.7453657798,0.05963761114253036
329933.3958978440,4157669.7480547600,0.06032787841908521
329933.3982119850,4157669.7507442399,0.06203224052111513
329933.4005255350,4157669.7534342301,0.06507790053133324
329933.4028384770,4157669.7561247698,0.0657025720214395
329933.4051507930,4157669.7588158501,0.06834711250861605
329933.4074624640,4157669.7615075000,0.07066954154905218
329933.4097734690,4157669.7641997398,0.07317074953048044
329933.4120837840,4157669.7668925901,0.07510464940866143
329933.4143933850,4157669.7695860602,0.07758575063735762
329933.4167022480,4157669.7722801701,0.08128045531376024
329933.4190103460,4157669.7749749599,0.08439239064216
329933.4213176450,4157669.7776704500,0.08715108792021134
329933.4236241160,4157669.7803666601,0.09126974390298007
329933.4259297250,4157669.7830636301,0.09465688832834462
329933.4282344330,4157669.7857613801,0.09976459886169527
329933.4305381980,4157669.7884599599,0.1039192597530011
329933.4328409770,4157669.7911593998,0.1088842857397747
329933.4351427220,4157669.7938597398,0.1147991734557241
329933.4374433780,4157669.7965610302,0.1202581312975043
329933.4397428880,4157669.7992633102,0.1280483453647235
329933.4420411830,4157669.8019666499,0.1346314999977642
329933.4443381970,4157669.8046710999,0.1438920009319529
329933.4466338450,4157669.8073767400,0.1522791834154481
329933.4489280390,4157669.8100836300,0.1634804382064757
329933.4512206790,4157669.8127918700,0.1750181321412153
329933.4535116510,4157669.8155015502,0.1888201183303948
329933.4558008200,4157669.8182127802,0.2037112003385896
329933.4580880420,4157669.8209256800,0.222027677662551
329933.4603731420,4157669.8236404001,0.2427831965011436
329933.4626559210,4157669.8263571099,0.2677867210074556
329933.4649361360,4157669.8290760098,0.2965157872629327
329933.4672135080,4157669.8317973302,0.3316756176827718
329933.4694876930,4157669.8345213500,0.3752389214093281
329933.4717582690,4157669.8372484199,0.4299346146514388
329933.4740247060,4157669.8399789799,0.4981302563625878
329933.4762863360,4157669.8427135702,0.588597525667
329933.4785422670,4157669.8454529000,0.711427298891162
329933.4807912940,4157669.8481979398,0.8852317535141581
329933.4830317020,4157669.8509500502,0.8852317535141581
