x,y,kappa
329931.7856589730,4157670.9132945701,0.03645257835881487
329931.7877713600,4157670.9160200800,0.03645257835881487
329931.7898834080,4157670.9187458600,0.03578549343000684
329931.7919951190,4157670.9214718998,0.03504278684538843
329931.7941064970,4157670.9241981902,0.03530104478776266
329931.7962175450,4157670.9269247400,0.03461638393319229
329931.7983282660,4157670.9296515398,0.03501594477969125
329931.8004386620,4157670.9323785999,0.03312132552492583
329931.8025487380,4157670.9351058900,0.03459314266799598
329931.8046584950,4157670.9378334400,0.0332916800087545
329931.8067679370,4157670.9405612298,0.03255324042092429
329931.8088770680,4157670.9432892501,0.03346175454769976
329931.8109858890,4157670.9460175200,0.03219243869942874
329931.8130944040,4157670.9487460200,0.03265343475808181
329931.8152026140,4157670.9514747602,0.03176956866408643
329931.8173105240,4157670.9542037300,0.03095770321757623
329931.8194181390,4157670.9569329200,0.03139455130288392
329931.8215254600,4157670.9596623401,0.03060067314739163
329931.8236324910,4157670.9623919800,0.03085969110532456
329931.8257392360,4157670.9651218499,0.02970295956007823
329931.8278456970,4157670.9678519298,0.0301557084139392
329931.8299518750,4157670.9705822300,0.0293039020720808
329931.8320577750,4157670.9733127402,0.02900870245440128
329931.8341634010,4157670.9760434600,0.02878903518826598
329931.8362687570,4157670.9787743902,0.02861322211064182
329931.8383738450,4157670.9815055300,0.02772794315282961
329931.8404786710,4157670.9842368700,0.02793738410073202
329931.8425832320,4157670.9869684102,0.02691079216223765
329931.8446875350,4157670.9897001400,0.02766430487598752
329931.8467915850,4157670.9924320802,0.02594364332534846
329931.8488953840,4157670.9951642002,0.02614360464227153
329931.8509989370,4157670.9978965102,0.02620566387751375
329931.8531022430,4157671.0006290101,0.02574011363145866
329931.8552053090,4157671.0033617001,0.0245152675170627
329931.8573081380,4157671.0060945600,0.0252046803135195
329931.8594107350,4157671.0088276099,0.02411962196959972
329931.8615131010,4157671.0115608298,0.02400004188891329
329931.8636152380,4157671.0142942201,0.02335862143455054
329931.8657171550,4157671.0170277799,0.02327051484649078
329931.8678188540,4157671.0197615102,0.02315675507703888
329931.8699203360,4157671.0224954099,0.02191048106009903
329931.8720216050,4157671.0252294601,0.02238493354682827
329931.8741226690,4157671.0279636802,0.02119520254630941
329931.8762235300,4157671.0306980498,0.02137500634875932
329931.8783241860,4157671.0334325698,0.02055923622138771
329931.8804246490,4157671.0361672398,0.02044329019654578
329931.8825249210,4157671.0389020601,0.01982867312088734
329931.8846250030,4157671.0416370202,0.01942880310950524
329931.8867249010,4157671.0443721199,0.0189866810553943
329931.8888246220,4157671.0471073599,0.0186839501979733
329931.8909241630,4157671.0498427302,0.01790235911147568
329931.8930235350,4157671.0525782299,0.01723135856175926
329931.8951227410,4157671.0553138498,0.01824874622685099
329931.8972217810,4157671.0580496099,0.01603888649578275
329931.8993206650,4157671.0607854798,0.01598902859608129
329931.9014193940,4157671.0635214602,0.01657008665586834
329931.9035179740,4157671.0662575699,0.01416791161135212
329931.9056164110,4157671.0689937701,0.01566943818091805
329931.9077147050,4157671.0717300898,0.01402025149045008
329931.9098128660,4157671.0744665102,0.01345617033605375
329931.9119108940,4157671.0772030200,0.01385244267321545
329931.9140087990,4157671.0799396401,0.01222157402935035
329931.9161065820,4157671.0826763399,0.01179531067839577
329931.9182042500,4157671.0854131202,0.01244182099765288
329931.9203018080,4157671.0881500002,0.01005889258006425
329931.9223992610,4157671.0908869398,0.01131694343522008
329931.9244966140,4157671.0936239702,0.009262412675303085
329931.9265938740,4157671.0963610602,0.009580535209234848
329931.9286910440,4157671.0990982200,0.00854408053038978
329931.9307881320,4157671.1018354399,0.00834978728952211
329931.9328851410,4157671.1045727199,0.007177332940258353
329931.9349820810,4157671.1073100502,0.006997579787904179
329931.9370789540,4157671.1100474298,0.006470528202834476
329931.9391757690,4157671.1127848602,0.005036935825260309
329931.9412725310,4157671.1155223199,0.004688178749382092
329931.9433692460,4157671.1182598099,0.004147966839686748
329931.9454659220,4157671.1209973302,0.003773867015194999
329931.9475625640,4157671.1237348798,0.002281112794311979
329931.9496591800,4157671.1264724401,0.002337131284982413
329931.9517557760,4157671.1292100199,0.0007345714360932991
329931.9538523610,4157671.1319475998,0.0004241364972096174
329931.9559489400,4157671.1346851801,-0.0002220314540533558
329931.9580455220,4157671.1374227600,-0.001238529323992655
329931.9601421150,4157671.1401603301,-0.001720962856497636
329931.9622387260,4157671.1428978899,-0.00369925978555287
329931.9643353620,4157671.1456354102,-0.00344582616394198
329931.9664320340,4157671.1483729100,-0.004400138013923671
329931.9685287490,4157671.1511103800,-0.006018807254277459
329931.9706255160,4157671.1538478001,-0.006575098192783212
329931.9727223430,4157671.1565851700,-0.007289696862546343
329931.9748192410,4157671.1593224900,-0.008916205293400795
329931.9769162190,4157671.1620597402,-0.009538537450702902
329931.9790132860,4157671.1647969200,-0.01077323215472619
329931.9811104530,4157671.1675340198,-0.01184811795448459
329931.9832077290,4157671.1702710302,-0.01270016203630819
329931.9853051260,4157671.1730079502,-0.01445898370738044
329931.9874026550,4157671.1757447599,-0.0151418854612402
329931.9895003270,4157671.1784814601,-0.0170223014109671
329931.9915981540,4157671.1812180299,-0.01720084643377668
329931.9936961470,4157671.1839544801,-0.01977988934526584
329931.9957943210,4157671.1866907799,-0.02039665835136421
329931.9978926860,4157671.1894269302,-0.02204090920454628
329931.9999912580,4157671.1921629198,-0.02328627695907259
329932.0020900490,4157671.1948987399,-0.02527918898122801
329932.0041890730,4157671.1976343701,-0.02647555905595823
329932.0062883480,4157671.2003698102,-0.02846076152652732
329932.0083878880,4157671.2031050399,-0.02993201709188502
329932.0104877080,4157671.2058400498,-0.03203733216280631
329932.0125878240,4157671.2085748198,-0.03329162849792794
329932.0146882550,4157671.2113093501,-0.03568864691205152
329932.0167890210,4157671.2140436200,-0.03710989130264826
329932.0188901360,4157671.2167776199,-0.04011651503710447
329932.0209916220,4157671.2195113199,-0.04214350161663293
329932.0230935020,4157671.2222447102,-0.04313050962065994
329932.0251957900,4157671.2249777899,-0.04733291703969187
329932.0272985190,4157671.2277105199,-0.04859597323735836
329932.0294017000,4157671.2304428900,-0.0515153883878583
329932.0315053690,4157671.2331748898,-0.05402561653273914
329932.0336095410,4157671.2359064901,-0.05749457545852193
329932.0357142520,4157671.2386376699,-0.06047484901833199
329932.0378195240,4157671.2413683999,-0.0622664818577588
329932.0399253840,4157671.2440986801,-0.06765306356696914
329932.0420318740,4157671.2468284601,-0.06911458929611466
329932.0441390160,4157671.2495577401,-0.07414079817190715
329932.0462468470,4157671.2522864700,-0.07756560200790588
329932.0483554030,4157671.2550146300,-0.08165264947181601
329932.0504647220,4157671.2577421898,-0.08602867824527248
329932.0525748470,4157671.2604691200,-0.09033313759147861
329932.0546858190,4157671.2631953899,-0.09599977942278445
329932.0567976850,4157671.2659209501,-0.1007151109275499
329932.0589104920,4157671.2686457699,-0.1061175212496512
329932.0610242910,4157671.2713698102,-0.1117590924903042
329932.0631391350,4157671.2740930300,-0.1180846714902025
329932.0652550810,4157671.2768153800,-0.1252046924866358
329932.0673721970,4157671.2795368098,-0.1325972927272032
329932.0694905480,4157671.2822572598,-0.1395131698388706
329932.0716101990,4157671.2849766798,-0.1490971226773651
329932.0737312400,4157671.2876949999,-0.1563408970217667
329932.0758537410,4157671.2904121699,-0.1666356508062632
329932.0779777950,4157671.2931281100,-0.1783427708036672
329932.0801035080,4157671.2958427300,-0.1888286009833914
329932.0822309760,4157671.2985559502,-0.2006919361482766
329932.0843603150,4157671.3012676900,-0.2153193125513358
329932.0864916520,4157671.3039778299,-0.2294270061692684
329932.0886251220,4157671.3066862701,-0.2462039262643977
329932.0907608760,4157671.3093928802,-0.2653255181438208
329932.0928990930,4157671.3120975201,-0.2828714410601593
329932.0950399360,4157671.3148000599,-0.3088557309756792
329932.0971836330,4157671.3175002900,-0.3313698441836718
329932.0993303980,4157671.3201980498,-0.3601102969200126
329932.1014804930,4157671.3228931199,-0.3926733360492973
329932.1036342130,4157671.3255852498,-0.4289156222485508
329932.1057918860,4157671.3282741602,-0.4702441738638992
329932.1079538920,4157671.3309595399,-0.5199461044798871
329932.1101206760,4157671.3336410001,-0.5756032918569411
329932.1122927480,4157671.3363181199,-0.6422523479782365
329932.1144706980,4157671.3389903698,-0.7227264426693053
329932.1166552620,4157671.3416571398,-0.8171022064178902
329932.1188472750,4157671.3443176802,-0.9365430307339491
329932.1210478080,4157671.3469710601,-1.081768799548938
329932.1232581480,4157671.3496161299,-1.270978879678605
329932.1254799700,4157671.3522513900,-1.519386930690819
329932.1277154530,4157671.3548748498,-1.847231002379832
329932.1299674520,4157671.3574838601,-0.8055886338452487
329932.1337088920,4157671.3617862798,2.189559784639678
329932.1358585910,4157671.3643081398,11.06636738144866
329932.1370344380,4157671.3657706198,31.26034358300965
329932.1380750160,4157671.3672286798,3.969023062248694
329932.1397416140,4157671.3696105802,-5.91120736546396
329932.1425958120,4157671.3734976398,-3.020459051969421
329932.1471937040,4157671.3795196898,-0.4730755458147808
329932.1535172890,4157671.3877294902,0.6253242552024703
329932.1609324140,4157671.3974986100,-1.130945274704844
329932.1693001340,4157671.4081944800,-0.340507588686122
329932.1779866100,4157671.4191909502,-0.08841565832850584
329932.1859658330,4157671.4292674600,-0.2448873442275884
329932.1927910380,4157671.4378351900,-0.2536633942012752
329932.1984642590,4157671.4449198199,-0.4253124417124423
329932.2030839880,4157671.4506477201,0.5438472951914913
329932.2072314510,4157671.4558303100,-0.3293197033488213
329932.2119956820,4157671.4617550699,2.896608723283006
329932.2182636560,4157671.4699786198,0.6188209424057556
329932.2262042970,4157671.4805557900,-0.0002949516274281947
329932.2357800170,4157671.4933108198,-0.2110367447282894
329932.2468850140,4157671.5079917200,-0.01801959484861378
329932.2584443300,4157671.5232624901,-0.9358987802926774
329932.2696957110,4157671.5375983599,-1.483017294377231
329932.2801438020,4157671.5502292798,-1.362719510567897
329932.2895940150,4157671.5611768598,-0.02852261959658267
329932.2973058770,4157671.5701038898,1.8911001058756
329932.3036187310,4157671.5777218500,2.533631174483216
329932.3094083620,4157671.5850657099,2.48525570787296
329932.3149821980,4157671.5924827401,0.6096465251690006
329932.3207351870,4157671.6002308498,-0.04215949270628676
329932.3270838990,4157671.6087736399,-1.062824931656147
329932.3344334830,4157671.6184172500,-1.050091187722548
329932.3424185940,4157671.6286134599,-2.180171893904977
329932.3505096960,4157671.6383707700,-1.180933019035933
329932.3581540090,4157671.6473230701,1.045050962362912
329932.3642141560,4157671.6545816599,-0.3324264214628122
329932.3690469170,4157671.6603370602,4.329349883150734
329932.3734241430,4157671.6658975198,3.387561952615054
329932.3780632740,4157671.6721052900,2.097462818195718
329932.3835936250,4157671.6797912498,-0.5842170049271493
329932.3906287070,4157671.6894405801,-0.8261628625907652
329932.3999198250,4157671.7018851400,-0.4474568632593302
329932.4111492040,4157671.7166887899,-0.7439372666313817
329932.4233565480,4157671.7323129801,-0.6349384239022303
329932.4358479410,4157671.7478909902,-0.4494589227706823
329932.4484959640,4157671.7633772902,-0.003968239075860312
329932.4610073550,4157671.7786938301,0.03204939348845703
329932.4731905140,4157671.7936276100,0.2222536945672625
329932.4851602350,4157671.8084279499,0.255637638665764
329932.4971550190,4157671.8234083899,0.3348227871465785
329932.5092390470,4157671.8387022400,0.1819762934956868
329932.5211795260,4157671.8539246898,-1.101315690116595
329932.5333082960,4157671.8687300300,-0.9289985072961728
329932.5458336370,4157671.8834737600,-0.6213780306165527
329932.5583813440,4157671.8978910898,-0.08489396658363892
329932.5706305760,4157671.9119200301,0.2451200986495538
329932.5823971460,4157671.9255188499,0.7102745197254491
329932.5934305980,4157671.9385962798,0.6510951629596143
329932.6037894120,4157671.9511483801,0.6841000936625932
329932.6129425810,4157671.9624810000,-0.9250138910271063
329932.6214758370,4157671.9727712199,-1.608696104758
329932.6300537750,4157671.9826782099,-1.175189994592514
329932.6386623120,4157671.9923185599,0.01197441933792331
329932.6474815230,4157672.0021979501,0.9316517078074753
329932.6567018610,4157672.0127948201,0.442639005795167
329932.6663489220,4157672.0240261499,0.9806276601980684
329932.6765012760,4157672.0362117500,0.4549557048625919
329932.6866336210,4157672.0485539599,-0.2990724698416009
329932.6975677540,4157672.0617392198,-0.1538048323694999
329932.7093878230,4157672.0759136900,-0.9850267450349217
329932.7219126100,4157672.0903801098,-1.082000970996758
329932.7347933310,4157672.1046482702,-0.069074162482537
329932.7466749950,4157672.1177760600,-0.1617346681192266
329932.7573406570,4157672.1294962401,0.8698867965805678
329932.7658303140,4157672.1390619501,0.3704486165795199
329932.7723206760,4157672.1464369502,0.159007753566271
329932.7771411300,4157672.1519295000,-0.9278175674832161
329932.7806868960,4157672.1559221400,7.163848124271506
329932.7836968240,4157672.1595681300,0.7000885108658059
329932.7869820980,4157672.1635758900,-4.613321990918692
329932.7915181680,4157672.1688046800,3.741412168911963
329932.7972158350,4157672.1757820798,-1.399499477713784
329932.8040216380,4157672.1838871199,0.7155329482164851
329932.8123131110,4157672.1939325300,0.490579931457607
329932.8222633490,4157672.2061625100,-0.3759399355589159
329932.8342785590,4157672.2207356300,-0.395934440869109
329932.8482629930,4157672.2374217301,-0.16744586001179
329932.8633953430,4157672.2553392700,-0.3190569114533054
329932.8791838330,4157672.2737476798,-0.1842197465091635
329932.8944046520,4157672.2913378500,-0.08850162506685834
329932.9079329800,4157672.3069108399,-0.9988919927142047
329932.9195987270,4157672.3198353802,-1.042799729289033
329932.9291633010,4157672.3300890499,-0.9620652008391243
329932.9368011380,4157672.3380816602,0.8422429513902225
329932.9430199750,4157672.3447008398,3.84387951357045
329932.9484327790,4157672.3508597799,4.439987199393545
329932.9539535280,4157672.3576396201,2.116925965841277
329932.9599833860,4157672.3653486799,-1.898489629904864
329932.9668679800,4157672.3738029599,-1.357616340554091
329932.9748863990,4157672.3833367499,-1.453852316717668
329932.9838384390,4157672.3935802202,-0.5003153890709969
329932.9931140430,4157672.4040472498,-0.4013418641327376
329933.0019490350,4157672.4139080099,0.03065182724640074
329933.0096889660,4157672.4225531900,0.08144375398865723
329933.0165664430,4157672.4302488598,1.4614569782505
329933.0232631560,4157672.4379725498,1.024296238217143
329933.0309556650,4157672.4470505300,0.5502040978767432
329933.0404010780,4157672.4583641798,0.1495106361451519
329933.0521195560,4157672.4724712502,-0.1348627758926089
329933.0662534680,4157672.4893921302,-0.2379874937215114
329933.0817526490,4157672.5077420999,-0.7167542215795151
329933.0976177290,4157672.5258812802,-0.9924071495688424
329933.1129728590,4157672.5426354101,-0.9544515233643245
329933.1264796420,4157672.5567884501,-0.5623068106249962
329933.1369327300,4157672.5675307801,-0.372928540405536
329933.1441539840,4157672.5748821599,-0.3341446654670682
329933.1488380930,4157672.5796237099,13.34430021780379
329933.1516049140,4157672.5828664200,19.45012751872528
329933.1533059350,4157672.5851649800,0.7855202065292276
329933.1553435270,4157672.5879326300,-4.587771152612682
329933.1592324830,4157672.5929735000,-2.77767730629496
329933.1652491060,4157672.6004250799,-2.961358028650865
329933.1741261390,4157672.6106796302,-0.1500170671010642
329933.1853535980,4157672.6235892000,-0.4287308874978374
329933.1979302250,4157672.6378260301,-0.04719670861967157
329933.2111334520,4157672.6527445400,0.5082945622924504
329933.2236804850,4157672.6672084802,-0.4838042452556012
329933.2352750780,4157672.6803374002,0.1794511445392622
329933.2451552760,4157672.6915910100,-0.8605946171688429
329933.2533912600,4157672.7007525498,-0.6963588106301754
329933.2603344680,4157672.7083547702,-1.03900021910481
329933.2657949510,4157672.7142205001,0.5724369292285152
329933.2703078280,4157672.7191092898,2.327425871512141
329933.2744702960,4157672.7237564698,3.851743453430226
329933.2788840350,4157672.7289405800,3.78538570220213
329933.2840807250,4157672.7354102698,-2.31152586395607
329933.2907716860,4157672.7433810299,0.8257670525404406
329933.2993616070,4157672.7538217101,0.2974910704542124
329933.3097432500,4157672.7665553498,-0.6422704601543368
329933.3222067440,4157672.7814878300,-0.5645889445360062
329933.3366294770,4157672.7983604199,-0.5383166785532091
329933.3520634780,4157672.8159735501,-0.3191738030969177
329933.3675507000,4157672.8333838000,-0.1118531994052689
329933.3818304550,4157672.8493560199,0.3090657299106104
329933.3941111760,4157672.8632642599,-0.806415350942196
329933.4040531170,4157672.8742231601,-0.6744985847048645
329933.4111411220,4157672.8819037499,-2.888031133193429
329933.4156945150,4157672.8866011300,-1.094185176983515
329933.4182993430,4157672.8892583102,1.542325988446248
329933.4205165260,4157672.8915442801,15.95049487090298
329933.4238825570,4157672.8955147299,3.802077260594527
329933.4290938920,4157672.9019922102,0.006173990244141703
329933.4366972980,4157672.9114441602,0.1488301399786591
329933.4471729400,4157672.9245241201,-0.5637985745725678
329933.4600392740,4157672.9402494100,-0.5245192001163467
329933.4743570960,4157672.9573549302,-0.8481591143871583
329933.4890233050,4157672.9742173399,-0.9851552502093952
329933.5031262410,4157672.9897498800,-0.7838825607937817
329933.5152982830,4157673.0027529602,-0.5423187586738321
329933.5247167600,4157673.0126439398,-0.08963775623262617
329933.5316715050,4157673.0199320498,3.476187293528247
329933.5369829190,4157673.0258593499,7.487492802598732
329933.5416438970,4157673.0317082200,-0.1650927272236918
329933.5470711470,4157673.0385000301,-0.9218218712974893
329933.5549210150,4157673.0481298598,-0.5969212126865765
329933.5661159490,4157673.0616152901,-0.7205225301165521
329933.5808431870,4157673.0788420001,-0.4621775247969047
329933.5982659140,4157673.0987593699,-0.4292516021542033
329933.6170692270,4157673.1197529701,-0.4283244873149784
329933.6356342770,4157673.1399900201,-0.3014134019669881
329933.6518576660,4157673.1574025401,-0.3540717705763984
329933.6641759300,4157673.1704294099,-2.050322326880448
329933.6720876780,4157673.1783114802,-4.655914550930556
329933.6764495670,4157673.1823241301,-0.9993868483142725
329933.6788089620,4157673.1844748501,18.2544132264583
329933.6806139240,4157673.1863029101,19.92736336583915
329933.6835053260,4157673.1896723802,4.121728285076906
329933.6887624900,4157673.1961354599,0.2508647752403794
329933.6971833480,4157673.2065457501,-0.2507231166506356
329933.7085714160,4157673.2205114299,-1.300782687566873
329933.7229156770,4157673.2371961698,-1.334118437263668
329933.7400386580,4157673.2558851098,-0.6555529978015346
329933.7583320570,4157673.2751814802,-0.2894659554963819
329933.7761571030,4157673.2937010499,-0.1581861526161342
329933.7924860770,4157673.3105347701,0.08754133909341751
329933.8065501600,4157673.3250891799,0.3882230348779511
329933.8177991340,4157673.3368968298,0.4902320410530774
329933.8262566630,4157673.3459002101,1.058627503569495
329933.8327036710,4157673.3529246398,-0.2057420117527655
329933.8387389280,4157673.3594754501,-1.783930752847684
329933.8451281940,4157673.3661887799,-0.8126438406814023
329933.8528862390,4157673.3742060200,0.5778771455510615
329933.8626697810,4157673.3844656502,0.4018547367114234
329933.8746543720,4157673.3971945900,0.2533862803412518
329933.8890084020,4157673.4125900301,0.1131524572197955
329933.9053163490,4157673.4301707302,-0.3104103155271714
329933.9231550130,4157673.4491048101,-0.1571541397523306
329933.9412707190,4157673.4681752599,-0.7054830431923843
329933.9584381140,4157673.4856111598,-0.9953683242021597
329933.9740366300,4157673.5007415102,-0.9250386773811421
329933.9860517740,4157673.5119910100,-1.840487475673133
329933.9939644280,4157673.5190380798,-3.09832928723897
329933.9985911300,4157673.5229493598,-2.146143458484949
329934.0011432650,4157673.5250632199,30.58177938883667
329934.0031970620,4157673.5271233302,22.00575700924776
329934.0058510980,4157673.5302307201,1.496228223270412
329934.0109335700,4157673.5362906498,0.4915199892035778
329934.0187712740,4157673.5457303799,-1.960881871827742
329934.0289164510,4157673.5572962901,-2.34987977681491
329934.0413586810,4157673.5704037799,-1.582731497347073
329934.0547287050,4157673.5836888598,-1.083361795994946
329934.0675452710,4157673.5959291002,-0.3579389700072713
329934.0787117200,4157673.6064677401,0.3431766468275598
329934.0881950490,4157673.6155058402,2.70352542798682
329934.0961432270,4157673.6235985402,4.731493230508011
329934.1022764850,4157673.6304832799,0.5313757169311794
329934.1083851740,4157673.6374085099,0.2570864369863698
329934.1158569610,4157673.6459243102,-1.221859405256249
329934.1251201560,4157673.6561604198,-1.523917322330916
329934.1362162910,4157673.6678734701,-1.090957079112423
329934.1488313520,4157673.6807028898,-0.1987407016783917
329934.1617803350,4157673.6937769898,-0.2208810076763963
329934.1735691950,4157673.7055878602,-0.2606672211716879
329934.1836833750,4157673.7156395102,1.135850245473642
329934.1917710680,4157673.7239165502,0.4278774376527574
329934.1982381570,4157673.7305944301,2.208309412975017
329934.2039613760,4157673.7367400201,-0.3721161585817915
329934.2099439000,4157673.7431231001,0.2336431938846831
329934.2168333300,4157673.7505063200,0.04236614041718204
329934.2247925540,4157673.7590438998,-0.1215001928606243
329934.2335651120,4157673.7684258600,0.1495824688300902
329934.2427428460,4157673.7782799401,-0.09795872104141867
329934.2513448420,4157673.7874922398,-1.438834369606598
329934.2594474140,4157673.7958716098,-0.6910880810314813
329934.2672668900,4157673.8038316700,1.250636924636161
329934.2744541790,4157673.8113482301,-0.4480742132095916
329934.2815908510,4157673.8187429700,1.834375575476596
329934.2891249580,4157673.8268618700,1.264134734622617
329934.2975995040,4157673.8362735901,0.4541736320044051
329934.3073761480,4157673.8472680999,-0.2123030030249163
329934.3182795560,4157673.8594486201,-0.8668670302316271
329934.3306918730,4157673.8729025801,-0.4095415692307915
329934.3443517760,4157673.8874778999,-0.4492841479076069
329934.3581452130,4157673.9019334400,-0.05977960075745904
329934.3713893310,4157673.9157808200,-0.5710800305637689
329934.3833954840,4157673.9280758202,-0.2179816469356376
329934.3942816620,4157673.9391446798,0.3079929415420792
329934.4042683090,4157673.9493926698,0.2841732928248706
329934.4138356360,4157673.9592890400,0.2660760174927861
329934.4240400740,4157673.9699248499,1.021600644796184
329934.4347727970,4157673.9814659199,0.1384576026629726
329934.4465508890,4157673.9941894300,-0.1723723613361338
329934.4591806240,4157674.0077486201,-0.6856890448467107
329934.4725265010,4157674.0217090198,-1.020893139612497
329934.4866578630,4157674.0359088401,-0.5022892989894026
329934.5010671480,4157674.0500980900,-0.02770980520325301
329934.5157727830,4157674.0645627799,0.4523736549844786
329934.5302193610,4157674.0790392002,-0.09831383518223544
329934.5441353200,4157674.0929290201,0.4540250318102848
329934.5574906410,4157674.1064955499,0.193089792023265
329934.5693469180,4157674.1186233498,-0.7878823323514178
329934.5799544530,4157674.1292041200,-0.5332109918246992
329934.5891353460,4157674.1382268299,-2.520795644122825
329934.5967650590,4157674.1452972898,-1.401377587209308
329934.6030423040,4157674.1509620999,0.9156591085239019
329934.6077563800,4157674.1552747400,2.475971576275414
329934.6122526210,4157674.1595185101,5.484473884974743
329934.6177321030,4157674.1651034802,2.185750806184373
329934.6251944640,4157674.1730272602,0.6262640406693281
329934.6356958650,4157674.1843638802,-0.2148828692502261
329934.6492798710,4157674.1989169801,-0.4977426638540256
329934.6655977690,4157674.2160235099,-0.7384863671008502
329934.6835870480,4157674.2342086900,-0.7862504368514417
329934.7010914670,4157674.2512216498,-1.058135987507508
329934.7165145410,4157674.2655070899,-1.21074892857887
329934.7281618880,4157674.2758256099,-2.403270034706904
329934.7352676360,4157674.2817521300,-7.081482058885976
329934.7382813900,4157674.2840384301,-450.4280821581999
329934.7382917440,4157674.2838564301,-1336.067099362523
329934.7374264930,4157674.2831661901,-1806.549341212195
329934.7375826930,4157674.2839775300,-153.7532537852902
329934.7409129160,4157674.2881333302,-4.823076551198042
329934.7486540680,4157674.2970163100,-1.440545448886866
329934.7608624580,4157674.3104305100,-1.022778521517717
329934.7768446540,4157674.3272621199,-0.6750935548638071
329934.7950014410,4157674.3457596600,-0.5813232267061094
329934.8132467540,4157674.3637983198,-0.3608525648580325
329934.8296531300,4157674.3797372198,-0.5331839209153874
329934.8431710220,4157674.3925821600,0.08625403709015378
329934.8532012500,4157674.4021398500,-0.9122752585962788
329934.8598099500,4157674.4083068199,2.415061934616294
329934.8638750090,4157674.4122373899,5.628617259840845
329934.8670139200,4157674.4154508701,6.717836003003448
329934.8708438540,4157674.4196497300,1.104898138603155
329934.8762564420,4157674.4256752101,-1.616381241938729
329934.8841119730,4157674.4341457002,-0.3123021933138549
329934.8946769250,4157674.4454417499,-0.1516465438562068
329934.9070859740,4157674.4586419701,-0.5044643528020233
329934.9205844820,4157674.4727307400,-0.8394526885957958
329934.9344073030,4157674.4866912900,-0.5619364544002237
329934.9478240500,4157674.4999516299,-0.2099452981040049
329934.9597608980,4157674.5116615002,-0.3043266170285502
329934.9700933540,4157674.5217018900,0.6798402822771744
329934.9793167740,4157674.5308330599,1.064516561582064
329934.9879936170,4157674.5396581399,1.414191770835284
329934.9966755450,4157674.5488062301,0.1722678744751718
329935.0062242200,4157674.5589137399,-0.1232689479086
329935.0175667020,4157674.5708750798,-0.2522384011284312
329935.0304053260,4157674.5842948598,-0.5176115595707196
329935.0440304580,4157674.5982586001,-0.6528440000398557
329935.0584015940,4157674.6126089101,-0.4016792781713012
329935.0730149850,4157674.6269639502,-0.2141835593593051
329935.0871768240,4157674.6407559700,-0.2503746240538965
329935.1003128460,4157674.6534277000,0.03148087027515045
329935.1125922330,4157674.6652862602,0.7710410643881341
329935.1239033870,4157674.6764912899,0.8863520696637128
329935.1342197890,4157674.6869922802,-0.5140808143204051
329935.1446278850,4157674.6974273599,-0.4562980618271115
329935.1555449480,4157674.7082234598,-0.4558667350006355
329935.1668509460,4157674.7192465402,-0.01688117744220694
329935.1786969090,4157674.7307897699,-0.07261119995924643
329935.1911292120,4157674.7428745800,0.3142380819658305
329935.2038262630,4157674.7553538200,-0.08817095554155274
329935.2159560270,4157674.7672389899,-0.4794993508534902
329935.2272528230,4157674.7781358301,0.3230066417962252
329935.2377135930,4157674.7883255300,0.1618919066681783
329935.2468771090,4157674.7972913198,-1.476754718638808
329935.2552407090,4157674.8051855201,-0.1439412344054673
329935.2632185820,4157674.8126913002,0.963241124313214
329935.2708633670,4157674.8200347899,1.741608669215574
329935.2784716210,4157674.8276200602,1.076832607299446
329935.2866235210,4157674.8359457301,0.241970950123284
329935.2960903660,4157674.8456735900,0.1575207394832459
329935.3069941550,4157674.8569297702,-0.03370350164442822
329935.3189235440,4157674.8692310802,-0.5892874422365219
329935.3322462090,4157674.8826801400,-0.2160703895417214
329935.3466116180,4157674.8970593498,-0.5307039084994997
329935.3614825760,4157674.9116230998,-0.3250691036251577
329935.3765300180,4157674.9261610201,-0.1344552807022492
329935.3910892550,4157674.9401496700,0.07066964193760594
329935.4050357380,4157674.9535871199,0.3478374947094708
329935.4182654630,4157674.9665030101,0.3172381158321183
329935.4309048540,4157674.9789853301,-0.1043420744908764
329935.4433629550,4157674.9912434500,0.09902803447959714
329935.4556563670,4157675.0033812299,-0.4596549038807909
329935.4685891640,4157675.0159447002,0.1766872143470693
329935.4818089260,4157675.0288701002,-0.3659061702502731
329935.4954433360,4157675.0420194999,0.01433405981315772
329935.5093302300,4157675.0554197500,-0.1888674372955328
329935.5232222180,4157675.0687276302,0.4816572462503931
329935.5366053760,4157675.0817846199,-0.08788699982526235
329935.5494867620,4157675.0943116201,-0.5419761048119293
329935.5623932420,4157675.1066216398,0.4891504562598929
329935.5750270000,4157675.1188824200,-0.276470361476235
329935.5872122250,4157675.1305955602,-0.1385409102274071
329935.5991615270,4157675.1420287802,0.4095590685256983
329935.6109123410,4157675.1534247501,0.4453526751160338
329935.6223259750,4157675.1646545501,-0.4522785311647352
329935.6334510650,4157675.1754455199,-0.2801021375492746
329935.6447416170,4157675.1863017501,0.671248171486627
329935.6559358000,4157675.1972943400,-0.3817611682444838
329935.6670420770,4157675.2080715802,1.127069497790721
329935.6780297530,4157675.2191135599,-0.4478312937966163
329935.6893239280,4157675.2303046798,-0.03085599696541014
329935.7012757540,4157675.2421355001,-0.1647127972378208
329935.7139336740,4157675.2545941002,0.07006109214650737
329935.7275976140,4157675.2680777502,0.00730659157053531
329935.7423462800,4157675.2826360599,0.4558607154325067
329935.7572807150,4157675.2976620900,-0.0250695439836555
329935.7722692730,4157675.3127265400,-0.3244553202009069
329935.7869857210,4157675.3273174302,-0.6898926030860246
329935.8013804410,4157675.3411938902,-0.715809952376148
329935.8149664750,4157675.3539332300,-0.255649399680737
329935.8276650140,4157675.3657311699,0.6422361241329223
329935.8398115350,4157675.3772665001,1.091374110046598
329935.8514789590,4157675.3887550100,0.7418209701471852
329935.8625259980,4157675.3998944801,-0.136788185361721
329935.8735015710,4157675.4109146898,-0.261288763018005
329935.8849660240,4157675.4223307199,0.3606564205369731
329935.8970831550,4157675.4345428199,-0.3227760757251174
329935.9100725770,4157675.4474847298,-0.5608075620844611
329935.9238532200,4157675.4609285300,0.0144959059858805
329935.9374339600,4157675.4741846598,0.1411851437656045
329935.9503762520,4157675.4868839802,0.04169247763207155
329935.9625621510,4157675.4988586800,-0.2005338447089173
329935.9744934970,4157675.5105041200,-0.03069837810703886
329935.9865212530,4157675.5222315998,0.1236156518134128
329935.9987856530,4157675.5342401401,0.4408007555715101
329936.0122402930,4157675.5476256800,0.9457092658315794
329936.0266802890,4157675.5625417801,-0.5054118540092926
329936.0418476380,4157675.5778775001,-0.2667161161234392
329936.0572615920,4157675.5932833501,-0.4626934458416417
329936.0722149610,4157675.6079362598,-0.303424780455207
329936.0857545540,4157675.6210445599,-0.5228774936199612
329936.0974105440,4157675.6321248598,-1.545818954206051
329936.1077417210,4157675.6414990299,0.1783470891728864
329936.1172256210,4157675.6501457999,2.218574754383593
329936.1256571710,4157675.6582642202,2.870456099995502
329936.1341649470,4157675.6670385702,0.9687820815065252
329936.1440815060,4157675.6775337099,1.035158196842912
329936.1553404610,4157675.6898407401,-0.8309062510145264
329936.1683352350,4157675.7036297000,-0.6957720821522526
329936.1826819700,4157675.7184394300,-0.7884580300759475
329936.1980945580,4157675.7338262601,-0.6232906482564591
329936.2139717480,4157675.7492488902,-0.4597667003087654
329936.2291652120,4157675.7637174702,-0.3410653039459781
329936.2435059990,4157675.7771857101,1.102616779458134
329936.2566180310,4157675.7900277800,0.03729933572525979
329936.2685773200,4157675.8017561901,1.160866054887195
329936.2804600540,4157675.8138748100,0.3838182088744179
329936.2928951000,4157675.8267275700,-0.2161668071784412
329936.3069970180,4157675.8411836601,-0.1816862265681509
329936.3231564210,4157675.8576192399,-0.3767782252971655
329936.3408010730,4157675.8752438701,-0.6216745459094836
329936.3599359040,4157675.8937539202,-0.234865439178373
329936.3794740430,4157675.9124173000,-0.1413236394680749
329936.3986791080,4157675.9306242098,-0.1620489170604942
329936.4170831090,4157675.9479258200,-0.1242956194949414
329936.4343665080,4157675.9640752599,-0.02960147249047005
329936.4509789290,4157675.9795764000,0.2719194089852294
329936.4666335200,4157675.9943609801,0.08061128371472949
329936.4813783230,4157676.0083334600,-0.2026657632650976
329936.4959026090,4157676.0219849800,0.2697502344030955
329936.5091352690,4157676.0345514598,-1.072413067272027
329936.5210609420,4157676.0454653702,0.07210599065231763
329936.5313531800,4157676.0549049899,-1.346093407019999
329936.5403777920,4157676.0628955802,0.8028234324942615
329936.5483159680,4157676.0700545600,0.6996014364305697
329936.5552703620,4157676.0764156198,1.793279490399498
329936.5623771270,4157676.0831445199,3.358987974272126
329936.5701301360,4157676.0910177398,0.8204805480247358
329936.5787632400,4157676.0999552598,-0.02581493293556332
329936.5887934130,4157676.1103319102,-1.19751980380538
329936.6005555410,4157676.1220562598,-0.3911918139553048
329936.6138238910,4157676.1351010399,-0.6007831918012939
329936.6282413190,4157676.1489504799,-0.3719926543289911
329936.6433416320,4157676.1632372700,-0.03900468462316467
329936.6577119300,4157676.1768118502,0.3137959112878971
329936.6705484310,4157676.1890813801,0.3396942228624288
329936.6810282330,4157676.1992090102,-0.5111320829319572
329936.6893298490,4157676.2071254700,0.9326938202111271
329936.6959829140,4157676.2135939398,-2.895718372722828
329936.7021561390,4157676.2192958300,0.5729141940018406
329936.7100710710,4157676.2266876702,3.012142033357569
329936.7200322120,4157676.2367176199,-0.2472808667859148
329936.7328133340,4157676.2494849600,0.4857338121765458
329936.7487914180,4157676.2657659100,0.2239598383365466
329936.7669195570,4157676.2844408802,-0.5988967380883724
329936.7870213340,4157676.3044849602,-0.7659870358629686
329936.8075653710,4157676.3240976799,-0.9874169778828999
329936.8270818760,4157676.3417468099,-0.803765150852212
329936.8443470240,4157676.3567504198,-0.5594452138717444
329936.8570152580,4157676.3675159202,-0.00352827722096087
329936.8648963400,4157676.3742126399,-1.134912382703686
329936.8692197420,4157676.3778193598,-2.535912693432616
329936.8716542590,4157676.3798048100,31.21740479130145
329936.8743684040,4157676.3825641200,7.758648823405723
329936.8788689170,4157676.3875315199,-2.576172229193973
329936.8872811320,4157676.3963737600,0.1151794811955216
329936.9000292760,4157676.4098211601,-0.7917382750371493
329936.9155718020,4157676.4256953700,-1.570022444573932
329936.9325235620,4157676.4418120901,-1.000257612133333
329936.9486915710,4157676.4565018001,-1.503194884863036
329936.9617488370,4157676.4676838098,-1.905007273357974
329936.9705489390,4157676.4748150199,-1.542704537704271
329936.9748779150,4157676.4782308298,-15.55064852307048
329936.9765418560,4157676.4793922198,66.19350909190604
329936.9767977620,4157676.4796023699,4151.690653145247
329936.9765351200,4157676.4798721899,-758.8392504241257
329936.9778687950,4157676.4819373498,-22.17584570813645
329936.9820560450,4157676.4871682199,-5.04492190613213
329936.9890073870,4157676.4951166301,-4.433785419611025
329936.9984458610,4157676.5048116501,-3.008976794340337
329937.0096963380,4157676.5154023501,-0.2635171278857338
329937.0218136320,4157676.5267129699,0.2923472580761927
329937.0335672680,4157676.5377898300,1.402858028119969
329937.0439909930,4157676.5480471100,1.137135717066986
329937.0533014980,4157676.5575042400,1.620023787416125
329937.0620660500,4157676.5667907200,0.01908319162371066
329937.0710953440,4157676.5763624501,-0.6325109161566801
329937.0818709600,4157676.5875795800,-0.9510237764945397
329937.0951111960,4157676.6009192001,-0.4327259581739533
329937.1101593950,4157676.6158203599,-0.2265603798242616
329937.1258498910,4157676.6312063602,0.01339944913008775
329937.1402612860,4157676.6453460702,-0.6502829895717084
329937.1527191610,4157676.6572749601,-0.7654888134713728
329937.1629092170,4157676.6668017101,-1.366535044753035
329937.1710928200,4157676.6741949501,0.3615878159514565
329937.1778969180,4157676.6803872599,4.091063000923896
329937.1842385060,4157676.6866025901,2.869850084522338
329937.1911699140,4157676.6937737502,1.388174843576873
329937.1991401910,4157676.7022713101,-0.2292525819764718
329937.2080613340,4157676.7117289398,-1.256421235552995
329937.2179781840,4157676.7218886400,-1.210186509272838
329937.2284971400,4157676.7322936002,-0.6056604642397597
329937.2392118160,4157676.7427029600,-0.4569624801242501
329937.2493867790,4157676.7524576201,-0.9832142597259438
329937.2593197770,4157676.7617242401,1.495168201413001
329937.2685210460,4157676.7706543799,0.8010271787695701
329937.2768945910,4157676.7789429799,1.426725634892334
329937.2850083450,4157676.7872470100,1.317252900985065
329937.2935117170,4157676.7962293001,-0.3179214642011755
329937.3030907200,4157676.8062636298,-0.6669705131325424
329937.3138946890,4157676.8173615299,-1.108158923107904
329937.3259726540,4157676.8293292802,-0.1446714559690992
329937.3388238550,4157676.8419988002,-0.6552975176647471
329937.3516392240,4157676.8543396401,0.5759489713733255
329937.3636760450,4157676.8661646000,-0.20924952314663
329937.3741017470,4157676.8763396200,0.162866237581461
329937.3829011130,4157676.8849651101,-0.05281000816298321
329937.3905279450,4157676.8924321602,-0.06627915575435854
329937.3975018890,4157676.8992507602,0.533754344304077
329937.4048762270,4157676.9065387002,1.165062881398699
329937.4129022270,4157676.9146746802,0.4239300627236895
329937.4219823940,4157676.9239750998,0.5365807445344104
329937.4317832720,4157676.9341610102,0.2088033931873262
329937.4417817890,4157676.9446146199,-1.305142255470478
329937.4516863420,4157676.9545914200,-0.6972049878452464
329937.4610429940,4157676.9638391798,-1.225765059050063
329937.4693108020,4157676.9717678400,-0.6013102984403224
329937.4765357270,4157676.9786076900,1.803054436031616
329937.4827954590,4157676.9847372798,2.046871536009311
329937.4887199890,4157676.9907465298,1.776698132310706
329937.4948457640,4157676.9971539802,1.487465463346347
329937.5017193820,4157677.0045496998,0.4284841177243727
329937.5106702700,4157677.0142774698,-0.2791361317959657
329937.5224814910,4157677.0270043798,-0.2900480040939061
329937.5372741160,4157677.0427642199,-0.5313325847618158
329937.5549760280,4157677.0611564401,-0.55993646124685
329937.5750701210,4157677.0814114502,-0.1584358525501233
329937.5960041320,4157677.1023196899,-0.2691931198607905
329937.6166407190,4157677.1226086700,-0.3710936917643202
329937.6360820690,4157677.1413297700,-0.50772792174686
329937.6541051640,4157677.1582349199,0.05956908524836452
329937.6703523580,4157677.1735171499,-0.3903679428289942
329937.6844788240,4157677.1865902999,0.1631642624200123
329937.6971609180,4157677.1983972201,0.8001535719151363
329937.7086230080,4157677.2093559802,-0.002941844880307419
329937.7190328160,4157677.2193077798,0.2854701822404016
329937.7288931360,4157677.2288102400,0.2975607783786962
329937.7379073130,4157677.2375654499,-1.546924172677007
329937.7467067210,4157677.2457923898,-0.3165067045611001
329937.7551711400,4157677.2536471100,0.01242452925952601
329937.7632618580,4157677.2611571602,0.1042579908005947
329937.7712573760,4157677.2685958999,1.587066560625286
329937.7791632270,4157677.2762117502,1.010251364110628
329937.7875365300,4157677.2844653800,1.104844024519849
329937.7964097690,4157677.2934506601,-0.08023282635053373
329937.8057932930,4157677.3029328901,-0.5198480513945248
329937.8163087240,4157677.3134043999,-0.06121414569823298
329937.8275137740,4157677.3245417401,-0.5520453379616131
329937.8387293610,4157677.3354974901,-0.3047330188262513
329937.8491933770,4157677.3456252799,-0.6641840686647611
329937.8583267430,4157677.3543069800,0.01510463730885448
329937.8662817180,4157677.3618712602,-0.09452963539832526
329937.8733079650,4157677.3685393701,0.6745180488715439
329937.8800366230,4157677.3750076001,1.768830708856956
329937.8876175150,4157677.3825580198,1.855909733784526
329937.8971985930,4157677.3925453601,0.7765891119708022
329937.9095245350,4157677.4057164998,-0.1663871838367829
329937.9246789790,4157677.4218020900,-0.6272395733496164
329937.9424866850,4157677.4401466302,-0.6204390509989971
329937.9621549100,4157677.4597482001,-0.4008040506195139
329937.9824813530,4157677.4795549000,-0.5150183076396725
329938.0022968950,4157677.4983175602,-0.591221978219954
329938.0208328690,4157677.5153314201,-0.3260988337505028
329938.0370924370,4157677.5300274501,0.09316343581765606
329938.0506946030,4157677.5423680702,0.829263665169339
329938.0623657720,4157677.5532636698,0.9070523268659949
329938.0730673740,4157677.5635376298,0.4676337158477533
329938.0840363450,4157677.5742178601,-0.09206164398102426
329938.0956421600,4157677.5854854500,-0.1780412401298013
329938.1077853030,4157677.5972055001,-0.01429925995198102
329938.1194494440,4157677.6084579099,-1.157600567140105
329938.1295948550,4157677.6179098501,-2.683158579115571
329938.1379836140,4157677.6252155602,-3.621284058258498
329938.1436190330,4157677.6298026000,-9.869356140046866
329938.1468442170,4157677.6321426402,-0.2078499549062831
329938.1494616220,4157677.6340387100,33.14619805678094
329938.1529683220,4157677.6373772700,13.36172445332106
329938.1575892360,4157677.6425266298,1.199125050331183
329938.1641967930,4157677.6500418698,-1.561087783263514
329938.1739543080,4157677.6607213099,-0.4874811263849812
329938.1861943860,4157677.6739068702,-1.904495860460735
329938.1993127700,4157677.6870864700,-2.450664183761044
329938.2121600750,4157677.6989011099,-1.56201161598475
329938.2239614760,4157677.7092034500,1.05332434064244
329938.2332111140,4157677.7175226002,-0.7691267295529933
329938.2401141540,4157677.7236279901,3.68176622397107
329938.2462302440,4157677.7294016602,5.222687938863981
329938.2529594490,4157677.7363845701,3.394465405517415
329938.2609225560,4157677.7452795999,0.1902392478654686
329938.2719251510,4157677.7576370402,-1.178415835675405
329938.2869844470,4157677.7737946901,-1.181752145462048
329938.3060354940,4157677.7930796100,-0.7887998999965186
329938.3267271670,4157677.8131214199,-0.715830227025209
329938.3471726330,4157677.8321355898,-0.7194723330148222
329938.3656943970,4157677.8487161999,0.04348309100836508
329938.3801545140,4157677.8616859401,-0.9683199252015317
329938.3904043640,4157677.8705879902,1.350829458176132
329938.3967962820,4157677.8763094200,7.071406880944025
329938.4005375250,4157677.8800033098,12.32899715923499
329938.4036499020,4157677.8834769800,-3.142521023927586
329938.4082294540,4157677.8884076201,0.1359108210788628
329938.4151614020,4157677.8958882401,-1.947541570351602
329938.4246011540,4157677.9056139798,-1.533990133379253
329938.4365222370,4157677.9173388002,-0.1960492331574223
329938.4503191730,4157677.9308131202,-0.6349255975239346
329938.4647476520,4157677.9445574898,-0.4336795130250559
329938.4787197220,4157677.9576431098,-0.04290131019800159
329938.4916024230,4157677.9696894102,0.366819777415084
329938.5033126780,4157677.9807761000,0.7234162769545396
329938.5136639670,4157677.9907952701,0.3234161815535671
329938.5233872670,4157678.0002922402,-0.230204210675141
329938.5335769650,4157678.0101812598,-0.2337107448686843
329938.5449779080,4157678.0211683498,0.4574448735067018
329938.5576206590,4157678.0335405301,-0.5078931572241396
329938.5717981960,4157678.0471538501,-0.09650339013585746
329938.5865118610,4157678.0612274599,-0.2226510917361521
329938.5999367320,4157678.0739575801,-0.6587461609568562
329938.6107563650,4157678.0839944901,-1.084255271244658
329938.6183425430,4157678.0908430899,-4.40393523531297
329938.6231239190,4157678.0948548401,-9.089119930677732
329938.6261938360,4157678.0971991401,-14.10973158323236
329938.6288125370,4157678.0990002900,39.49535138022225
329938.6322091820,4157678.1022142801,12.14404903711848
329938.6371220030,4157678.1075905301,1.799314281292349
329938.6449237600,4157678.1164280600,-1.079551367434177
329938.6563483230,4157678.1289714701,-1.319180782622168
329938.6711988290,4157678.1444684202,-1.439535908033619
329938.6894267830,4157678.1622470100,-0.6850691116255461
329938.7097893240,4157678.1813932699,-0.2535001460192653
329938.7304094430,4157678.2005074602,-0.2056906986124209
329938.7488870050,4157678.2174486001,-0.2222816413218546
329938.7642122900,4157678.2313567698,0.06901807418824199
329938.7758319050,4157678.2419285802,0.07788519589358946
329938.7839457570,4157678.2493261900,-0.7723619418828104
329938.7901195470,4157678.2548713898,2.257184970040809
329938.7962526380,4157678.2605923200,2.659899747404426
329938.8036042490,4157678.2677996699,1.533906537781158
329938.8123188230,4157678.2766461601,-1.021027264764937
329938.8225928460,4157678.2867935700,-0.8925404026897515
329938.8345099480,4157678.2982428302,-0.5648261884554922
329938.8471580230,4157678.3101635799,-0.6349701553543219
329938.8599276910,4157678.3219356402,-0.232439020285139
329938.8722321410,4157678.3331891000,-0.2192717742065628
329938.8835129280,4157678.3434340800,0.2378184921260672
329938.8936710950,4157678.3527236502,0.762576600099517
329938.9029421560,4157678.3613752401,0.5252476194195717
329938.9125144780,4157678.3704303498,0.4401167465481809
329938.9233260780,4157678.3807854201,-0.2139148014924978
329938.9362228740,4157678.3930512602,0.1775053375733239
329938.9512230150,4157678.4074156499,-0.08680101270442002
329938.9671499890,4157678.4226110000,-0.32918842722457
329938.9830550970,4157678.4375677202,-0.8068648035322727
329938.9980515830,4157678.4511975702,-1.038548340924975
329939.0112833810,4157678.4627571101,-1.266766877097752
329939.0222844580,4157678.4719823501,-0.7738768306551386
329939.0316329540,4157678.4796601702,1.553591226244653
329939.0406503870,4157678.4873513998,3.388379539862997
329939.0498208370,4157678.4958511200,2.032237122971699
329939.0597967410,4157678.5056088702,0.4300591525075887
329939.0710522020,4157678.5167602100,-0.4333506152179254
329939.0838709600,4157678.5292759100,-0.9362499274135426
329939.0977322180,4157678.5423486400,-1.6490322099513
329939.1119364360,4157678.5549272201,-1.469382651968068
329939.1257701370,4157678.5665219300,-0.8551445953098425
329939.1375514090,4157678.5761146401,-0.5581470140642681
329939.1456725130,4157678.5826311698,1.530138081243609
329939.1497227540,4157678.5859616902,51.19413549044005
329939.1500440960,4157678.5863166600,183.730806643056
329939.1481467450,4157678.5848528598,0.1600584061320396
329939.1462340030,4157678.5833760099,-300.4642459541456
329939.1468494500,4157678.5841248902,-23.44178223891743
329939.1517906920,4157678.5891040000,0.1067196987971128
329939.1612626910,4157678.5986694698,-0.288249665103971
329939.1749859190,4157678.6123974202,-0.02822815410846202
329939.1914693550,4157678.6288666599,-0.4281019925728495
329939.2090136240,4157678.6460403502,-0.799562060454339
329939.2267405380,4157678.6627269201,-0.7518738837732742
329939.2431924540,4157678.6776787499,-0.7720031636670945
329939.2576284000,4157678.6903825798,-0.5471446020517782
329939.2695123240,4157678.7006407701,0.5435112377090002
329939.2789247050,4157678.7088923198,2.428569290730967
329939.2864030160,4157678.7158222399,2.729199648210208
329939.2929506580,4157678.7222192301,0.7140343793368086
329939.3000823560,4157678.7292829901,0.4468888298200606
329939.3089147110,4157678.7381197400,-0.8911350364547415
329939.3200002790,4157678.7489376399,-0.4289997423481163
329939.3332072070,4157678.7616399801,-0.5266452923781619
329939.3477861090,4157678.7753811199,-0.4811902799020275
329939.3629708360,4157678.7894149702,-0.5932718306882855
329939.3776512210,4157678.8026596699,-0.3536007186937001
329939.3911572980,4157678.8146819202,-0.2765661690284388
329939.4030967190,4157678.8252094402,0.5988144431250944
329939.4133979970,4157678.8344569900,1.208017593608007
329939.4226063780,4157678.8429924701,1.491605217503791
329939.4312868560,4157678.8513398599,-0.7372489139763024
329939.4404133390,4157678.8599582501,-0.1975933637905876
329939.4504351860,4157678.8693730100,-0.6649149708612284
329939.4615177920,4157678.8795861402,0.0395527104567417
329939.4733429720,4157678.8904970698,-0.131864916905003
329939.4852892840,4157678.9014727399,-0.1470081353071044
329939.4965762520,4157678.9117945200,-0.3731535923002849
329939.5064552920,4157678.9207323799,-0.8427001403956982
329939.5146558560,4157678.9280005000,-0.07974098309611707
329939.5219225440,4157678.9344302500,0.5363421184648209
329939.5287087530,4157678.9404961499,1.382645400479367
329939.5359306720,4157678.9471233198,1.931529378366589
329939.5440728840,4157678.9549059798,0.8990720732652524
329939.5533814420,4157678.9639999401,0.1527983778404339
329939.5641891400,4157678.9746040101,-0.1957023255885645
329939.5758718340,4157678.9859962198,-1.179924860197382
329939.5881215590,4157678.9974831999,-0.9362711305527109
329939.6005645330,4157679.0087888301,-0.4518775720281738
329939.6122559380,4157679.0192558798,-0.515480638706598
329939.6228073540,4157679.0285575199,0.6377963586181175
329939.6314775840,4157679.0363280401,0.2663301157390625
329939.6381000670,4157679.0422960799,3.790940225509241
329939.6431328430,4157679.0471138102,4.338167440606434
329939.6469160060,4157679.0509346002,-0.2766804386867668
329939.6509277560,4157679.0549738598,-2.290770976183652
329939.6564083910,4157679.0603258200,0.2498515298208422
329939.6637340920,4157679.0675116400,-0.2340000482333629
329939.6735515930,4157679.0770877898,0.6321186518002075
329939.6855950490,4157679.0890654000,-0.3743343382079833
329939.7000413690,4157679.1032339302,-0.1051033952366594
329939.7160206630,4157679.1188359801,-0.4262124396878546
329939.7330636630,4157679.1351538599,-0.3363320484703516
329939.7508764870,4157679.1519349399,-0.2377942684509992
329939.7685529380,4157679.1683956902,-0.3421470133537164
329939.7852578670,4157679.1837037900,-0.3302561717166052
329939.8006304190,4157679.1975896801,-0.4829879988332824
329939.8142240510,4157679.2096388498,0.4028709827259524
329939.8257280380,4157679.2199757998,-0.394836470881098
329939.8352767340,4157679.2284600800,0.1961712080795172
329939.8438583850,4157679.2361217602,1.537505788032549
329939.8520332060,4157679.2436799500,1.025385500808542
329939.8603881220,4157679.2515864600,-0.3219614235355177
329939.8694739310,4157679.2601184300,0.3864345558384699
329939.8792135650,4157679.2693564799,-0.3723230778028137
329939.8892794330,4157679.2788074901,-0.6316486964005353
329939.8992873830,4157679.2880423302,-0.1090129780660744
329939.9085546350,4157679.2965692100,-0.8205845305633739
329939.9169289210,4157679.3041243502,-1.881256147158908
329939.9242639100,4157679.3104837602,1.246096922471814
329939.9309145880,4157679.3163862601,2.324818132012228
329939.9379889560,4157679.3229426602,2.071229180762399
329939.9461777160,4157679.3308704901,0.7177569692015107
329939.9563927180,4157679.3409444899,0.5402926147143386
329939.9687330340,4157679.3533255602,-0.8742741715422093
329939.9834419680,4157679.3676010501,-0.04220695868899017
329940.0000099480,4157679.3836512500,-0.691676430766368
329940.0173025410,4157679.3998694699,-0.9494840054316067
329940.0349083330,4157679.4156527398,-0.4292552567701986
329940.0515902130,4157679.4303142000,-0.221834944480252
329940.0661100350,4157679.4429575801,-0.09819502810444088
329940.0784058840,4157679.4536267398,0.8324481344939877
329940.0884847950,4157679.4625935601,1.203251632290428
329940.0973861060,4157679.4707614700,1.320246746731579
329940.1057508500,4157679.4786805599,0.3598416746538169
329940.1143111840,4157679.4868533001,-0.2683593127226883
329940.1238136450,4157679.4958649399,-0.5857460517074911
329940.1341114230,4157679.5054762699,-0.5219533024736649
329940.1448126690,4157679.5153156300,-0.5176217878424417
329940.1552946360,4157679.5248107598,-0.7238521065751354
329940.1643798160,4157679.5328845200,-1.336659029813514
329940.1721034590,4157679.5395444999,1.507207778603865
329940.1786128890,4157679.5453211698,1.764200321985735
329940.1843890500,4157679.5505996300,3.745128883825175
329940.1898046930,4157679.5558423400,0.70875743063103
329940.1958003660,4157679.5617124802,0.6884171636058567
329940.2031795240,4157679.5690311799,0.7690168020572484
329940.2119478250,4157679.5778818200,-0.8857162394320632
329940.2226184270,4157679.5883940202,-1.149033169545487
329940.2358400500,4157679.6009315299,-0.3880053163180235
329940.2510488160,4157679.6151362001,0.07781827068765237
329940.2666860250,4157679.6297892202,-0.2774867315084648
329940.2818058000,4157679.6437926502,0.1036662703371354
329940.2956120920,4157679.6566321398,-0.001293353197223239
329940.3068532950,4157679.6670857002,-1.134210004138924
329940.3149347270,4157679.6743796999,-3.689179139865859
329940.3197685850,4157679.6784716100,-21.54120653742232
329940.3218673970,4157679.6799281598,-781.0303128008347
329940.3219971670,4157679.6796303699,-1033.802343167727
329940.3209691220,4157679.6784351198,-104.5169689325634
329940.3202310730,4157679.6777794398,-709.402530651363
329940.3211292850,4157679.6789950500,-23.29825389163743
329940.3247769200,4157679.6831660601,-2.406573885301997
329940.3315879380,4157679.6906642001,-1.250500603772713
329940.3418547670,4157679.7016158402,-0.9671439247848731
329940.3552162720,4157679.7154041501,-0.6372987576092048
329940.3705653990,4157679.7308353200,-0.5121546733118258
329940.3862683150,4157679.7462720801,-0.7589056758888413
329940.4012793580,4157679.7605574299,-0.2955046083434918
329940.4146681020,4157679.7731523002,0.1114917125359376
329940.4258198000,4157679.7836823501,0.06403499689293035
329940.4350939140,4157679.7924552802,1.106771743957903
329940.4433177820,4157679.8004463902,1.373273973894039
329940.4515383170,4157679.8086918700,0.5655184157472199
329940.4609814300,4157679.8182991301,0.127508635363998
329940.4725497070,4157679.8301136200,-0.2960932725503251
329940.4865057180,4157679.8442139602,-0.5577902098530265
329940.5023557350,4157679.8598561399,-0.448862564081305
329940.5190826820,4157679.8760296698,-0.5196621283989151
329940.5356512770,4157679.8916708399,-0.4395243397612456
329940.5508857070,4157679.9057792500,-0.5575637018255123
329940.5638098810,4157679.9174949201,-0.6883247219232429
329940.5741443140,4157679.9266624199,0.4078293950860397
329940.5820167900,4157679.9337162198,2.615581215131243
329940.5877283000,4157679.9390872200,2.544248133564559
329940.5923751060,4157679.9436194301,2.921048449696795
329940.5970713020,4157679.9483795799,0.7966222456121663
329940.6026210400,4157679.9540708801,-0.955299377840972
329940.6095790620,4157679.9610858602,-0.1824658152017386
329940.6183957850,4157679.9699385399,-0.6427721689854325
329940.6289310790,4157679.9803328300,-0.4902143285265874
329940.6414916000,4157679.9925304698,-0.1131618933023746
329940.6552840020,4157680.0058688698,-0.1103762591176043
329940.6698361110,4157680.0198808801,0.005590297917402555
329940.6846501680,4157680.0341483699,0.1613657211967353
329940.6991088410,4157680.0481654098,-0.2577279636218711
329940.7136132060,4157680.0620815801,0.03214202384584527
329940.7275035340,4157680.0754255001,-0.9397806284986164
329940.7408134850,4157680.0877693500,-0.09020504689445281
329940.7537482920,4157680.0997265298,-0.01693306754697008
329940.7661643060,4157680.1111973999,0.328974582367439
329940.7786184290,4157680.1228330499,0.3658991292139693
329940.7910618150,4157680.1346052298,-0.3020614299384583
329940.8040114820,4157680.1467277901,0.2521318226471492
329940.8178476600,4157680.1598011199,0.09101950157657272
329940.8322204750,4157680.1734296698,-0.2866637400257134
329940.8474813620,4157680.1877320702,-0.3260669352831818
329940.8630271590,4157680.2021024101,-0.5908988628390294
329940.8783043460,4157680.2158789700,-0.1276481423627959
329940.8922186460,4157680.2283634301,-0.372002435569431
329940.9043714720,4157680.2391257398,-0.4334542848439237
329940.9151846670,4157680.2485745200,0.178479040699059
329940.9249555780,4157680.2571546999,0.6480514838684289
329940.9343123490,4157680.2655094001,0.8926716749541129
329940.9442353440,4157680.2745787199,1.038461214948597
329940.9555643760,4157680.2852506801,0.3914565271829479
329940.9684443580,4157680.2975433902,-0.5544029157867258
329940.9832890490,4157680.3114144499,-0.3474244069702699
329940.9995423250,4157680.3263789499,-0.5811263526788168
329941.0162759640,4157680.3413899802,-0.7717024950130745
329941.0323965180,4157680.3553664801,-0.6000529791868646
329941.0464454030,4157680.3672564100,-0.7843642979069377
329941.0573465950,4157680.3762461799,0.1906662318967854
329941.0638878480,4157680.3816642300,-8.459097504430325
329941.0666396520,4157680.3837186201,-207.3428774963312
329941.0669573690,4157680.3837974998,-5692.938867200035
329941.0667822790,4157680.3835233999,224.0585693151599
329941.0682234930,4157680.3850190998,-1.743962799105196
329941.0728969830,4157680.3897957099,-0.08027834351960636
329941.0818264410,4157680.3989079599,-0.4117974527360446
329941.0949916920,4157680.4121698500,-0.7581267071969231
329941.1117726060,4157680.4285424901,-0.6086838819124086
329941.1308947750,4157680.4466421902,-0.9389156937123622
329941.1507749290,4157680.4645415498,-0.7039518155834936
329941.1701322770,4157680.4813345098,-0.3746480401854455
329941.1869248290,4157680.4956415598,-0.2357529571598172
329941.2007560200,4157680.5073130201,0.3046756055194683
329941.2121587760,4157680.5170340501,1.388160346537494
329941.2215442810,4157680.5253501199,1.972721369771894
329941.2300631660,4157680.5332687702,0.7581681879161408
329941.2390108090,4157680.5417387001,-0.4294002961721783
329941.2500661910,4157680.5520809400,0.05570598220256381
329941.2634055070,4157680.5645830901,-0.9247347713258072
329941.2781513030,4157680.5779225500,-0.9773389039881014
329941.2937204790,4157680.5914561702,-0.4023236538491938
329941.3083842930,4157680.6039974699,-0.6578272723962438
329941.3205052230,4157680.6141240899,-0.9517505994057497
329941.3293235750,4157680.6213000198,-0.4741361333027644
329941.3345125190,4157680.6254857699,-6.032232819074334
329941.3369176680,4157680.6273125601,14.20656062640851
329941.3378383710,4157680.6280562398,93.41881361326702
329941.3389779900,4157680.6292586601,-3.000984266855945
329941.3422548600,4157680.6326505500,-2.411582371801614
329941.3486753740,4157680.6390788201,-0.5154440988358907
329941.3587711810,4157680.6490662200,-0.534992061080233
329941.3724551410,4157680.6623642901,-0.6697613852796556
329941.3888856110,4157680.6778913601,-0.7807344404681982
329941.4072721110,4157680.6946328999,-0.4645753004186383
329941.4257277930,4157680.7110527600,-0.5172777065605748
329941.4428135270,4157680.7258831202,-0.1441743224953017
329941.4570267940,4157680.7381460099,-0.07184898242788651
329941.4682520370,4157680.7478073002,-0.1123903789544336
329941.4770852110,4157680.7553869700,0.5778588777160123
329941.4844030490,4157680.7617450799,1.110056632105127
329941.4911786180,4157680.7677569301,2.282314056729079
329941.4984327930,4157680.7744793198,0.9502712825677687
329941.5074675720,4157680.7830317402,1.01174765097916
329941.5184615520,4157680.7937357300,-1.177181170805257
329941.5315055830,4157680.8059481899,-0.8945100723242621
329941.5461404910,4157680.8191952701,-0.8603923439933984
329941.5613417680,4157680.8324871301,-0.2347645345295592
329941.5761660120,4157680.8453275901,0.1038643822027113
329941.5894218270,4157680.8568543801,-0.2510106617273319
329941.6008711850,4157680.8667281498,0.1724083114187302
329941.6102777970,4157680.8748793402,-0.03227717698988612
329941.6169512120,4157680.8806580999,1.03312185450134
329941.6214368890,4157680.8846028298,5.395107184387366
329941.6244589290,4157680.8874100400,1.999334470743825
329941.6273624760,4157680.8901514099,1.336414220431918
329941.6306280890,4157680.8932699300,-3.458418579784768
329941.6353713620,4157680.8976307302,0.7030639574175643
329941.6422050550,4157680.9039836698,1.034341739534821
329941.6513093070,4157680.9126416701,0.7103766711772777
329941.6628452420,4157680.9238378298,-0.1423091295285595
329941.6765103760,4157680.9370344100,-0.3714902657590353
329941.6919420150,4157680.9517152999,-0.297259138508423
329941.7079864600,4157680.9667836200,-1.002359529694454
329941.7241903390,4157680.9813456899,-0.3130939997658708
329941.7402176000,4157680.9955542702,-0.2029910788296797
329941.7549036380,4157681.0084651499,-0.4303960107388082
329941.7679465380,4157681.0197496400,0.4648262180506207
329941.7787844980,4157681.0292668398,0.7326732248278627
329941.7871262950,4157681.0367318802,0.4695672152271483
329941.7936343610,4157681.0426110900,1.389298524926975
329941.7986934380,4157681.0472822399,-1.583897667742926
329941.8032277080,4157681.0513831601,-1.09260700255728
329941.8079284040,4157681.0555770001,1.460169227347089
329941.8130188410,4157681.0602072999,1.638042788159825
329941.8187451450,4157681.0655434499,0.576854263918718
329941.8254380030,4157681.0718419598,0.1093016747507618
329941.8332418580,4157681.0792020401,-0.07071851441072147
329941.8423425610,4157681.0877711098,0.2980694441669681
329941.8520875640,4157681.0970181599,-0.2219203881281678
329941.8621952710,4157681.1065512998,-0.1904971965978715
329941.8724166220,4157681.1161404098,-0.3650866979500888
329941.8822920620,4157681.1253122599,-0.9029907385861221
329941.8916407470,4157681.1337919100,-0.4200617841730225
329941.9006503430,4157681.1418790999,-0.05964782542582383
329941.9098584060,4157681.1501323101,1.316235964037972
329941.9197233920,4157681.1592813302,0.8272668854878499
329941.9303888300,4157681.1694063302,0.3052870668150336
329941.9422330330,4157681.1807577899,-0.2006760254625264
329941.9553239510,4157681.1932175001,-0.408378470099066
329941.9690586480,4157681.2060941202,-0.8464916438881464
329941.9828261940,4157681.2185977399,-0.6347488278091978
329941.9956340840,4157681.2299675001,-0.8652820886770788
329942.0067259070,4157681.2395444601,-0.5288392978601456
329942.0154045520,4157681.2469340800,-0.8483044517527527
329942.0211503860,4157681.2517475998,-2.059262788233084
329942.0243227150,4157681.2543413802,9.911364086775693
329942.0262142760,4157681.2559942398,27.25431447962833
329942.0283221260,4157681.2581358901,1.688283062059321
329942.0322885220,4157681.2622255501,-2.093895993763542
329942.0391687400,4157681.2690941701,-0.9842266176346119
329942.0495316470,4157681.2791961399,-0.3547327434136016
329942.0633919560,4157681.2925467300,-0.3698851412753142
329942.0800547840,4157681.3083478902,-0.615281163718137
329942.0984231300,4157681.3252590098,-0.5967102618584706
329942.1175352680,4157681.3423291501,-0.4451886073717135
329942.1360404730,4157681.3584891702,-0.2107387816286962
329942.1531247940,4157681.3732594098,0.08233609259946492
329942.1679836600,4157681.3861508700,-0.3113172936152249
329942.1808246740,4157681.3971640998,0.03216565451374274
329942.1923203370,4157681.4070337699,0.816473661820746
329942.2019370170,4157681.4154827502,-0.06436959163138431
329942.2104140470,4157681.4229188301,0.3537776120875545
329942.2183926820,4157681.4299726598,-0.8208656750092864
329942.2259069100,4157681.4365035300,-0.4107233099670755
329942.2328271560,4157681.4424706800,-0.8780078044821599
329942.2384490980,4157681.4472477101,-3.531523917049156
329942.2431705380,4157681.4510702300,4.913280742146931
329942.2469316290,4157681.4542876999,2.479109904508545
329942.2493842080,4157681.4564293702,3.212084475374803
329942.2514500980,4157681.4582688902,15.3358726515391
329942.2536800020,4157681.4604424001,-0.2511032057055195
329942.2566749260,4157681.4633562402,-0.8246357417540084
329942.2611346190,4157681.4676582101,0.2385292964646811
329942.2670207170,4157681.4733556700,-1.004664868655386
329942.2747560840,4157681.4807024701,-0.02274190346703484
329942.2838806090,4157681.4893640601,0.08253523170495723
329942.2936589810,4157681.4986663498,-0.820372501954539
329942.3040873810,4157681.5083634099,0.02982704694606516
329942.3145074420,4157681.5180609701,-0.2783873734674224
329942.3249496880,4157681.5277022999,0.1703575064886192
329942.3352484940,4157681.5372572201,0.0161536769356899
329942.3452404370,4157681.5465315999,0.3791273320034407
329942.3552598240,4157681.5559286899,-0.1226845909476234
329942.3653255310,4157681.5653373399,-0.03738843885305884
329942.3756122240,4157681.5749425199,0.2203354049727558
329942.3860207340,4157681.5847224900,-0.5637973671002828
329942.3963003020,4157681.5942281298,-0.1656759815101125
329942.4064399540,4157681.6035611900,0.1615796131251649
329942.4156006350,4157681.6120291199,-0.9128699756058702
329942.4235411020,4157681.6192147899,0.1837972744437466
329942.4303663220,4157681.6254139999,-0.7792388446689011
329942.4361048690,4157681.6305575501,-0.1820998201034915
329942.4411006240,4157681.6350235199,2.711301068820082
329942.4458572630,4157681.6394312098,2.696045172202651
329942.4510943790,4157681.6444677399,1.221642588902391
329942.4576033140,4157681.6508539901,0.9782044331027112
329942.4652044760,4157681.6584582701,-1.27181249429497
329942.4739022840,4157681.6669100602,-0.3692604335976936
329942.4833925600,4157681.6760461000,-0.1614525511773671
329942.4930981100,4157681.6853492800,-1.119483193781272
329942.5027356000,4157681.6943156598,-0.6074085202120996
329942.5120615260,4157681.7028567800,-0.2814648171538215
329942.5204148520,4157681.7104555601,0.1566886454474349
329942.5275803640,4157681.7169953901,3.11320142386177
329942.5332204290,4157681.7224324499,3.048082549017396
329942.5374916940,4157681.7267281101,-1.384333898753997
329942.5412495270,4157681.7304485100,-0.1729073737088435
329942.5446394650,4157681.7337988499,-4.226387822754329
329942.5483250330,4157681.7372928299,-0.2578208304214166
329942.5532910400,4157681.7419862300,2.398523872347647
329942.5598735890,4157681.7484519398,0.569826022591758
329942.5684913610,4157681.7570205098,0.4510255653172472
329942.5791122510,4157681.7677112198,-0.1503658721013875
329942.5915732190,4157681.7801925698,-0.1561172741593947
329942.6056462980,4157681.7942063902,-0.3772107031141609
329942.6200557320,4157681.8083400200,-0.6456861798439708
329942.6339456700,4157681.8216216699,-0.674698090398386
329942.6469872890,4157681.8337837700,-0.7338951969598781
329942.6577561700,4157681.8435896598,-1.466096287822701
329942.6658350230,4157681.8506764099,-1.799097523344842
329942.6707681370,4157681.8548702998,-0.632269953610778
329942.6735877890,4157681.8572518602,31.12164973630184
329942.6754954500,4157681.8592220400,27.45879806440056
329942.6772330870,4157681.8613089598,-17.98212529703192
329942.6806677980,4157681.8648980400,-0.2402284993465287
329942.6866435830,4157681.8711220198,-1.118769015967455
329942.6953649880,4157681.8799939500,0.0970899214753697
329942.7065546400,4157681.8914081901,-0.7980521065309688
329942.7190272970,4157681.9037949098,-1.05155294891751
329942.7320547110,4157681.9162569200,-0.4745634104097677
329942.7439734960,4157681.9274735702,-0.5448150048307581
329942.7533159840,4157681.9361270699,-0.3432610008743207
329942.7608168210,4157681.9430201100,0.4313074705836034
329942.7669072230,4157681.9486619602,1.844050176543091
329942.7725894510,4157681.9540852001,3.099339193875382
329942.7782259020,4157681.9597354699,1.957098328030531
329942.7844290690,4157681.9661631798,-0.09115735407564945
329942.7922422500,4157681.9742442998,0.3205056991268331
329942.8013926670,4157681.9837830500,-1.399444493151876
329942.8112253620,4157681.9936507898,-1.531285750499777
329942.8215016480,4157682.0035279798,-1.031087363646791
329942.8315644920,4157682.0129241599,-0.4029863044463182
329942.8404906680,4157682.0211721300,0.5165426305140883
329942.8479967790,4157682.0281889699,1.655925892330008
329942.8540142140,4157682.0339906998,2.360266114210517
329942.8592126870,4157682.0391922402,3.613110999205926
329942.8639984380,4157682.0442349701,-0.5803777818951766
329942.8693489510,4157682.0498248702,-1.515045920294076
329942.8764267890,4157682.0570221799,0.01426298969578921
329942.8852670560,4157682.0660145800,-0.625500618841239
329942.8954472540,4157682.0761964899,-0.2258823327260171
329942.9064028030,4157682.0870802701,-0.2034156584829689
329942.9173590550,4157682.0978966798,-0.5864560939031412
329942.9277649890,4157682.1079912200,-0.3401351612439237
329942.9377216810,4157682.1175573599,0.0811218096474204
329942.9475681020,4157682.1270386800,0.2354247851373238
329942.9581337680,4157682.1372808302,0.6331778824682921
329942.9696341940,4157682.1486493400,0.21771816576394
329942.9818608700,4157682.1608240502,-0.2740330429964376
329942.9949181880,4157682.1736996700,-0.06446401999427594
329943.0077117940,4157682.1862857700,-0.9281357262754623
329943.0194848000,4157682.1975056501,-1.236532157854927
329943.0296267140,4157682.2068179301,-2.065103590045509
329943.0370656240,4157682.2133207899,-5.097774217504081
329943.0413353160,4157682.2167677698,-43.75401087874093
329943.0423668930,4157682.2173758601,-837.4176417355405
329943.0411858690,4157682.2160812402,-44.38685552967137
329943.0395840470,4157682.2146068001,-138.2700554745215
329943.0388611610,4157682.2141785701,-318.8346813647696
329943.0406929200,4157682.2163545201,-7.601708029299672
329943.0463674010,4157682.2225386999,-0.8782529617125645
329943.0560682910,4157682.2329026801,-0.8738000075524127
329943.0689551360,4157682.2462812001,-0.8754885690159188
329943.0835673920,4157682.2609381201,-0.7807580295649503
329943.0979871060,4157682.2749483502,-0.7929931700842733
329943.1103839250,4157682.2866431498,-0.8929555776759834
329943.1193710580,4157682.2949022301,-2.65668785378389
329943.1244808770,4157682.2993656700,-29.61615371697972
329943.1260178540,4157682.3003946501,-1024.019548971492
329943.1249440990,4157682.2991730301,-47.60108709230708
329943.1230286680,4157682.2973931399,-136.0614105097729
329943.1222798380,4157682.2969728499,-345.4021724505506
329943.1241209390,4157682.2992842798,-10.40893883955307
329943.1291727650,4157682.3049573102,-1.597857931805124
329943.1373184260,4157682.3138206801,-0.6315491369303293
329943.1478721620,4157682.3251060899,-0.9662900595203131
329943.1599124610,4157682.3375790701,-1.189991599215232
329943.1726324060,4157682.3502144800,-0.5645510153546176
329943.1853137470,4157682.3625606601,-0.004071518640613673
329943.1972947020,4157682.3742233301,0.4098364078172231
329943.2087043990,4157682.3854800202,0.7295150345260535
329943.2199578600,4157682.3968449901,0.5560028327678979
329943.2313502720,4157682.4085590402,0.08680201661235132
329943.2431106950,4157682.4206864401,-0.5512805265903025
329943.2555493300,4157682.4332709000,-0.8001502776361629
329943.2691158940,4157682.4465991599,-0.7587492029579633
329943.2831899240,4157682.4600279802,-0.4600793947817556
329943.2968623240,4157682.4728459902,-0.2900070565965986
329943.3089151450,4157682.4840306402,0.04133695049436331
329943.3180794850,4157682.4925450799,-0.2498901595002976
329943.3237528840,4157682.4977894798,-4.077528014221319
329943.3256529210,4157682.4994734898,-265.0748250833057
329943.3249260580,4157682.4985372298,-54.7863407932693
329943.3231897570,4157682.4967162702,8.473690031941544
329943.3221668400,4157682.4956061700,246.4192717946197
329943.3232373360,4157682.4967510998,5.435818201112466
329943.3266368010,4157682.5005211500,-0.554289422559117
329943.3324897850,4157682.5069625499,0.2765057249282141
329943.3407925550,4157682.5161537202,-1.139723691287947
329943.3511916440,4157682.5273072701,-1.495908071979878
329943.3638050150,4157682.5401781900,-0.8870733795558559
329943.3779488110,4157682.5541337100,-0.4868227739518171
329943.3932706240,4157682.5689513902,0.2645100478801591
329943.4088585880,4157682.5841994602,0.4080595256094626
329943.4236642500,4157682.5989368502,0.0297436571392895
329943.4373287440,4157682.6125546000,-0.2225706801896641
329943.4500708100,4157682.6251483499,-0.3246295304642855
329943.4614389510,4157682.6362614902,-0.7817605507954112
329943.4715407200,4157682.6459086300,-1.132723505445646
329943.4807676420,4157682.6544587701,0.1203102351278211
329943.4891593390,4157682.6622575298,0.3575696106885969
329943.4963799130,4157682.6690194602,2.142370303121181
329943.5016355610,4157682.6741264700,-1.977934410703732
329943.5054031570,4157682.6776978900,6.223194795223101
329943.5081537610,4157682.6804570500,2.603087576226755
329943.5102251460,4157682.6825723001,2.300123229191802
329943.5120945560,4157682.6845062799,-3.64785415249856
329943.5144938180,4157682.6869337498,-1.517406499339312
329943.5178315810,4157682.6902693398,3.203664393530878
329943.5222768740,4157682.6948728599,0.2790361299931652
329943.5279219150,4157682.7007426200,0.3325843504512666
329943.5354507950,4157682.7086209902,-0.1051198056969826
329943.5451095580,4157682.7187017100,0.134002927409175
329943.5569863450,4157682.7311492800,-0.3897053956006972
329943.5709956130,4157682.7456195098,-0.2655545018352568
329943.5870639320,4157682.7620275700,-0.3492999999147464
329943.6046977940,4157682.7797351298,-0.3340467958109795
329943.6229340820,4157682.7977405898,-0.3618083025531244
329943.6405276140,4157682.8147991099,-0.4143668696737087
329943.6565676690,4157682.8300534599,-0.4163044493196304
329943.6702306220,4157682.8428277201,-0.4136355398662377
329943.6807034520,4157682.8524864400,-0.9706599659079386
329943.6879800200,4157682.8590419102,-1.772800531222579
329943.6925747440,4157682.8630654402,-0.1601176803384528
329943.6951380710,4157682.8653066601,27.2819263087873
329943.6966365920,4157682.8668314498,13.83649593729172
329943.6984619890,4157682.8688175702,-0.2269648001096575
329943.7017985020,4157682.8724415600,-2.745747667209613
329943.7072023020,4157682.8781085000,-0.7265080543470558
329943.7144065410,4157682.8855642402,-0.809946052312462
329943.7234287060,4157682.8947272999,0.1952807610926588
329943.7335276950,4157682.9050388201,-0.9050813944735857
329943.7439480700,4157682.9154016301,-0.8403447815752395
329943.7537442030,4157682.9249142502,-0.8778882022143599
329943.7625670980,4157682.9332896201,-0.05869951562131067
329943.7706816680,4157682.9409820298,1.951107308160505
329943.7785214300,4157682.9487433098,1.140759467464378
329943.7866945710,4157682.9570467402,0.62439020686908
329943.7957487540,4157682.9663880300,-0.05383253943471656
329943.8061281110,4157682.9770804299,0.3003969430907983
329943.8179225000,4157682.9893476702,-0.6427082169299847
329943.8308688240,4157683.0025093299,-0.6381116834029216
329943.8444631420,4157683.0160019700,-0.9074236588466955
329943.8579030390,4157683.0288916798,-0.5738131408698444
329943.8702758520,4157683.0405177199,0.1362088552904727
329943.8806246990,4157683.0502834502,-0.2832383340264846
329943.8885790200,4157683.0577362399,0.181180367934976
329943.8954148080,4157683.0641646502,2.382505376122577
329943.9013538360,4157683.0699905702,3.429910725897406
329943.9070647360,4157683.0759200202,0.6741585609374937
329943.9136833990,4157683.0828751698,-0.6206527625386211
329943.9224157330,4157683.0919258902,-0.7006532739148603
329943.9338801320,4157683.1035698801,-0.01579232862226707
329943.9471920180,4157683.1170827602,-0.9806706685287988
329943.9624630490,4157683.1319835498,-0.1286342957297057
329943.9794897910,4157683.1485014302,-0.106562515041883
329943.9969351060,4157683.1653390401,-0.3214437163216545
329944.0142969430,4157683.1818382302,-0.2411856702296176
329944.0313051290,4157683.1978177498,-0.07590322337748336
329944.0469992700,4157683.2125125001,-0.2167961534226162
329944.0608207300,4157683.2253408101,-0.3865943911623691
329944.0725270270,4157683.2360605602,-0.2396094500945553
329944.0821575490,4157683.2448183801,-0.4490018242581459
329944.0894480180,4157683.2513802601,-1.658617918115106
329944.0947929010,4157683.2560569900,-1.509863208021205
329944.0992719400,4157683.2598991399,6.389212590008965
329944.1040049130,4157683.2642951100,3.45040115507797
329944.1099638990,4157683.2701200098,-0.0694103535859244
329944.1187206860,4157683.2786675398,0.6553806006203416
329944.1310167060,4157683.2909047399,-0.257199957977768
329944.1468990120,4157683.3065507198,-0.606071428783763
329944.1666422470,4157683.3254238400,-0.4092370087960833
329944.1895603260,4157683.3468113700,-0.5525404153421984
329944.2141736600,4157683.3689740901,-0.5808647899495156
329944.2388622900,4157683.3903647601,-0.3640186402123233
329944.2619573880,4157683.4099162198,-0.3206154799833987
329944.2819270720,4157683.4265151499,-0.3582562756198575
329944.2973141430,4157683.4390927800,-0.2519646902989976
329944.3079448360,4157683.4477077601,-0.4492440396476909
329944.3147135930,4157683.4531369801,0.8875028917391324
329944.3192289040,4157683.4568066900,4.945282992272894
329944.3236711050,4157683.4606352602,0.5134008088067509
329944.3302315280,4157683.4663323001,0.6943504107613306
329944.3406656310,4157683.4755378398,0.482188775292301
329944.3551781900,4157683.4885509801,-0.4242252899277982
329944.3742565970,4157683.5053331899,-0.4623177442163009
329944.3979572190,4157683.5256373300,-0.5811794110581543
329944.4250718940,4157683.5479745399,-0.5748702120928501
329944.4542488290,4157683.5710097202,-0.4019989048904017
329944.4831155590,4157683.5931153400,-0.4039285904772849
329944.5098903570,4157683.6130271801,-0.2420486299229098
329944.5328742810,4157683.6298540998,-0.3768801066419946
329944.5506700090,4157683.6426248900,-0.7291644408572935
329944.5637982700,4157683.6517739701,0.04357621260845789
329944.5727596400,4157683.6580269602,0.5828472672939986
329944.5787851000,4157683.6622793199,2.902265927453041
329944.5844905220,4157683.6664879499,2.744971220430791
329944.5914363170,4157683.6718489202,0.3581411418823094
329944.6021233650,4157683.6801658599,-0.6835733527850645
329944.6171636240,4157683.6916051200,-0.4456464230775524
329944.6366986940,4157683.7061679298,-0.3491219614888111
329944.6603732350,4157683.7234737799,-0.2967437740998998
329944.6865322510,4157683.7422318398,-0.4829191311163715
329944.7141501090,4157683.7613790501,-0.3092129628030365
329944.7411107460,4157683.7796650100,-0.9247940505628859
329944.7668732990,4157683.7960616201,-0.2871703449046272
329944.7909642040,4157683.8111093598,-0.05764161094430405
329944.8124157830,4157683.8244624301,0.1040757218953453
329944.8322101100,4157683.8368535000,0.2755109006654226
329944.8517575580,4157683.8492650399,0.1629022188497698
329944.8717116090,4157683.8620418501,-0.5023042239013635
329944.8926166500,4157683.8750725598,-0.5111255977250594
329944.9145373480,4157683.8883484700,-0.3984353030340349
329944.9380514150,4157683.9022525302,-0.3956662685095147
329944.9617570150,4157683.9159259102,-0.3679423320953944
329944.9847338100,4157683.9288778701,-0.4315628261559818
329945.0056078630,4157683.9403483900,-0.5813129140714001
329945.0235782460,4157683.9499249500,-0.03338663860362784
329945.0379416540,4157683.9575680499,0.03156037208923328
329945.0491305520,4157683.9635284799,0.7089113077980191
329945.0587549360,4157683.9687594399,2.223090606722375
329945.0675364350,4157683.9738023300,-0.5909147459386084
329945.0767832780,4157683.9790373198,0.1163233050499071
329945.0879140050,4157683.9853588901,-0.09281664175499746
329945.1018485450,4157683.9932482298,-0.4487178492708215
329945.1191785600,4157684.0028768098,-0.3089836605252118
329945.1401447680,4157684.0143410200,-0.243033090177991
329945.1644208300,4157684.0274184798,-0.3362062856788856
329945.1913491430,4157684.0415877001,-0.2708451057200766
329945.2195559930,4157684.0561278001,-0.3113605514428172
329945.2477642130,4157684.0703184698,-0.4863599577478724
329945.2750100070,4157684.0835152799,-0.2534394459746615
329945.2999265930,4157684.0953591499,-0.5039394594418178
329945.3226104440,4157684.1057757698,-0.481256621443435
329945.3428563640,4157684.1147963000,-0.1593945929667787
329945.3606580660,4157684.1226571398,0.1077046574011094
329945.3768680550,4157684.1298539499,0.4058257530640135
329945.3924359270,4157684.1368977800,0.7432684572712499
329945.4080799010,4157684.1442181100,0.1821810254158986
329945.4238465900,4157684.1516567101,-1.33516530108053
329945.4406463830,4157684.1590971202,0.1411326075576555
329945.4582652290,4157684.1669563600,-0.4917669050199132
329945.4758145580,4157684.1745866002,-0.7728821537582929
329945.4928325050,4157684.1816937700,-0.2787391611003311
329945.5092430280,4157684.1884502601,0.07195723189816604
329945.5250496870,4157684.1949813198,0.06146964225826952
329945.5412303360,4157684.2016870701,0.3742580423896969
329945.5587202190,4157684.2090757899,0.2216658707965826
329945.5782510040,4157684.2174295201,-0.369770884972892
329945.6000974420,4157684.2265598299,0.09702455836874374
329945.6240021350,4157684.2366180001,-0.453802949189221
329945.6495499150,4157684.2470042300,-0.6217184479362799
329945.6756284450,4157684.2570851902,-0.8223339420843682
329945.7008219330,4157684.2661777199,-0.4951768716575506
329945.7243599650,4157684.2743338202,-0.1157790716147279
329945.7455420370,4157684.2816086500,0.125782207623816
329945.7643169990,4157684.2881126199,0.3066088142546471
329945.7820719500,4157684.2943814602,-0.01624189575959226
329945.7993685320,4157684.3004825902,0.4782291397875931
329945.8168856130,4157684.3068361902,0.07967061674701519
329945.8352959390,4157684.3135455200,-0.4206873952452107
329945.8556460530,4157684.3207626799,-0.7153581440688351
329945.8781956810,4157684.3283501300,-0.5249161982813909
329945.9016250650,4157684.3359036101,-0.6491327966266692
329945.9249275570,4157684.3430092898,-0.2159658017224068
329945.9474600630,4157684.3497530399,0.1575390705769718
329945.9681824900,4157684.3560354798,0.0122050872042815
329945.9869625950,4157684.3617342301,0.05032184634871611
329946.0037975960,4157684.3668599701,-0.1542208241659619
329946.0183825730,4157684.3712603301,-0.07523099395104173
329946.0315599980,4157684.3752203500,-0.5211831598690677
329946.0441153800,4157684.3788978802,-0.07473047234521492
329946.0575796010,4157684.3828268098,0.437662577615768
329946.0720811390,4157684.3871590402,-0.5600698271110809
329946.0880721480,4157684.3917816300,-0.05705896074563102
329946.1071180240,4157684.3972658399,0.4175044447342406
329946.1289449740,4157684.4037615601,-0.3109364811041363
329946.1540237550,4157684.4110180298,-0.3311672731245125
329946.1822969730,4157684.4189181402,-0.3367433138532656
329946.2124021320,4157684.4270003000,-0.4414071065727286
329946.2423057730,4157684.4345910898,-0.5320058093443449
329946.2703684620,4157684.4412421300,-0.4945562275780227
329946.2954882190,4157684.4468387500,-0.4535480265228955
329946.3160602630,4157684.4511936898,-1.088595878646419
329946.3317368250,4157684.4541838998,0.2521221184242948
329946.3433235360,4157684.4564360501,1.230898283907604
329946.3517360980,4157684.4581810902,3.55169188870091
329946.3594147230,4157684.4600098599,0.9589991374193738
329946.3688776720,4157684.4623483499,0.4371196840587587
329946.3824023960,4157684.4657650101,-0.3759686363510464
329946.4011965730,4157684.4703878802,-0.6154773732386144
329946.4259962630,4157684.4761264799,-0.4478106320298367
329946.4563470220,4157684.4827460898,-0.4355049238397372
329946.4892856370,4157684.4894456100,-0.5682107012091739
329946.5228036970,4157684.4955942500,-0.4245714411454983
329946.5546496770,4157684.5009734998,-0.3649869820179373
329946.5828728220,4157684.5054189400,-0.5298891799285406
329946.6061885690,4157684.5087621198,-0.4826909277340787
329946.6249931640,4157684.5112617798,0.5033650215142624
329946.6399249970,4157684.5133770201,1.332288669966935
329946.6509927570,4157684.5151431002,0.265035689305085
329946.6603462690,4157684.5166619401,1.144595499640876
329946.6700975330,4157684.5183565398,-0.9027928027101036
329946.6809190750,4157684.5201323102,-0.554352353148307
329946.6937220850,4157684.5221461300,-0.4462526643074956
329946.7090218990,4157684.5244533098,-0.08922820559422937
329946.7273605890,4157684.5271902899,0.1034882551298739
329946.7475237240,4157684.5302411001,-0.3622644823953388
329946.7684161170,4157684.5332417898,-0.3275553858892873
329946.7903272110,4157684.5362306498,-0.2192923159433139
329946.8112872850,4157684.5389885898,-0.4802567382909417
329946.8313163840,4157684.5414221301,-0.1869190486619202
329946.8503704940,4157684.5436661099,-0.2960258349427027
329946.8683950520,4157684.5456879502,-0.1985639895728539
329946.8859876820,4157684.5475979899,0.000953724105313767
329946.9027137950,4157684.5494142300,-0.3197538799503544
329946.9192978940,4157684.5511252400,0.6441001132263591
329946.9356117570,4157684.5529842800,-0.2566760395570505
329946.9514013760,4157684.5547173000,-0.1706531069141914
329946.9678733610,4157684.5564790699,-0.4034290650147568
329946.9845285060,4157684.5581473401,-0.6727515820390647
329947.0013538050,4157684.5596406199,-0.3441818429590306
329947.0182643260,4157684.5610421998,0.03531483092703994
329947.0347342410,4157684.5624170699,0.2819130753228798
329947.0506928340,4157684.5638230098,0.1063252077211247
329947.0652630180,4157684.5651305602,-0.4780523441934534
329947.0786721320,4157684.5662432299,-0.4442726318595899
329947.0911844160,4157684.5672087399,-0.1241475032637122
329947.1035306660,4157684.5681422199,0.0627554461064256
329947.1167200780,4157684.5691501098,0.2722107937265945
329947.1318601620,4157684.5703659798,0.0146352714453812
329947.1495426070,4157684.5717903101,-0.203230713204562
329947.1697814780,4157684.5733418502,-0.1622891857551163
329947.1924418540,4157684.5749994800,-0.2009900086982425
329947.2167897980,4157684.5766646699,-0.4943243959072476
329947.2423678860,4157684.5780965202,-0.4176892985950583
329947.2683427320,4157684.5792698399,-0.5088162216450804
329947.2934629580,4157684.5800772700,-0.5209677786852759
329947.3171526890,4157684.5805372102,-0.2098123118248306
329947.3392886020,4157684.5808605198,-0.14592006719345
329947.3599057870,4157684.5810973202,0.01754326654886315
329947.3792257060,4157684.5813259901,0.1019250902446202
329947.3974983430,4157684.5815772801,0.07328854233733088
329947.4157590470,4157684.5818528598,-0.167999980384197
329947.4343156400,4157684.5820754999,-0.3257623508046585
329947.4531954860,4157684.5821868801,-0.7883535260961866
329947.4727690150,4157684.5820056498,-0.419718748314064
329947.4935150750,4157684.5816379702,-0.1507764678346492
329947.5155571400,4157684.5811761799,-0.110313162716685
329947.5382293580,4157684.5806452301,-0.2388083288009073
329947.5612624000,4157684.5799799999,-0.0571362235419905
329947.5845558580,4157684.5792763801,-0.1769251995619988
329947.6071939310,4157684.5785004301,-0.1828321970171297
329947.6283463280,4157684.5776905599,-0.647346655202476
329947.6474054340,4157684.5767120202,-0.985666019178072
329947.6647793760,4157684.5755063202,-0.3243005193090781
329947.6800716460,4157684.5743634501,0.05414419358213172
329947.6925270140,4157684.5734420302,-0.5011919478175029
329947.7030815530,4157684.5725998301,1.757346210463037
329947.7128252890,4157684.5719974400,1.459902881066897
329947.7227822950,4157684.5715256999,0.5272420621352606
329947.7340019540,4157684.5710569602,-0.6075756727425274
329947.7479249360,4157684.5703686001,-0.2914885217476136
329947.7661958490,4157684.5693792002,-0.4667697258413761
329947.7888811780,4157684.5679327701,-0.3358110218155051
329947.8155096630,4157684.5660128999,-0.3495141736561607
329947.8456489840,4157684.5635382198,-0.4860262178027934
329947.8779448620,4157684.5603904799,-0.3578159958733351
329947.9110319140,4157684.5567723499,-0.2918426703082685
329947.9427916320,4157684.5529929399,-0.4058426523075944
329947.9719445550,4157684.5491548702,-0.3669883852676752
329947.9976881940,4157684.5454990100,-0.2716207619923972
329948.0186988440,4157684.5423776298,-0.8796386464451967
329948.0349671600,4157684.5396841401,-0.6291469999142595
329948.0477463650,4157684.5374464500,0.2311567687115513
329948.0576331910,4157684.5357423099,0.6366566304063882
329948.0659161280,4157684.5343646100,2.728564590290228
329948.0743132870,4157684.5331659098,1.823400464358033
329948.0836669970,4157684.5319861602,0.4379602098565794
329948.0945446050,4157684.5306635099,-1.075753888047248
329948.1069998410,4157684.5289888401,-1.31049143749552
329948.1220706120,4157684.5266821501,-0.3061338149476581
329948.1394665080,4157684.5239299699,-0.4382216035607609
329948.1580017490,4157684.5208458002,-0.4058524653035754
329948.1778403820,4157684.5173834800,0.09452543141033154
329948.1982157200,4157684.5138679799,0.008741875141713177
329948.2182844380,4157684.5104090902,-0.1866070794698351
329948.2374031720,4157684.5070408201,-0.2987924074794377
329948.2556172260,4157684.5037254202,-0.3909256070671016
329948.2729327080,4157684.5004470600,-0.3743755543422208
329948.2890387210,4157684.4972912702,-0.4021715125495049
329948.3036971350,4157684.4943229901,-0.4318718160467596
329948.3170822310,4157684.4915263001,-0.2984318539334281
329948.3289467650,4157684.4889996001,0.3523059669790934
329948.3393077040,4157684.4868364101,0.4155189075814826
329948.3486951410,4157684.4849174800,1.334367975364748
329948.3577733760,4157684.4831802398,0.2367034368610071
329948.3667754600,4157684.4814778902,0.0350339838307524
329948.3768047700,4157684.4795848099,-0.3595801339328498
329948.3884151650,4157684.4773456301,-0.2215000630641494
329948.4015706380,4157684.4747703201,-0.539496043879406
329948.4169028770,4157684.4716439298,-0.06350994244187039
329948.4349417680,4157684.4679453000,-0.2336161369661177
329948.4560161640,4157684.4635217101,-0.02585260442375604
329948.4796208850,4157684.4585524499,-0.4377010972468646
329948.5059167940,4157684.4527090401,-0.340214368754168
329948.5346072300,4157684.4460440902,-0.2879970123553923
329948.5643326790,4157684.4388673101,-0.4285014698211574
329948.5932074970,4157684.4314993299,-0.5250596927755924
329948.6203105300,4157684.4241430298,-0.4305358218068056
329948.6442010020,4157684.4173655701,-0.4654355428649701
329948.6634170340,4157684.4116967502,-1.048641684388179
329948.6777483960,4157684.4071809500,0.3161350659240991
329948.6882236860,4157684.4039274501,0.2994376422036296
329948.6951859120,4157684.4017859101,3.559906941514767
329948.6999107630,4157684.4004441202,6.254480562585393
329948.7037536830,4157684.3994672000,1.922142409534139
329948.7080267550,4157684.3984174300,-3.129081149009698
329948.7135870640,4157684.3969574301,-1.246827474098634
329948.7210633220,4157684.3949269601,-0.814826529721859
329948.7309189190,4157684.3921726099,-0.7678644594607962
329948.7423941800,4157684.3888600199,-0.2227008421731825
329948.7555926410,4157684.3850090499,-0.1221550334774138
329948.7702473540,4157684.3807049799,0.01025605345148472
329948.7859230450,4157684.3761038100,-0.1234867692347303
329948.8026470160,4157684.3711570399,-0.2837793956379777
329948.8207486350,4157684.3657010999,-0.2542554137995253
329948.8398615300,4157684.3598370999,-0.326297672655848
329948.8595108030,4157684.3536658799,-0.4072148331563439
329948.8784466640,4157684.3475467400,-0.6118973134105488
329948.8957151360,4157684.3417431498,-0.2587730371844131
329948.9109352990,4157684.3365526702,-0.7361055257192426
329948.9230367370,4157684.3322814698,-0.6936482462995265
329948.9318758740,4157684.3290848401,-0.2889045974314036
329948.9372757550,4157684.3271186301,-3.471713518623376
329948.9403161260,4157684.3259574501,17.41809684307419
329948.9426307380,4157684.3252025400,14.36812982496036
329948.9455356890,4157684.3243795000,-7.05180865043702
329948.9512067580,4157684.3225771701,-0.9388319264453178
329948.9612254590,4157684.3193075201,-0.04040240174857695
329948.9772300220,4157684.3140745601,-0.3600148646219727
329948.9986918440,4157684.3068880700,-0.418236002065654
329949.0239248490,4157684.2981482600,-0.419217918477918
329949.0507952090,4157684.2884913501,-0.5802430455809738
329949.0767294300,4157684.2786898799,-0.5422643872438444
329949.0997861510,4157684.2695987201,-0.5438586881319243
329949.1186244430,4157684.2619023998,-0.8910399564660667
329949.1345912810,4157684.2550638998,-0.2397571490381727
329949.1488500380,4157684.2488902798,0.8135702622091164
329949.1620851050,4157684.2433499601,0.6607303156252866
329949.1749743410,4157684.2380953198,0.1942365269854757
329949.1895694250,4157684.2321942202,-0.1698022365659582
329949.2060572340,4157684.2254731501,-0.5969977751173082
329949.2232927500,4157684.2182272999,-1.277532595314263
329949.2411070580,4157684.2102208198,-0.6224044637673438
329949.2596381200,4157684.2016136101,-0.5241687479904721
329949.2772496780,4157684.1932082199,-0.303711349088691
329949.2920742330,4157684.1860332498,-0.6497461154953522
329949.3038479660,4157684.1801943998,1.322729095055212
329949.3137545190,4157684.1754768500,1.51495908630888
329949.3206663690,4157684.1723039299,1.263438532222797
329949.3264085040,4157684.1697287699,-1.011060861002855
329949.3334417860,4157684.1665144800,-1.52812117102587
329949.3430207680,4157684.1619735099,-0.6493128327462006
329949.3561896940,4157684.1555980700,-0.1969344310672209
329949.3717223680,4157684.1480179299,-0.7315231473480396
329949.3900703020,4157684.1387473200,0.06392138288525351
329949.4099201280,4157684.1287519000,-0.297894457227351
329949.4283375400,4157684.1193297300,-0.4344570449106837
329949.4455094300,4157684.1103553502,-0.6062213258834881
329949.4597432200,4157684.1027202201,-0.7609986518391074
329949.4708930300,4157684.0965806399,-0.879007218740412
329949.4787119490,4157684.0921774898,-1.898996434613282
329949.4830320330,4157684.0896686302,-2.563846811067246
329949.4858115440,4157684.0880149901,48.82068380683149
329949.4862550300,4157684.0878031300,-1154.252895931341
329949.4860579740,4157684.0878590601,-34.74097064827858
329949.4867189710,4157684.0876774001,-93.4952349282965
329949.4894893150,4157684.0863590101,-4.807290514829356
329949.4952084170,4157684.0834758300,-1.601540674443986
329949.5040729750,4157684.0788599500,-0.6177661014639093
329949.5165113620,4157684.0722651100,-0.3294991583460552
329949.5323423640,4157684.0637641200,-0.413478654021545
329949.5508347720,4157684.0536408098,-0.3039101074772368
329949.5712496490,4157684.0422852300,-0.6054238350236711
329949.5919533040,4157684.0303781801,-0.100434802189995
329949.6117721540,4157684.0189179601,-0.345387280088535
329949.6285229360,4157684.0090677701,-0.5655768909966297
329949.6409726710,4157684.0015849699,-1.323620569530986
329949.6480474670,4157683.9971857001,-20.92006996160425
329949.6495869950,4157683.9959809300,-329.5747378069798
329949.6467628380,4157683.9973420599,-10.56633217368184
329949.6409024660,4157684.0005510701,-2.605337496813128
329949.6342837070,4157684.0043373699,-0.6726070057535615
329949.6286982260,4157684.0075677698,-22.442498862957
329949.6266152060,4157684.0090727299,-592.4976001197873
329949.6293934850,4157684.0079237102,-15.36657019817483
329949.6357688960,4157684.0046833800,-3.286106163715735
329949.6454727220,4157683.9993802598,-1.242321367647978
329949.6572421380,4157683.9927129000,-0.9539236116970499
329949.6692796660,4157683.9856837802,-0.7214899717364979
329949.6796483210,4157683.9794979701,-2.214673861379373
329949.6867345290,4157683.9750499302,-5.225835938723016
329949.6916497800,4157683.9717020402,21.68552515767848
329949.6944426730,4157683.9701801799,137.7207950741639
329949.6950821050,4157683.9700285401,-130.6869137969275
329949.6968525460,4157683.9692761800,-20.39858561825979
329949.7006832000,4157683.9673534902,-5.347925870419441
329949.7074596330,4157683.9636755502,-1.24004271423667
329949.7170083050,4157683.9583491599,-0.8894371533340028
329949.7287028770,4157683.9516583001,-0.4253780863192823
329949.7424910910,4157683.9436546802,-0.3659765461111475
329949.7553599700,4157683.9360871902,-0.1334856468997427
329949.7666563170,4157683.9294159301,-0.1214465122786537
329949.7757075040,4157683.9240530501,-0.8956559197382518
329949.7829610090,4157683.9196715201,0.3784851477940796
329949.7897911550,4157683.9155746698,2.005858364322219
329949.7967452630,4157683.9115537498,0.3162006765384824
329949.8045087110,4157683.9070926402,-0.1121414166892712
329949.8140187190,4157683.9016137598,-0.3059631809063424
329949.8256127800,4157683.8948764899,-0.2126927849672181
329949.8391027580,4157683.8869816801,-0.4170691501350542
329949.8543411820,4157683.8779207198,-0.4662802190986024
329949.8710578520,4157683.8677830901,-0.3616133458568682
329949.8885422630,4157683.8570057601,-0.2496461962978931
329949.9055478810,4157683.8464043201,-0.3494939080533907
329949.9217290130,4157683.8361623301,-0.186293243126772
329949.9367533320,4157683.8265799298,-0.2974021070998614
329949.9503346960,4157683.8178209802,-0.3910707489195871
329949.9625888910,4157683.8098130501,0.05132943706550119
329949.9738843180,4157683.8024432901,0.1597100501335971
329949.9847312590,4157683.7953987299,-0.05878496070816724
329949.9952269790,4157683.7885711002,-0.2381256767594822
329950.0058525960,4157683.7816134701,0.1188555167108603
329950.0169004730,4157683.7744036098,-0.1406534082253909
329950.0284517840,4157683.7668338902,-0.03991399927635077
329950.0406934390,4157683.7588018398,-0.4197032110400396
329950.0540502650,4157683.7499145400,-0.2575915870101241
329950.0690137240,4157683.7398632201,-0.02231658095926586
329950.0852556080,4157683.7289432599,-0.2319523423856703
329950.1027510700,4157683.7170601198,-0.21130986695017
329950.1216642240,4157683.7040849202,-0.2719661430317669
329950.1412386890,4157683.6904721102,-0.2596367591946242
329950.1607266180,4157683.6767397299,-0.4226472478095397
329950.1792334550,4157683.6634237901,-0.5000163927035715
329950.1968649780,4157683.6504361802,-0.2477912391395045
329950.2135079430,4157683.6380405598,-0.3394745428939714
329950.2283873160,4157683.6268029800,-0.4788756114941893
329950.2419222280,4157683.6163978302,0.3609473014370109
329950.2547506520,4157683.6066574599,0.4413418429015603
329950.2670972550,4157683.5974176400,0.314124292027434
329950.2798014130,4157683.5880070999,-0.2552789075024617
329950.2938012900,4157683.5775443502,-0.4221920664060927
329950.3103266680,4157683.5649850401,-0.2322536481587298
329950.3303091980,4157683.5496293600,-0.285770435260765
329950.3536040570,4157683.5314366501,-0.2454897342485136
329950.3791100060,4157683.5112021798,-0.2801789057408419
329950.4051238730,4157683.4901699000,-0.4026902055066691
329950.4294576460,4157683.4699629899,-0.4611816552889286
329950.4516028790,4157683.4510430498,-0.5874706255702677
329950.4698122120,4157683.4349848600,-1.232547916822237
329950.4841246100,4157683.4216589602,-0.5705523539384196
329950.4955166950,4157683.4108360698,1.481020289001737
329950.5044317830,4157683.4027086701,2.195242899503192
329950.5118678290,4157683.3962501702,5.402126530852363
329950.5191915770,4157683.3905256698,-2.86031934581014
329950.5285323340,4157683.3827515198,0.3310658458902578
329950.5419450860,4157683.3716988601,-0.8799135064232394
329950.5589357780,4157683.3571919398,-0.3977643722133413
329950.5804331200,4157683.3384579401,-0.3959179027791887
329950.6057004830,4157683.3158833901,-0.1361404826643842
329950.6324192550,4157683.2917826399,-0.4950620713348031
329950.6582134180,4157683.2676769602,-0.5822978980912844
329950.6814138610,4157683.2451228299,-0.579689379484945
329950.7018597740,4157683.2245264701,-0.2040051640719907
329950.7189844400,4157683.2070865999,-0.2377356474715017
329950.7332756750,4157683.1923759002,0.2451567136111683
329950.7460393160,4157683.1793618500,0.7544129499247817
329950.7583178620,4157683.1671735402,0.4501588300970961
329950.7704322110,4157683.1553321802,0.2249680862660947
329950.7837207050,4157683.1424463498,-0.1620207260755492
329950.7989252870,4157683.1276071798,-0.474391061564812
329950.8161160560,4157683.1104632402,-0.5575358338612574
329950.8347412630,4157683.0913533699,-0.4621509003006512
329950.8541784270,4157683.0708975201,-0.3224654527976454
329950.8734016620,4157683.0502948500,-0.1799364877308059
329950.8915654540,4157683.0306336898,-0.2821458571123066
329950.9081645370,4157683.0124026500,-0.1447685307322026
329950.9229742460,4157682.9960259600,0.1783133977653137
329950.9358937010,4157682.9818447498,-0.1943859000874557
329950.9474587480,4157682.9690596000,0.06455227199499752
329950.9585331820,4157682.9568435801,0.5862529736018085
329950.9697388290,4157682.9447205602,-0.4384169186648939
329950.9812619230,4157682.9320682902,-0.2341282858458192
329950.9935031710,4157682.9185151700,0.4603640228315025
329951.0063142460,4157682.9045730201,0.06393343878364281
329951.0194555700,4157682.8903065901,-0.654396650541919
329951.0328879200,4157682.8753405400,-0.05053529384531717
329951.0468021050,4157682.8598053199,-0.392033718654334
329951.0605968900,4157682.8441476100,-0.2941606469581518
329951.0744147470,4157682.8282673899,0.166279065070596
329951.0890855470,4157682.8115290101,0.4706923399612674
329951.1047384880,4157682.7940530502,-0.2941415511296775
329951.1211010630,4157682.7755222502,-0.164015513386789
329951.1381763730,4157682.7560216398,-0.2691626664828722
329951.1558648590,4157682.7355276900,-0.2516407500811776
329951.1734162190,4157682.7149102902,-0.2960796318907463
329951.1900567780,4157682.6950492500,-0.37291188630375
329951.2049740080,4157682.6769082299,-0.5908617525144528
329951.2173183240,4157682.6614991501,-1.022374290919538
329951.2264988710,4157682.6496124500,-0.1376402752180419
329951.2328591030,4157682.6413475298,-1.944384535401294
329951.2368847460,4157682.6359315598,4.661811608694712
329951.2403560340,4157682.6315318602,10.13103503643492
329951.2442635170,4157682.6271319501,4.721540774399394
329951.2494371320,4157682.6216651802,-0.4992229021730892
329951.2567140380,4157682.6139057698,-0.2850431553586431
329951.2664851590,4157682.6034121499,-0.9605785562650716
329951.2783949480,4157682.5902194902,-0.8690480278616346
329951.2918763470,4157682.5747772101,-0.7882708527243111
329951.3058913260,4157682.5581739098,-0.3504127305077146
329951.3192906540,4157682.5420569400,-0.2084810882880588
329951.3308530400,4157682.5280335001,-0.1473298810602648
329951.3400713970,4157682.5167979700,0.5482161262660714
329951.3464286600,4157682.5091547500,0.38003609242719
329951.3495603370,4157682.5054110899,-112.7826791679134
329951.3498146540,4157682.5047725402,-1814.678524264084
329951.3490295400,4157682.5054194899,-124.0278184518353
329951.3486577620,4157682.5057909298,10.36127430611195
329951.3500064330,4157682.5044238698,-3.279373328699797
329951.3545850340,4157682.4996510600,2.97854413927515
329951.3628493500,4157682.4914915599,-0.3909426446783224
329951.3746605980,4157682.4797003600,-0.09519195547116714
329951.3892733490,4157682.4650604199,-1.083185072642686
329951.4051953700,4157682.4483337798,-0.7217213116844363
329951.4206303840,4157682.4315716201,-1.061347121571141
329951.4334519050,4157682.4170063301,-1.555110547643987
329951.4432056670,4157682.4053051500,-0.3583896055146616
329951.4496112740,4157682.3975494099,-6.817275471490081
329951.4527616020,4157682.3933006702,5.120286626031707
329951.4547873440,4157682.3906906499,43.97682566483912
329951.4564394690,4157682.3890345399,40.68231691723309
329951.4593969510,4157682.3867267799,-3.836868828890465
329951.4644446130,4157682.3826257400,-5.848010959319304
329951.4724919770,4157682.3753807200,-1.589361732016489
329951.4834663670,4157682.3650841401,-2.128014948923122
329951.4958366820,4157682.3526437199,-1.62840472219692
329951.5093411270,4157682.3382113199,0.07039207488686802
329951.5235284420,4157682.3230923801,0.2286906160319276
329951.5377134210,4157682.3081184798,0.5810989418493546
329951.5519256970,4157682.2934696102,0.6679202340284914
329951.5660590170,4157682.2792903101,0.3773337405414348
329951.5800804180,4157682.2654326302,-0.17639555581934
329951.5938967590,4157682.2516828501,0.0164440841210281
329951.6075102200,4157682.2381435898,-0.9135139065090584
329951.6210547910,4157682.2241886999,-0.9247761737541939
329951.6339614770,4157682.2104106699,-0.9061883143455137
329951.6455096230,4157682.1976718400,-0.1814046015215866
329951.6555172300,4157682.1865674998,1.001933574964828
329951.6641830040,4157682.1772162798,2.106168353331269
329951.6720971720,4157682.1690991302,2.922056928704831
329951.6799522190,4157682.1615494699,-0.350644537930526
329951.6883445160,4157682.1534192902,-0.02618120442956574
329951.6986393450,4157682.1434391998,0.02950732768947822
329951.7113488310,4157682.1311299200,-0.4447320786467861
329951.7261603930,4157682.1165370401,-0.5891689863776872
329951.7424719460,4157682.1000443501,-0.2159611178384659
329951.7593894610,4157682.0827630199,-0.2105836722817372
329951.7756427910,4157682.0659930599,-0.3170500606053908
329951.7904669610,4157682.0504786600,-0.3816244794011326
329951.8036190670,4157682.0364986602,-0.4335971959714381
329951.8148932580,4157682.0243269401,0.5372248919894698
329951.8242642290,4157682.0143734799,1.430004272921111
329951.8319882060,4157682.0064547500,1.260591156211775
329951.8385398520,4157681.9999078298,1.572535513794745
329951.8445938430,4157681.9940243298,-2.146546650273904
329951.8510334820,4157681.9875251800,0.04393709580288592
329951.8591543090,4157681.9793367502,0.9385207057691082
329951.8695667370,4157681.9690920901,0.7014448753150216
329951.8828713480,4157681.9563020598,-0.08213092803823759
329951.8993397770,4157681.9404167002,-0.02963347957447863
329951.9186287070,4157681.9217832601,-0.2923127508280975
329951.9393387590,4157681.9014476100,-0.6580554817824362
329951.9601161880,4157681.8802420599,-0.4408508978699018
329951.9804735290,4157681.8589158198,-0.2429876444067685
329951.9989620520,4157681.8392794402,-0.5789626140698027
329952.0142728200,4157681.8225424802,-0.6146799487457744
329952.0261774730,4157681.8091986100,-0.4097762292219219
329952.0346913660,4157681.7995334798,0.2384723413956158
329952.0404073080,4157681.7930780798,3.89102027888166
329952.0443965240,4157681.7888203100,7.20626574591354
329952.0478632590,4157681.7853951501,5.427882718996194
329952.0519737400,4157681.7815590799,3.665403340486673
329952.0571697870,4157681.7769293999,-2.998753176803536
329952.0638243220,4157681.7707061898,-0.8366036027684498
329952.0723940420,4157681.7625500401,-1.55602719429483
329952.0824590670,4157681.7525750301,-0.9888208771256313
329952.0940192440,4157681.7407651301,0.527802147453843
329952.1069012100,4157681.7278442299,0.2900756352307614
329952.1207988970,4157681.7140566399,0.2333735504805232
329952.1360344480,4157681.6990855099,0.2733283522695414
329952.1522410640,4157681.6833503800,-0.1946983952960137
329952.1689116670,4157681.6670193402,-0.4113162457838862
329952.1856663420,4157681.6502854102,-0.2616397965150022
329952.2019242790,4157681.6338475500,-0.4136595472925301
329952.2174437110,4157681.6178588201,-0.6894297373811735
329952.2316486900,4157681.6027835300,-0.272183853230923
329952.2440490380,4157681.5894830702,-0.3464665584694522
329952.2543261600,4157681.5783314798,0.7463440153837013
329952.2629189280,4157681.5691988599,1.182155295166622
329952.2710607940,4157681.5607902301,2.353260850798887
329952.2795042090,4157681.5525395800,-0.4249580834816181
329952.2886519760,4157681.5435064700,0.01334371629960324
329952.2992878810,4157681.5330077698,0.2477966178091
329952.3116212300,4157681.5209303098,-0.1182286751795448
329952.3253982490,4157681.5073806401,-0.5685654175580759
329952.3399756500,4157681.4927139701,-0.9190846878580665
329952.3542507190,4157681.4777952400,-0.3344721370378929
329952.3677540160,4157681.4634912298,-0.1324152525503454
329952.3798454180,4157681.4506192501,0.5331885441575566
329952.3909507990,4157681.4390079500,0.6063185691618082
329952.4013933330,4157681.4282933101,0.2625234752303303
329952.4112428360,4157681.4182638698,0.4312844548238449
329952.4213978670,4157681.4080494801,0.8840783664064239
329952.4322357190,4157681.3974296502,-0.1165811198986241
329952.4443254990,4157681.3855386102,-0.3737221436697274
329952.4580282840,4157681.3718769499,-0.3678164595904259
329952.4731269370,4157681.3565958198,-0.3348316404200832
329952.4893705890,4157681.3399075000,0.1364309625058636
329952.5056130420,4157681.3233259702,-0.4608889636615334
329952.5210840790,4157681.3071966302,-0.0766242154326837
329952.5354515790,4157681.2921681399,-0.3463357504631668
329952.5480314060,4157681.2788298000,-0.3534978312596923
329952.5593049980,4157681.2667278699,0.3675981505576728
329952.5697777540,4157681.2556165801,-0.02331865752870912
329952.5801241000,4157681.2446316201,1.074338055712792
329952.5911218440,4157681.2333361502,0.8358615195202145
329952.6028118860,4157681.2216494498,0.2103362492782777
329952.6152856170,4157681.2092684200,-0.4439438931354124
329952.6287718330,4157681.1956623499,-0.6260055986739506
329952.6431736800,4157681.1807651301,-0.5224971126513763
329952.6578067600,4157681.1652923999,-0.3427103078804268
329952.6720257990,4157681.1500382698,0.03967576279337512
329952.6849890100,4157681.1361534102,-0.02766573049124986
329952.6960601150,4157681.1242835899,0.5589732964870379
329952.7051345620,4157681.1147134602,-1.044626611237454
329952.7122945940,4157681.1069723498,-0.743677537585526
329952.7190788570,4157681.0995237399,1.996190254754756
329952.7263816260,4157681.0918310001,1.137540209399742
329952.7350746500,4157681.0829110602,1.839071335907573
329952.7461112310,4157681.0721522500,0.3449341253592506
329952.7591930270,4157681.0595466299,-0.6226746812820199
329952.7739881930,4157681.0449398202,-0.6826808292780278
329952.7896577250,4157681.0290073999,-0.9148913114824042
329952.8058657560,4157681.0118189501,-0.3322711309685424
329952.8225040760,4157680.9938893602,-0.007029462079313993
329952.8387070580,4157680.9764229502,-0.004975922171323577
329952.8540745310,4157680.9598533600,0.03200355386555605
329952.8681489190,4157680.9446990700,0.333631945720097
329952.8806565600,4157680.9314059401,0.08177232227160176
329952.8917933270,4157680.9196031601,-0.09291120039083488
329952.9019605170,4157680.9087967402,-0.09000638323846474
329952.9116809600,4157680.8984380602,-0.2812508268618717
329952.9208521630,4157680.8885881701,-0.3409126347053197
329952.9297778280,4157680.8789143399,0.5563745633759174
329952.9388762680,4157680.8691978198,0.5676804663429208
329952.9483290200,4157680.8592568901,-0.008923833126387528
329952.9584512740,4157680.8486091802,0.3845322189602647
329952.9697030100,4157680.8369133901,0.2252987685533258
329952.9823504870,4157680.8238683301,0.2308723602580393
329952.9963286110,4157680.8095773002,-0.3074602377906682
329953.0112833350,4157680.7940913001,-0.3458235244386728
329953.0267074950,4157680.7778745801,-0.5801504822550729
329953.0418078970,4157680.7615812900,-0.3420517661358506
329953.0563476000,4157680.7456554598,-0.1368974303723213
329953.0699516050,4157680.7306686300,-0.1980292820101466
329953.0827430270,4157680.7164661698,0.2187900721276277
329953.0947770170,4157680.7032130100,0.4070770738190957
329953.1059992450,4157680.6910267398,0.4943149239603845
329953.1166400040,4157680.6796545200,0.2672540448334595
329953.1271391220,4157680.6685260599,-0.07044998772847201
329953.1377430820,4157680.6572620398,-0.251736005804496
329953.1483837620,4157680.6458701100,-1.018807506714022
329953.1590313140,4157680.6340981601,0.2266467948919302
329953.1697958980,4157680.6222828398,0.295340991614211
329953.1802827910,4157680.6108792401,0.3026884990416337
329953.1903241650,4157680.6000599498,-0.3760182227949192
329953.1999159390,4157680.5896116300,0.6413608731276461
329953.2091324610,4157680.5797492601,-0.1120758354262228
329953.2176171540,4157680.5706435000,0.04441294640317236
329953.2255743700,4157680.5621129898,1.67560663325161
329953.2331914260,4157680.5542511600,-0.676366041455235
329953.2399689100,4157680.5471569002,-1.093166239707116
329953.2461042270,4157680.5406013299,-0.2702041837131725
329953.2522137860,4157680.5340414802,0.5506429055263293
329953.2588336990,4157680.5270063402,1.719571688845778
329953.2668856970,4157680.5187557498,1.603037510139667
329953.2771779920,4157680.5086395200,0.2372452858645057
329953.2900180550,4157680.4961156701,-0.1498532213856142
329953.3051862500,4157680.4812338701,-0.1365297998393078
329953.3219750910,4157680.4646608601,-0.8098733952214092
329953.3398819510,4157680.4462646199,-0.1441276445648303
329953.3583946270,4157680.4271019902,-0.5795122646262506
329953.3760769460,4157680.4082326698,-0.5078951610669422
329953.3929447660,4157680.3897598898,-0.2793002112023715
329953.4082709000,4157680.3727482799,0.1577848748902947
329953.4215220330,4157680.3581389501,0.3343429897606393
329953.4326331080,4157680.3460368202,0.944067259417971
329953.4417029580,4157680.3364312798,0.5003191397644725
329953.4499256010,4157680.3278318401,0.7204404314389116
329953.4573930220,4157680.3201485099,-2.619191138528753
329953.4646808460,4157680.3122150698,0.2996328040816488
329953.4730405470,4157680.3031777302,0.9621875336665587
329953.4824111380,4157680.2932976899,0.6161327984014704
329953.4931961210,4157680.2821289198,0.8037311762885233
329953.5052865100,4157680.2699331501,-0.5032825596851728
329953.5176988670,4157680.2571903099,-0.5434897203976509
329953.5304889030,4157680.2437978801,-0.1868897625893444
329953.5426609000,4157680.2309659598,-0.6997321173106924
329953.5545622510,4157680.2181057301,0.2714472720875094
329953.5662918910,4157680.2055501998,-0.335805406533619
329953.5769879460,4157680.1939733201,-0.03487805130104218
329953.5872397880,4157680.1828652401,0.9185471988904581
329953.5970241360,4157680.1725461902,0.1335423910412867
329953.6071006170,4157680.1619599401,1.188742303244102
329953.6182648220,4157680.1506489101,-0.5381203316978765
329953.6304205600,4157680.1381101902,-0.3274030227294056
329953.6444979330,4157680.1234082500,0.1696734527326232
329953.6597983660,4157680.1075436100,-0.3382477899729117
329953.6758045400,4157680.0906907902,-0.3808795627361281
329953.6918182370,4157680.0735267899,-0.246348022055162
329953.7069187080,4157680.0571576701,-0.4857854599170076
329953.7203960200,4157680.0422429601,-0.6202736127506691
329953.7318997300,4157680.0292109302,0.1073701846054309
329953.7417810340,4157680.0180558800,0.8819917409405754
329953.7498163940,4157680.0091983699,0.06847663912602095
329953.7566044300,4157680.0017271498,3.171148418164689
329953.7630896060,4157679.9950166801,0.3663604187940177
329953.7698916480,4157679.9880273999,0.02279725711802673
329953.7780463420,4157679.9796523298,-0.2232929055805479
329953.7878382860,4157679.9695377098,-0.1275032592507436
329953.8000643330,4157679.9568576100,0.3053299122100403
329953.8145048540,4157679.9420549702,-0.4458409829453959
329953.8305813680,4157679.9252491100,-0.104450972750852
329953.8483134840,4157679.9066173602,-0.3622006446396996
329953.8664423920,4157679.8872038801,-0.5203533157827351
329953.8848007290,4157679.8669838598,-0.01547124199417761
329953.9022917570,4157679.8477031202,-0.366041455048041
329953.9178571020,4157679.8302300102,-0.1893822204123213
329953.9317252960,4157679.8145298101,-0.1907266087692027
329953.9427986510,4157679.8019023398,-0.5154899259866838
329953.9510548370,4157679.7923421101,-0.5474740768984852
329953.9568611530,4157679.7855378701,-1.049843557920241
329953.9613186040,4157679.7802252700,8.370794108044288
329953.9659940200,4157679.7752631800,1.771462091220641
329953.9712710950,4157679.7698038602,-1.284637873077938
329953.9784077630,4157679.7622479601,2.274280296183259
329953.9881808850,4157679.7524557798,0.4963373748677387
329953.9996535120,4157679.7411304298,-0.9229953030125835
329954.0126251540,4157679.7279092199,-0.5354897740775855
329954.0264094620,4157679.7135675801,-0.642661934969803
329954.0394995910,4157679.6996017299,-1.517769124585927
329954.0504667160,4157679.6872472102,-0.5365031537340842
329954.0592105280,4157679.6772371600,-0.05457185721040751
329954.0658413090,4157679.6696363599,1.504776697671458
329954.0710348890,4157679.6638421300,4.194201345846349
329954.0758922230,4157679.6587506100,4.530658410486818
329954.0822230650,4157679.6525753802,1.003281652650702
329954.0913743730,4157679.6438395800,0.3822113677552771
329954.1043151080,4157679.6316295099,-0.2977386826608966
329954.1215815240,4157679.6151343300,-0.5112290062137566
329954.1422254250,4157679.5948725701,-0.5534165750255834
329954.1645269360,4157679.5722360201,-0.7094426702384791
329954.1870061790,4157679.5483484999,-0.5161402148413989
329954.2085303610,4157679.5246957401,-0.3609004227632167
329954.2277527280,4157679.5031004399,-0.2033499410320723
329954.2438686050,4157679.4847963401,-0.2888015158068012
329954.2563081320,4157679.4704881799,0.87171724521507
329954.2656200440,4157679.4600828500,2.568502655072212
329954.2720129830,4157679.4533546600,1.529079057875492
329954.2762148800,4157679.4490347998,-1.301293517498093
329954.2797983070,4157679.4452966298,-0.02198094348706855
329954.2837724260,4157679.4411499002,-2.149995097949915
329954.2891933620,4157679.4353241199,3.683475243740897
329954.2971490080,4157679.4273590902,-0.1364698785114724
329954.3075372200,4157679.4169216799,0.2700588267572392
329954.3207265720,4157679.4037886402,0.1392287050196566
329954.3361635050,4157679.3885037000,-0.2762255597395695
329954.3528476120,4157679.3717756202,-0.4275308346621591
329954.3698746750,4157679.3543497599,-0.3436442777417459
329954.3862594780,4157679.3373021199,-0.7932663608038388
329954.4013936780,4157679.3209705902,-0.378090747903626
329954.4145059280,4157679.3065951900,-0.220312884272184
329954.4252343810,4157679.2947405898,-0.6693447110228987
329954.4341419760,4157679.2847011099,1.994046520102754
329954.4428207520,4157679.2754183100,2.259002021583765
329954.4521583480,4157679.2660004101,0.7000904788950238
329954.4628506220,4157679.2554277400,0.1258991013932651
329954.4755562540,4157679.2429161202,0.07418875294606234
329954.4910921550,4157679.2276623398,-0.3789114448506846
329954.5088500840,4157679.2099143900,-0.6471921794796422
329954.5277412550,4157679.1903839698,-0.7446833264393898
329954.5468194950,4157679.1698309500,-0.6087962767287286
329954.5646119270,4157679.1500115702,-0.03757978606806036
329954.5799571600,4157679.1328860801,0.1019323868854158
329954.5921045830,4157679.1193864699,-0.6040687887596061
329954.6011279350,4157679.1091629099,0.6268177039398812
329954.6080255900,4157679.1014651400,2.054684902198582
329954.6133939830,4157679.0956950402,1.543751702163946
329954.6186492880,4157679.0901802802,2.726191474368277
329954.6255982020,4157679.0832271702,1.746708411288518
329954.6352603190,4157679.0739437500,-0.6534584285481878
329954.6474907960,4157679.0619557700,-0.3659007927135448
329954.6621768850,4157679.0473602000,-0.693165385859087
329954.6787840390,4157679.0303384801,-0.3765589543798166
329954.6966050190,4157679.0117284302,-0.4440876668186809
329954.7144996080,4157678.9926046501,-0.2399178260431714
329954.7316027800,4157678.9740992999,-0.2561959202592716
329954.7471408600,4157678.9570774999,-0.08318951578397837
329954.7603636020,4157678.9425403601,0.2089309302802841
329954.7714594780,4157678.9304334801,0.2801870808254435
329954.7803589960,4157678.9208033802,0.05678709002977875
329954.7879625010,4157678.9125870699,0.6872091695823707
329954.7954055370,4157678.9046654901,1.25465028362485
329954.8033637110,4157678.8964298498,0.5541842776478039
329954.8122615030,4157678.8873443902,0.8571665562795766
329954.8225984330,4157678.8770337300,-0.4026092688739735
329954.8342790000,4157678.8652355601,0.2274202291734579
329954.8474840650,4157678.8520041802,-0.285751743555259
329954.8610164120,4157678.8382970002,-0.8942621928939629
329954.8747095400,4157678.8239330598,-0.1774047189341568
329954.8888276840,4157678.8090166599,0.2751016630748502
329954.9024520070,4157678.7947806800,-0.07480132975381745
329954.9151499560,4157678.7814747598,0.0510832095820502
329954.9266222420,4157678.7694746801,-0.5661728903749708
329954.9369420980,4157678.7584844101,1.077699574445399
329954.9465756590,4157678.7485402199,0.184598954636806
329954.9555989790,4157678.7392719002,-0.1284568115261195
329954.9656134730,4157678.7289493200,1.038701608245821
329954.9769655020,4157678.7176121301,0.1738831417251217
329954.9893346850,4157678.7053308100,-0.1698548672049185
329955.0029192610,4157678.6917585400,0.253573432754575
329955.0172949300,4157678.6775387600,-0.4817256437583884
329955.0318883280,4157678.6628160202,-0.6148897971209127
329955.0461926660,4157678.6480135000,-0.6090879841467652
329955.0601625830,4157678.6331914999,0.06304400709219835
329955.0736302520,4157678.6189384102,0.1469517638222933
329955.0861764640,4157678.6057342198,0.4284991405920507
329955.0974676360,4157678.5940253399,0.5078071759432342
329955.1080527260,4157678.5832223198,0.4755470809071118
329955.1180922260,4157678.5731182401,-0.1818844922686
329955.1275377960,4157678.5635639299,-0.8296815583647456
329955.1369220320,4157678.5538570699,0.6728790646985311
329955.1461956680,4157678.5444355998,-0.7362471577580747
329955.1555607010,4157678.5347322901,1.543831123483682
329955.1654808660,4157678.5248806099,-0.3969766024153492
329955.1755266430,4157678.5147918002,-0.4984631462495689
329955.1863866780,4157678.5037223198,0.6311172565807535
329955.1982703260,4157678.4918539398,0.2880581641633067
329955.2111918400,4157678.4790783599,0.4263741145872615
329955.2253671270,4157678.4652881501,-0.2795457212477271
329955.2401040460,4157678.4507884900,-0.4145778440059878
329955.2550203180,4157678.4358559302,-0.5399850507981855
329955.2691855170,4157678.4213548200,-0.3534010412363135
329955.2823176350,4157678.4077236699,-0.392100703117464
329955.2947136400,4157678.3946687402,0.09556126466565715
329955.3063451880,4157678.3824597001,0.2287298227688566
329955.3176366740,4157678.3706972701,0.8878081458292097
329955.3289712680,4157678.3592251898,0.936593902143313
329955.3406625980,4157678.3477469501,-0.3080619826926625
329955.3532356600,4157678.3352727001,0.1247465526289371
329955.3673065780,4157678.3213775000,-0.2744905185598021
329955.3822336790,4157678.3064704998,-0.3709939134656831
329955.3976064680,4157678.2908715499,-0.4787890392313001
329955.4129968690,4157678.2749216300,-0.2915033598537921
329955.4280339940,4157678.2591366400,-0.3218723388872122
329955.4420631840,4157678.2442075801,-0.02900202929615175
329955.4545744040,4157678.2308788500,0.1465083709436992
329955.4656996030,4157678.2190865600,0.8575268227091535
329955.4759792490,4157678.2084765201,0.361884813506352
329955.4857491660,4157678.1984969601,0.2169691659568517
329955.4954585680,4157678.1886388701,-0.1917845055955353
329955.5058440420,4157678.1780361901,0.2287469319608652
329955.5173496500,4157678.1663735602,0.4723443399733336
329955.5304620010,4157678.1532995701,0.1422242560109965
329955.5446545660,4157678.1392258098,-0.7658634936951628
329955.5595222650,4157678.1240091901,-0.1684017517701401
329955.5747650900,4157678.1082947799,-0.06460230988796087
329955.5892062170,4157678.0933657601,-0.4585103917794528
329955.6023175720,4157678.0795615301,0.1304338655453228
329955.6144549600,4157678.0668437001,-0.3697756351506363
329955.6253602020,4157678.0552743999,0.1133397202006484
329955.6353143820,4157678.0447504399,0.2903410593180353
329955.6446596850,4157678.0349503900,1.029060570699453
329955.6543617590,4157678.0250592101,1.335896308894655
329955.6650230950,4157678.0146002001,0.8381711811489977
329955.6762441270,4157678.0038697599,-1.078924130268728
329955.6877266050,4157677.9925073301,-0.09049114781829906
329955.6990930000,4157677.9812269802,-0.8430279997995619
329955.7100262840,4157677.9700832702,-0.912992380252489
329955.7206517180,4157677.9589421800,0.2597651186992276
329955.7312670710,4157677.9479001900,0.1604706430165092
329955.7418443500,4157677.9369516298,0.7250082985847665
329955.7528020990,4157677.9258599100,1.553855390411546
329955.7641961830,4157677.9148761500,0.7999857189260484
329955.7761661160,4157677.9036315298,-0.8700660217286298
329955.7887976370,4157677.8914087098,-0.2795773620729081
329955.8024016830,4157677.8781093801,-0.6241889760391233
329955.8164222620,4157677.8640662101,-0.5303049793450635
329955.8304034760,4157677.8497633901,-0.2414128944818703
329955.8443854860,4157677.8353205500,0.1502390004028933
329955.8580698650,4157677.8212692798,0.01302638308563738
329955.8712150410,4157677.8077784302,0.4073714588968607
329955.8836366670,4157677.7952183499,0.1269013620261785
329955.8961044760,4157677.7826680099,0.3357488463104
329955.9088695950,4157677.7699714699,0.05542384383995288
329955.9220764260,4157677.7568622199,-0.4149131428875276
329955.9357413210,4157677.7430826500,-0.2535565522395197
329955.9495458430,4157677.7290235399,-0.4995450036662929
329955.9630031210,4157677.7150476002,0.130514128688983
329955.9758640920,4157677.7017568899,-0.6101142475984215
329955.9878858150,4157677.6890574498,0.3747214106068982
329955.9991429970,4157677.6773152901,-0.108056957424725
329956.0092000310,4157677.6667899499,0.8200756344390134
329956.0187131490,4157677.6570613100,0.5419135195423023
329956.0281548310,4157677.6475460501,0.1676464168316291
329956.0383917060,4157677.6372775501,0.07487534279132892
329956.0503062940,4157677.6253541801,-0.2178165895895439
329956.0637733910,4157677.6117711100,0.3383281696871157
329956.0788823750,4157677.5967390998,0.1684236781547493
329956.0946152570,4157677.5812004399,-0.525693967124059
329956.1099525860,4157677.5656986302,-0.4618470797226849
329956.1243155500,4157677.5508942599,-0.8132427992040716
329956.1366226230,4157677.5378040499,-1.398673290401955
329956.1472232280,4157677.5259801699,0.6027427643556141
329956.1570612320,4157677.5152075700,1.130507362813743
329956.1669132060,4157677.5047679101,1.556574202124956
329956.1780084250,4157677.4935499299,1.667633518505356
329956.1908667540,4157677.4812572901,-0.2155622817441429
329956.2058059250,4157677.4668561099,-0.1396434703894941
329956.2228085730,4157677.4503636798,-0.684860596132335
329956.2409292090,4157677.4321824200,-0.7600432388905773
329956.2594582920,4157677.4128348599,-0.6465502336036307
329956.2774099190,4157677.3934327601,-0.519585508789872
329956.2931643020,4157677.3759557400,-0.599135924579046
329956.3060542910,4157677.3612799901,0.3895164311684031
329956.3157349950,4157677.3504046299,1.081452914026464
329956.3225190210,4157677.3429846601,2.611134587204499
329956.3281465960,4157677.3371156198,5.928158762462887
329956.3334959070,4157677.3320271899,-2.230464650522253
329956.3397226450,4157677.3258870500,1.794799248990982
329956.3482056620,4157677.3178236298,-0.3065956663868771
329956.3590374620,4157677.3074428602,-0.3369425030152663
329956.3726012770,4157677.2942944299,-0.453275533454749
329956.3880394080,4157677.2790511502,-0.9627636578478439
329956.4043970330,4157677.2621816201,-0.1396354155356048
329956.4215280930,4157677.2443950898,-0.07354650523022158
329956.4375938070,4157677.2276557600,0.02578476314151031
329956.4524320100,4157677.2122132001,0.1043448415140911
329956.4658044170,4157677.1983551201,0.2214014629143584
329956.4777609480,4157677.1860638601,-0.3456087508244656
329956.4886490410,4157677.1747430600,-0.164271244615586
329956.4988642140,4157677.1640685601,-0.273935939775598
329956.5097814850,4157677.1525641400,1.698670379601461
329956.5222215260,4157677.1401787200,0.4971087852488128
329956.5354580070,4157677.1272345600,-0.342005908704092
329956.5497997170,4157677.1130226701,-0.2581751523813516
329956.5649906450,4157677.0978063401,-0.5839509715587299
329956.5805828800,4157677.0817828001,-0.2892785404911692
329956.5965686330,4157677.0651373798,-0.2524931806485304
329956.6123112630,4157677.0485536400,-0.1740867762404502
329956.6279206640,4157677.0319788898,0.3836883257912121
329956.6423105830,4157677.0169527102,-0.1029114510255659
329956.6548877840,4157677.0037664901,0.03429258587097067
329956.6659294570,4157676.9922037399,-0.4284298965449694
329956.6750488750,4157676.9825332402,-0.5209261701126274
329956.6825739680,4157676.9744513901,0.8772084025529833
329956.6890013670,4157676.9676710302,0.04772997189360201
329956.6952074620,4157676.9611298698,2.681424599505189
329956.7022694980,4157676.9540566802,0.6566519588892329
329956.7103315800,4157676.9460941600,0.3456897547489264
329956.7202053420,4157676.9364267602,0.5459232975656934
329956.7320704770,4157676.9250002201,0.3351308941715703
329956.7458321000,4157676.9119040500,-0.4506119622038333
329956.7609089350,4157676.8972951500,-0.5827635332742369
329956.7763720410,4157676.8819335601,-0.7086607473177521
329956.7913838220,4157676.8665557299,-0.4311565999769528
329956.8047974110,4157676.8525706599,-0.4188113274719419
329956.8161870580,4157676.8405153300,0.1328019061571939
329956.8257025850,4157676.8304843102,0.04630703402490535
329956.8342474290,4157676.8214875101,1.801919331567298
329956.8430952210,4157676.8125816798,1.471660623780038
329956.8529271510,4157676.8030602001,0.5108264155491162
329956.8645857740,4157676.7919403999,0.4556069814369122
329956.8789106940,4157676.7784986398,-0.2989531932386621
329956.8955559840,4157676.7626790102,-0.5021085932892315
329956.9139234710,4157676.7447910300,-0.8165990183611438
329956.9323482750,4157676.7260702299,-0.7652426535381694
329956.9497414510,4157676.7076856699,-0.3371378697966215
329956.9654596140,4157676.6907978300,0.06752033012314794
329956.9783386070,4157676.6769996700,-0.4273759535390306
329956.9879692680,4157676.6665342599,0.5745837084797106
329956.9946221910,4157676.6594038801,0.1404334141554872
329956.9992321530,4157676.6544745401,7.794318331141864
329957.0032287970,4157676.6505925599,4.645442001006931
329957.0081899870,4157676.6460418901,-2.283986706272136
329957.0155422220,4157676.6390321502,0.2935208635285264
329957.0258814800,4157676.6292449599,0.5165767860359775
329957.0386702930,4157676.6173361000,-0.4457278486063229
329957.0530221220,4157676.6037476398,-0.756680049567467
329957.0680962570,4157676.5890270500,-0.3645352021687254
329957.0831267180,4157676.5741213299,-1.12229688527262
329957.0966156490,4157676.5601204298,-0.3985182329217476
329957.1089849990,4157676.5470885700,0.7764559598462044
329957.1204374920,4157676.5353406998,0.3453408059509834
329957.1310279760,4157676.5245946101,1.205393132754318
329957.1417111880,4157676.5141399000,1.270536778877601
329957.1527471870,4157676.5037456402,-0.2598095217183145
329957.1650872480,4157676.4920254201,0.2108163679592513
329957.1790242610,4157676.4788891701,-0.7810757796255168
329957.1942440740,4157676.4640836399,-0.6799487535480536
329957.2101479580,4157676.4481454701,-0.2565775457545657
329957.2257483100,4157676.4323310200,-0.3965942323930391
329957.2403372270,4157676.4172864300,0.05298017483902454
329957.2532378480,4157676.4040106698,-0.3516286391923197
329957.2637549070,4157676.3930587098,-0.1686372880871054
329957.2719165130,4157676.3845207901,-0.1838075236015954
329957.2781803870,4157676.3779428601,5.800015068082972
329957.2834095200,4157676.3729475699,0.7907189038920165
329957.2882660350,4157676.3683590600,0.1306908573067282
329957.2948321880,4157676.3621680001,-0.0497149386095442
329957.3039417930,4157676.3535695602,-0.3035578096084979
329957.3164608750,4157676.3416453698,0.1446765989075754
329957.3328462710,4157676.3261284400,-0.1711519676738863
329957.3522376950,4157676.3076087502,-0.1469722434782511
329957.3736263570,4157676.2870111000,-0.2560477181691486
329957.3944352640,4157676.2666676599,-0.9390739747463868
329957.4133701520,4157676.2471512598,-0.5051960227836095
329957.4298905730,4157676.2296765000,-1.15204158466087
329957.4424208470,4157676.2157504498,-1.315108454662677
329957.4517124600,4157676.2049623500,1.432993932758465
329957.4582782260,4157676.1976001500,5.690711228820747
329957.4629092100,4157676.1928735399,12.4673871802472
329957.4665961420,4157676.1896157600,13.8571492181909
329957.4696068890,4157676.1872640499,-15.16525173513768
329957.4736432450,4157676.1836278499,-2.718073658250891
329957.4790230310,4157676.1786092902,-2.540621642971469
329957.4855942930,4157676.1722160699,-0.5108902683353991
329957.4931011020,4157676.1648387802,-1.70841650260166
329957.5000175880,4157676.1578006302,-0.4955290908234768
329957.5058686800,4157676.1517925002,1.431510232335772
329957.5098900960,4157676.1477456298,-6.761508543733017
329957.5124736190,4157676.1449731998,10.31357225923044
329957.5155137970,4157676.1419712198,8.908169014441491
329957.5197902650,4157676.1381102698,1.411418207453336
329957.5264867860,4157676.1321893400,1.294944376384234
329957.5360576120,4157676.1239621700,-0.7650625611927984
329957.5485936270,4157676.1129392600,-0.4270084875772379
329957.5634535030,4157676.0996655500,-0.7123949775371333
329957.5792948540,4157676.0850889399,-0.7819844244181273
329957.5955055720,4157676.0696501401,-0.4508978654755956
329957.6111386460,4157676.0544616599,-0.3330880742349779
329957.6256062850,4157676.0402068901,-0.1599383979295194
329957.6388554370,4157676.0270710601,0.288938173714367
329957.6508462820,4157676.0153039601,1.178088714881816
329957.6618902180,4157676.0048673199,0.5259790886297849
329957.6721911630,4157675.9952818202,0.3197404847135408
329957.6827125680,4157675.9855798800,-0.05203308944551085
329957.6938906810,4157675.9752564798,-1.109378021939536
329957.7056319300,4157675.9640270602,-0.6206896081199601
329957.7182428220,4157675.9517094698,-0.06957473880687247
329957.7313735770,4157675.9388519302,0.06038519328459187
329957.7444300220,4157675.9260954098,0.2339911364126326
329957.7570284210,4157675.9138891199,0.2396647131378532
329957.7690384610,4157675.9023479200,-0.0786271233398655
329957.7804559460,4157675.8913480402,0.0528516068051833
329957.7910941090,4157675.8811155600,-0.4148179677656512
329957.8013083630,4157675.8711717902,-0.1294321118082258
329957.8117894500,4157675.8609299902,0.5374550896396334
329957.8225881780,4157675.8505446301,0.03175296727490482
329957.8337499800,4157675.8398204800,0.01274506721015989
329957.8451836510,4157675.8288395102,-0.05634702470390465
329957.8572464910,4157675.8172329701,0.374966810595416
329957.8700958540,4157675.8050285499,-0.2649356012331183
329957.8832456720,4157675.7924191300,-0.04227867496314854
329957.8971027420,4157675.7791104601,0.02934402644319485
329957.9114681940,4157675.7653293698,-0.2920508490388848
329957.9258578810,4157675.7513628802,0.0563039558962803
329957.9400547900,4157675.7376143700,-0.6706532395798959
329957.9534129630,4157675.7243388100,-0.3205462667276354
329957.9663255840,4157675.7113523302,0.5703646802975764
329957.9784716360,4157675.6993807601,0.1168616112599182
329957.9897676370,4157675.6882897401,-0.0803250999238765
329958.0006205460,4157675.6776071498,0.5722252915996089
329958.0107408550,4157675.6678114100,-0.04958534021005597
329958.0204942500,4157675.6583578498,0.3385199798088101
329958.0304480630,4157675.6487991102,-0.0654257121707696
329958.0414550250,4157675.6382088801,-0.1146274641119336
329958.0540856250,4157675.6260106298,0.06883403154405214
329958.0680417770,4157675.6125664501,-0.02321193661515027
329958.0836376210,4157675.5975283999,0.4668319203159119
329958.1007709820,4157675.5813533599,-0.3198711668286241
329958.1184335140,4157675.5644202600,-0.4219927981326257
329958.1364417490,4157675.5467898501,-0.5703887637060532
329958.1540317010,4157675.5290689901,-0.3416695880462325
329958.1709344570,4157675.5117519200,-0.1479702268588799
329958.1865795000,4157675.4956122600,-0.1554684325585237
329958.2008602830,4157675.4807809601,0.1412904771398689
329958.2139412890,4157675.4672711398,0.4594254386055786
329958.2256778880,4157675.4553461499,0.07996455451433493
329958.2357803190,4157675.4451070698,0.2592315753342018
329958.2443839990,4157675.4364469200,-0.1312911992221846
329958.2520886560,4157675.4286680799,0.1933566972996031
329958.2594553230,4157675.4212611900,-0.4095716637026719
329958.2671199720,4157675.4134869599,0.5361700822690212
329958.2755736690,4157675.4050169699,-0.824989721655539
329958.2853140130,4157675.3950470202,1.953100703452396
329958.2970940490,4157675.3836824400,0.7932135704527518
329958.3105010430,4157675.3711004201,-0.234132707939803
329958.3253872840,4157675.3570021698,-0.4513419216238757
329958.3413799650,4157675.3415607801,-0.7143325374135007
329958.3574557960,4157675.3255327200,-0.663374609160796
329958.3731415100,4157675.3094176399,-0.1565803150649306
329958.3876691870,4157675.2943905001,-0.3575016675722035
329958.4007259500,4157675.2806910099,-0.06506934739913968
329958.4115038380,4157675.2693570801,0.6230118326702642
329958.4199638170,4157675.2606135700,0.8774602447661222
329958.4267590020,4157675.2537240102,1.279458553069856
329958.4329530030,4157675.2475900599,0.5744506354095973
329958.4399689140,4157675.2407157798,0.8406181561723639
329958.4490040010,4157675.2320279800,0.245388796143968
329958.4608049130,4157675.2207607902,0.6344919126731545
329958.4752988370,4157675.2072366201,-0.557132710198192
329958.4915330770,4157675.1917269402,-0.4843900585049903
329958.5089992380,4157675.1746568698,-0.5008137246137582
329958.5265174900,4157675.1571085900,-0.5514551061914417
329958.5430509730,4157675.1400975999,-0.3656150841287607
329958.5583184790,4157675.1241235998,-0.2577308484647918
329958.5717391680,4157675.1099302098,0.06231445723779223
329958.5834506140,4157675.0975727001,0.9116994010759052
329958.5936593040,4157675.0871074302,0.6417280515836232
329958.6031377160,4157675.0775642800,1.064933420288224
329958.6131136890,4157675.0678090700,0.9023566122833051
329958.6239452290,4157675.0574901700,-1.151243251040611
329958.6359947970,4157675.0455812300,0.06905233961332401
329958.6495589990,4157675.0322086099,-0.2469595491377309
329958.6640748420,4157675.0177573902,-0.5180086351022218
329958.6793344240,4157675.0022295499,-0.1991523356764702
329958.6946988490,4157674.9864580501,-0.1681114496586386
329958.7096056780,4157674.9710440100,-0.1690138174008349
329958.7238310700,4157674.9562297799,0.1699094593959157
329958.7373933700,4157674.9422019399,0.4128565761383156
329958.7504764910,4157674.9288814501,-0.3322198320826675
329958.7626360160,4157674.9163517701,0.07939823592864591
329958.7744962930,4157674.9041638598,0.3601649065908839
329958.7863726230,4157674.8921077200,0.001571596134642805
329958.7978179360,4157674.8804897298,-0.3466719678713409
329958.8087136180,4157674.8693065601,-0.4881187757239158
329958.8192356750,4157674.8583431402,0.02695138008333833
329958.8296924490,4157674.8474566401,0.7270733798768644
329958.8401362110,4157674.8368184101,0.01119769399044901
329958.8508669880,4157674.8258915199,-0.1224151454292719
329958.8622113290,4157674.8142951601,0.8831543184142677
329958.8737227320,4157674.8028604700,0.175613600688909
329958.8849119650,4157674.7918079998,-0.1112383223914042
329958.8960524690,4157674.7807651400,-0.5104893023243879
329958.9070137960,4157674.7697251998,-0.7238880897140153
329958.9175927320,4157674.7588305702,-0.6075447668476963
329958.9277758370,4157674.7481509200,0.3970584974981687
329958.9380027740,4157674.7375502498,1.264312809325361
329958.9487091050,4157674.7268638602,0.6226115218423812
329958.9596713050,4157674.7161277202,-0.2641410233985365
329958.9716825310,4157674.7042636098,0.1915727826934652
329958.9852855230,4157674.6909194300,-0.169751539488863
329959.0002749180,4157674.6761147198,-0.3983673884970555
329959.0163328040,4157674.6599752898,-0.2385208895106537
329959.0330980490,4157674.6429362702,-0.2621658499507523
329959.0496120040,4157674.6259418302,-0.3599713354961425
329959.0646382680,4157674.6102231601,-0.5847696020244755
329959.0773609370,4157674.5965956300,-0.5863128416657872
329959.0876513780,4157674.5853514401,-0.6826958971491014
329959.0955696800,4157674.5765369502,1.488154434748079
329959.1014850560,4157674.5701512699,2.032955968822078
329959.1060859820,4157674.5653375601,4.077071149339563
329959.1104349980,4157674.5610186402,3.607552987634894
329959.1150625830,4157674.5566259702,0.8621985329368339
329959.1207236740,4157674.5513174902,-1.427824661723994
329959.1278843260,4157674.5444307998,-1.173889502863306
329959.1371880310,4157674.5352379298,0.2423832056465268
329959.1486534670,4157674.5239888299,-0.3499465836279833
329959.1615210810,4157674.5112120099,-0.2682998863345778
329959.1760053320,4157674.4966800399,0.1717711612678594
329959.1909984380,4157674.4817448501,-0.3633806738378311
329959.2056088990,4157674.4669673000,-0.1206765632550178
329959.2197795560,4157674.4525635098,-0.2536836257385294
329959.2330670120,4157674.4389222702,-0.3177301924178665
329959.2454179670,4157674.4260930498,-0.2673856250683732
329959.2565929510,4157674.4143792400,-0.6112697431689244
329959.2670816030,4157674.4031704799,1.15039960488548
329959.2774998190,4157674.3924191301,0.6180065142956548
329959.2872795940,4157674.3825053200,-0.1268972273832991
329959.2971516780,4157674.3724623001,0.2021963022960368
329959.3070574060,4157674.3624423002,0.07259425174812457
329959.3171172140,4157674.3522873898,-0.5533592659378509
329959.3275488260,4157674.3415853698,-0.1483102067726463
329959.3385599860,4157674.3302371101,-0.1034809692420107
329959.3501991410,4157674.3182011298,0.03527464428296897
329959.3619080570,4157674.3061073502,-0.143315582487087
329959.3735208520,4157674.2940549701,0.795946263185606
329959.3848186320,4157674.2826318098,-0.4188002049537978
329959.3951393680,4157674.2720608599,-0.4593102964265316
329959.4045312600,4157674.2623153199,-0.5212089709855002
329959.4133028830,4157674.2530878200,0.2328903550026337
329959.4218385190,4157674.2441609302,0.1292625784027835
329959.4305308130,4157674.2350994502,0.7835403892401478
329959.4401622350,4157674.2252640198,0.4287157698728469
329959.4512106710,4157674.2141231601,0.4982001930602781
329959.4634187240,4157674.2020130302,0.2559566575735788
329959.4769347960,4157674.1887288601,-0.3620535084952245
329959.4912559880,4157674.1744523202,-0.5068496727578569
329959.5060042430,4157674.1594392802,-0.5291464464994766
329959.5201406700,4157674.1447298299,-0.8107585520121909
329959.5334188190,4157674.1304585100,-0.1413384838765103
329959.5459815880,4157674.1168831801,0.4127520137705783
329959.5576022230,4157674.1045088801,-0.1756721632360033
329959.5685644170,4157674.0927676298,1.036348103039568
329959.5794707210,4157674.0814651102,0.6235158831620857
329959.5904661420,4157674.0702911201,0.6879230145003981
329959.6019862100,4157674.0588382501,-0.4294074910983379
329959.6139739910,4157674.0467489101,-0.5889730243451314
329959.6265644950,4157674.0337864999,-0.7342501431619569
329959.6395572710,4157674.0200413498,-0.5134719924584136
329959.6524017570,4157674.0061861202,-0.07742120495851817
329959.6650997230,4157673.9924488901,0.5052535744342275
329959.6770510650,4157673.9797539199,0.09263100717139247
329959.6880919820,4157673.9680624399,0.476969013970722
329959.6982319740,4157673.9574814299,0.4401458826275495
329959.7074485800,4157673.9479813902,-0.7557127454673253
329959.7161584980,4157673.9388262099,0.01956171817586896
329959.7248135290,4157673.9297332098,0.1829998258701623
329959.7336737950,4157673.9204677599,0.03593473967310823
329959.7425701520,4157673.9111731602,0.1626595976376961
329959.7514771460,4157673.9019063301,0.5115503067554017
329959.7605944870,4157673.8925456698,-0.2317850993373664
329959.7700974340,4157673.8827284500,0.04351887229287418
329959.7802392750,4157673.8722640802,0.5561850053515726
329959.7912093850,4157673.8611336900,-0.3211169984908371
329959.8032176980,4157673.8488207902,0.2952295906111769
329959.8166994680,4157673.8351448602,-0.1172891348092101
329959.8313448750,4157673.8202184602,-0.3075934487504757
329959.8469935090,4157673.8040551301,-0.5214684523074556
329959.8632571350,4157673.7868467602,0.01060246380855652
329959.8796367280,4157673.7695244299,-0.2837995354384936
329959.8953446380,4157673.7526895800,-0.2408358870485607
329959.9096556620,4157673.7371875201,-0.2969282984445397
329959.9220858970,4157673.7235631701,-0.2711728556267874
329959.9322534630,4157673.7123163599,-0.7307043579057756
329959.9398391570,4157673.7037597899,-0.3872135598718436
329959.9455157680,4157673.6973064002,2.271963487321909
329959.9503127850,4157673.6920453901,0.8345742367898972
329959.9546339300,4157673.6873595500,3.768985757355579
329959.9597060860,4157673.6821356802,1.951892578022982
329959.9662510130,4157673.6756089600,0.3543624556408455
329959.9749410980,4157673.6670087301,0.2641453473047549
329959.9859887840,4157673.6561550298,-0.598784491911256
329959.9995419770,4157673.6425603800,-0.8511456864886831
329960.0154099120,4157673.6260632500,-0.1704457489546368
329960.0328714230,4157673.6077594999,-0.3370082580731557
329960.0505953960,4157673.5888566999,-0.3364737892858788
329960.0679270160,4157673.5700484500,-0.07818249208917297
329960.0839575540,4157673.5525847399,-0.1433160168014107
329960.0974803300,4157673.5377599201,-0.7922754211912728
329960.1080552620,4157673.5258293399,-0.2617485287563182
329960.1159552930,4157673.5168507299,-0.3266470256994732
329960.1219561880,4157673.5099830101,1.784041523891385
329960.1268826110,4157673.5045095300,1.652010900375439
329960.1315383620,4157673.4994575200,3.186483026759745
329960.1368626430,4157673.4939420498,1.472138503790194
329960.1432368190,4157673.4874996599,0.7673657970514129
329960.1511631000,4157673.4796120501,-0.3035130405575805
329960.1609088690,4157673.4698400102,-0.6160706397232771
329960.1720858740,4157673.4584253700,-0.9845639305105259
329960.1846666700,4157673.4451357601,-0.3866537769528651
329960.1982850220,4157673.4305352899,-0.04005520012425171
329960.2124870700,4157673.4152840599,0.1523803079610176
329960.2264887270,4157673.4003426102,-0.1128854825247923
329960.2398662800,4157673.3860022598,-0.03428283125535272
329960.2526449080,4157673.3722858699,0.1052246984148645
329960.2645661120,4157673.3595385901,-0.7709968506328964
329960.2755868190,4157673.3474418898,0.1453988128267497
329960.2861879660,4157673.3358600601,-0.1396383635126263
329960.2963385370,4157673.3247225401,0.4845881629356171
329960.3059908320,4157673.3142815400,0.2552529050643649
329960.3147058740,4157673.3049193299,-0.008948855770330557
329960.3227084500,4157673.2963206000,-0.6474040389977299
329960.3300700340,4157673.2882934599,0.1892842662905312
329960.3373590330,4157673.2803780902,0.3952962941017533
329960.3454780060,4157673.2716403799,0.06148508989478895
329960.3547272410,4157673.2617019098,1.117759341662534
329960.3657751460,4157673.2502165600,0.3653398564265647
329960.3775585230,4157673.2381127402,-0.3453712854599395
329960.3902225310,4157673.2249453198,-0.09769955076447623
329960.4036219300,4157673.2109619100,-0.8733773098504705
329960.4167633080,4157673.1967753698,-0.8775230515421463
329960.4296538960,4157673.1823771601,0.06366236541071528
329960.4414924270,4157673.1691853902,-0.5057863246696654
329960.4519931400,4157673.1572824400,1.174031450089234
329960.4610434020,4157673.1473724600,0.04136838780704637
329960.4682132040,4157673.1395294098,0.07175489205692272
329960.4743225760,4157673.1328558298,1.455563265836267
329960.4797126640,4157673.1271116501,-0.3937029940867025
329960.4855164780,4157673.1208864399,0.4882628337221189
329960.4927291350,4157673.1132218200,0.6868477971354721
329960.5013242790,4157673.1042312100,0.1042044295478974
329960.5110557860,4157673.0940800500,-0.170162052890377
329960.5209382050,4157673.0837215199,-0.2527343996300396
329960.5303248440,4157673.0738127800,-0.8896800340758764
329960.5386920540,4157673.0647732900,-1.944369993031442
329960.5457216150,4157673.0568309701,0.1159637492085606
329960.5517395150,4157673.0500472798,-0.253819712417198
329960.5573443270,4157673.0437008501,3.219598643329127
329960.5632345430,4157673.0373901902,3.018955627267084
329960.5697739290,4157673.0307539399,1.854529991457927
329960.5771041490,4157673.0235803402,-0.6486598236521006
329960.5853555300,4157673.0153898099,0.005669900436466022
329960.5945325750,4157673.0062817102,-1.267541245462808
329960.6041655420,4157672.9963915301,-1.684996970390337
329960.6139525990,4157672.9858536799,-0.3803800016261615
329960.6237174160,4157672.9752235301,-0.02044554072880802
329960.6331509480,4157672.9649480400,0.6415166324150169
329960.6422230220,4157672.9552379400,1.072581731204222
329960.6513842640,4157672.9457076699,0.839631537914622
329960.6615186510,4157672.9354072600,-0.06833261065571311
329960.6732750840,4157672.9234326999,-0.1994616625848152
329960.6877239190,4157672.9086053101,-0.1781488465556836
329960.7048608950,4157672.8908766001,-0.5472078879285277
329960.7238509470,4157672.8706587101,-0.2907872921650377
329960.7435526590,4157672.8493331098,-0.4618185963456825
329960.7620063820,4157672.8288268601,-0.567812532625305
329960.7778032520,4157672.8107472402,-0.7016457097944202
329960.7897463780,4157672.7966599800,-1.820949001290873
329960.7972364480,4157672.7873117700,-4.334690850430037
329960.8006691780,4157672.7826724299,-269.8036227508805
329960.8001986510,4157672.7827221602,-294.1787833197402
329960.7974172060,4157672.7856485900,-8.920593724373468
329960.7940929030,4157672.7894427199,-10.51956434750478
329960.7919660850,4157672.7920995299,-299.3867819234121
329960.7927838320,4157672.7916514701,-66.40337245285677
329960.7974758900,4157672.7873157901,-3.166604845940128
329960.8063591400,4157672.7786021298,-0.2352767947169193
329960.8190156150,4157672.7660986399,-0.6571292854527629
329960.8339213850,4157672.7509906199,-0.8205844364199952
329960.8501551090,4157672.7339204000,-0.5525724167401319
329960.8668100240,4157672.7159348899,-0.3290361561656505
329960.8832171980,4157672.6979286401,-0.1225888237190674
329960.8994212020,4157672.6800388298,0.2105943405558607
329960.9151324610,4157672.6628661202,0.1817205454357125
329960.9300607010,4157672.6466834899,0.1607542862096358
329960.9437295500,4157672.6319663199,-0.3306831960892598
329960.9560859420,4157672.6184918401,-0.7107714058884601
329960.9669715230,4157672.6063241600,-1.073573299214974
329960.9758477060,4157672.5960763800,-1.926228477983056
329960.9825316050,4157672.5879884702,-1.207490603929938
329960.9869952280,4157672.5824688799,1.892454355941028
329960.9894512830,4157672.5794953699,10.68261849764787
329960.9904818900,4157672.5783187398,-10.93123916515854
329960.9914121220,4157672.5772208599,34.23958906046008
329960.9940531670,4157672.5746101802,1.568726772033208
329960.9993668780,4157672.5694484301,-0.5711066321892271
329961.0084409800,4157672.5605318798,-0.2167917394069805
329961.0212742520,4157672.5478370101,-0.7406341751559682
329961.0367624180,4157672.5320532401,-0.6714432888630338
329961.0532419350,4157672.5147318002,-0.7517718153673137
329961.0689870640,4157672.4975832002,-0.75700889729398
329961.0833480310,4157672.4813982202,-0.5598705761560334
329961.0954190610,4157672.4674827801,-0.3972229540889374
329961.1046583320,4157672.4566912898,0.6219312677021909
329961.1112975210,4157672.4490544000,2.777218980100235
329961.1160391260,4157672.4438557201,7.810402447006875
329961.1198880730,4157672.4400277501,4.06379603628087
329961.1236709320,4157672.4364249702,-4.997081764267789
329961.1282442770,4157672.4318064400,-1.722908222718027
329961.1347456680,4157672.4250587602,0.01054822514194054
329961.1433080210,4157672.4161740802,-0.4304743120050561
329961.1535095890,4157672.4054640098,-0.5666361223350175
329961.1649719040,4157672.3932127901,-0.04172679797827307
329961.1772060020,4157672.3801176799,-0.1900899305069774
329961.1893950310,4157672.3669813899,0.2116152406741842
329961.2007289940,4157672.3548557400,-0.3720904035260473
329961.2110625810,4157672.3436682802,-0.2581899308784216
329961.2202846400,4157672.3336092201,-0.1018030391054367
329961.2283567000,4157672.3247814602,0.1188648169746081
329961.2351462160,4157672.3173757899,-0.8652842773347268
329961.2411573810,4157672.3107097899,0.7370271591347588
329961.2472946270,4157672.3039944498,2.495555825407284
329961.2538669580,4157672.2971299798,-0.4546684628284681
329961.2610263910,4157672.2895842502,1.378442198456629
329961.2690979910,4157672.2813308202,-0.4915689699395432
329961.2779634500,4157672.2721566600,0.1200216981925136
329961.2876355550,4157672.2621797500,-0.5317457816740448
329961.2973096850,4157672.2520514801,-0.7623750311882096
329961.3068564680,4157672.2418406499,-0.8951250986218714
329961.3161502560,4157672.2316494002,-0.2054009034399539
329961.3242845490,4157672.2226818199,1.24481191574215
329961.3314961090,4157672.2149535599,0.3609402752264353
329961.3372823760,4157672.2087952299,0.8851706441423131
329961.3422191170,4157672.2036132501,2.878383702199954
329961.3464823580,4157672.1993053700,-1.567487810010006
329961.3501120460,4157672.1955723101,-3.407117046002367
329961.3548891180,4157672.1904501999,5.149540801159542
329961.3615951840,4157672.1838431200,-1.40463309732119
329961.3702871900,4157672.1750130602,0.4645589592750026
329961.3815366730,4157672.1637342800,0.04638995954638925
329961.3948238350,4157672.1504339599,-0.2970662809658812
329961.4094431110,4157672.1356270001,-0.2208499758148766
329961.4243036670,4157672.1204351801,-0.6957842546943366
329961.4381557810,4157672.1058605602,-0.7161884056740057
329961.4505213660,4157672.0924872002,-0.724892616241849
329961.4606879180,4157672.0812216001,-0.3399098738102368
329961.4685857250,4157672.0723887798,-1.30732527713786
329961.4745014300,4157672.0655883201,3.555599912075865
329961.4793988070,4157672.0602762601,3.379981205782941
329961.4842095650,4157672.0553021799,4.624598417515851
329961.4902002930,4157672.0495296801,1.11213750797984
329961.4977620400,4157672.0423936602,-1.859153242268381
329961.5073027050,4157672.0329825198,-0.6297694808663065
329961.5190063870,4157672.0212175599,-0.4479914733782793
329961.5318415530,4157672.0081116301,-0.8369523789844558
329961.5452156790,4157671.9940164001,-0.4615827175133032
329961.5582375320,4157671.9800457102,-0.315848985993977
329961.5699278000,4157671.9673583801,-0.01242843491248612
329961.5800821820,4157671.9563334999,0.5390495756783202
329961.5890000450,4157671.9467968200,0.7336001670186905
329961.5977243780,4157671.9376416602,0.4742033593027513
329961.6068874040,4157671.9281433700,0.1744714080726839
329961.6165815110,4157671.9181420398,0.1391925344307528
329961.6271339890,4157671.9072991000,0.4311352766413183
329961.6376778250,4157671.8966049799,-0.8465523808269965
329961.6476015180,4157671.8862866699,-1.274956188001953
329961.6561270470,4157671.8771130200,-2.647727488812388
329961.6627585280,4157671.8695350098,-2.173899449906008
329961.6681114010,4157671.8631655802,2.306030597499007
329961.6730198840,4157671.8575362600,4.54776858658632
329961.6789374140,4157671.8512317501,4.685977131510862
329961.6869574680,4157671.8434456601,0.07031642540252329
329961.6971592280,4157671.8335591801,0.1313283428349746
329961.7100717570,4157671.8210984599,-0.784761083253535
329961.7248978510,4157671.8063480002,-0.943861980420335
329961.7408667300,4157671.7897880101,-0.9007080335909491
329961.7566924600,4157671.7726761498,-0.827880288082101
329961.7708371880,4157671.7568042702,-0.8914213840207786
329961.7825326780,4157671.7432098598,0.1017382140184528
329961.7910802780,4157671.7333060899,0.4654853471376281
329961.7967550440,4157671.7267977600,2.75117711845915
329961.8007240740,4157671.7224254301,10.62939848160807
329961.8043044380,4157671.7189140902,4.949920286060195
329961.8087006110,4157671.7148317099,-2.280212433917128
329961.8149970550,4157671.7087846398,-1.603952534062609
329961.8237854010,4157671.7000534702,-0.8530711152711573
329961.8348938340,4157671.6887482200,-0.9307937035652748
329961.8471081530,4157671.6759228101,-0.8767470757506715
329961.8596811520,4157671.6622934700,0.01043833781994753
329961.8716862430,4157671.6492846902,-0.4605766684779049
329961.8825172640,4157671.6373632299,0.4485729670138626
329961.8928343280,4157671.6261665798,0.5342455437544076
329961.9023290210,4157671.6160219102,0.3668165305975252
329961.9118795110,4157671.6059213299,0.3349143446189552
329961.9220462660,4157671.5952717098,0.3518145207036347
329961.9329276060,4157671.5839948999,-0.01156416903031104
329961.9443274630,4157671.5721763400,-0.8513835510418598
329961.9553926530,4157671.5603815299,-1.107991466254886
329961.9660995320,4157671.5485536498,0.04187935262185528
329961.9753517620,4157671.5383454999,-1.595912435886871
329961.9828394680,4157671.5297429501,-0.4329146224190299
329961.9891769910,4157671.5223943000,2.866471967184246
329961.9949498590,4157671.5160447299,2.982427028770771
329962.0005829570,4157671.5101512899,2.358381649104378
329962.0064890660,4157671.5042085801,0.8008014880829826
329962.0134398360,4157671.4973157500,0.00454586502269824
329962.0213995900,4157671.4894230999,-2.210074573523411
329962.0304158310,4157671.4799903198,-0.03334438875116571
329962.0407827300,4157671.4691343200,-1.06216629818681
329962.0516480240,4157671.4573744801,-0.4467430214462206
329962.0629539630,4157671.4449563799,0.5600048946431639
329962.0742022030,4157671.4328309498,0.2353071150593174
329962.0846961650,4157671.4216034501,0.8544035348924597
329962.0945588510,4157671.4113154500,-0.2708761568826668
329962.1033202870,4157671.4021091298,-0.5102098456537298
329962.1118601200,4157671.3930194499,-0.2899281100891626
329962.1200422880,4157671.3842483298,-0.4852813186854164
329962.1284385000,4157671.3751403200,-0.2076852133404008
329962.1378514200,4157671.3648732500,1.009900028285334
329962.1477579930,4157671.3543736702,0.05117930492213209
329962.1579392000,4157671.3435991900,0.4592401762662626
329962.1678165600,4157671.3332852200,-0.19202608858546
329962.1769734910,4157671.3236727398,-0.3327207355946275
329962.1852577520,4157671.3149026101,-1.594213926794418
329962.1922188180,4157671.3072645999,-1.416905084206628
329962.1986622240,4157671.2999896398,1.15176679015445
329962.2050935420,4157671.2928889100,0.390275556156364
329962.2118414940,4157671.2854955900,2.588984219868812
329962.2199992830,4157671.2770480900,0.9553398309057582
329962.2294330420,4157671.2675113599,-0.1510187799593415
329962.2407710080,4157671.2559983302,-0.103414663247724
329962.2541641720,4157671.2423486500,-0.6864736010666037
329962.2693782250,4157671.2263985202,-0.6224800161257197
329962.2855248570,4157671.2089802502,-0.4136835360309639
329962.3009151640,4157671.1920533101,-0.6567498711452384
329962.3147535030,4157671.1763865901,-0.2195725641404996
329962.3262582940,4157671.1632506400,-0.3114229837889335
329962.3346055240,4157671.1536290199,-0.9901983253471273
329962.3402616390,4157671.1469675801,-1.902662982345027
329962.3437761010,4157671.1427128101,9.675846948245642
329962.3464323790,4157671.1397816301,15.53541770468557
329962.3491762310,4157671.1370995301,2.2917000497102
329962.3526435560,4157671.1337767201,-1.13610125783712
329962.3575364710,4157671.1290253699,-2.915497580968064
329962.3634921400,4157671.1229780200,-2.277503120844172
329962.3709137300,4157671.1151031200,0.2349143467423428
329962.3795109870,4157671.1060306602,-0.4940728500049363
329962.3889209120,4157671.0959706302,-0.3177654093298317
329962.3992091190,4157671.0848698700,0.6201255204035921
329962.4101925770,4157671.0732460101,0.2362273045894109
329962.4217819960,4157671.0610756502,0.1671002017727214
329962.4338532280,4157671.0484717600,-0.1851748002375564
329962.4463572470,4157671.0353295598,-0.3292072633629324
329962.4593559060,4157671.0214992301,-0.413779848938008
329962.4724174300,4157671.0073799700,-0.3928318874886276
329962.4850159250,4157670.9935559998,-0.3518255268755433
329962.4969590040,4157670.9802807001,-0.5591472655053881
329962.5074444390,4157670.9684024402,0.05855451584977758
329962.5162474370,4157670.9584472300,0.3423590410547232
329962.5231156660,4157670.9507430000,0.4456885537377041
329962.5282804740,4157670.9449962298,0.8229803128744995
329962.5324735040,4157670.9403843000,2.213398152821318
329962.5365284920,4157670.9360431698,-1.292474628607861
329962.5415679140,4157670.9305536598,2.610477210641611
329962.5484612700,4157670.9233787898,0.6927250723962814
329962.5572524090,4157670.9143704502,-0.3613570432413158
329962.5677158260,4157670.9035408199,-0.1804678443888889
329962.5792897110,4157670.8914929400,-0.5457308096873887
329962.5910810890,4157670.8789892299,-0.8327783649819007
329962.6026449230,4157670.8663704898,-0.544183774358325
329962.6135623770,4157670.8542372999,-0.5161701394751147
329962.6237103180,4157670.8427724401,0.150378832493083
329962.6330872590,4157670.8322257400,0.8748861061582169
329962.6414819420,4157670.8230021098,1.408093510517927
329962.6494977260,4157670.8144903001,0.8629541391846416
329962.6573680900,4157670.8062977302,-0.1503158837373386
329962.6654985590,4157670.7978049200,-0.7067388373131059
329962.6742810660,4157670.7884700699,-0.5251357728032486
329962.6837744010,4157670.7782364702,-0.2085886797611327
329962.6941869870,4157670.7669428699,0.09110203371862161
329962.7051518360,4157670.7550844802,-0.3001565531646202
329962.7163524030,4157670.7428511302,0.07638124937338604
329962.7269380000,4157670.7313179998,-0.03517430977287948
329962.7365670930,4157670.7208159100,0.1090493654564856
329962.7454711420,4157670.7111336798,0.230739936432377
329962.7536800900,4157670.7022593101,-0.435751344829995
329962.7616193640,4157670.6935865101,-0.06775137916292248
329962.7696490470,4157670.6848008200,0.1936593955199088
329962.7779995710,4157670.6757070501,1.046869168318442
329962.7869384540,4157670.6662284001,0.3253403367361812
329962.7964274540,4157670.6562538799,-0.298588999741769
329962.8063917950,4157670.6456907201,0.008277442696411126
329962.8165200800,4157670.6349563701,-0.5420806939480068
329962.8265316900,4157670.6241744198,-0.3065518809530022
329962.8364256270,4157670.6134226802,-0.1723883773208595
329962.8461220320,4157670.6028326498,0.1583729966911123
329962.8557541920,4157670.5923604802,-0.1785528621576512
329962.8654147960,4157670.5818035300,0.9059438335836302
329962.8753430060,4157670.5712344600,0.2353116723681742
329962.8852899960,4157670.5607174798,-0.1094917869568015
329962.8955102580,4157670.5498767002,0.09431846363774593
329962.9055780620,4157670.5392274102,-0.2101676510249429
329962.9150821140,4157670.5291138599,-0.8951138195319603
329962.9237710270,4157670.5196431899,-0.6678767718868148
329962.9318036610,4157670.5107407002,-0.1371569698324659
329962.9398441710,4157670.5017999201,0.673226192205528
329962.9483943740,4157670.4924498801,0.5103790556472643
329962.9583375530,4157670.4817274800,1.074610066484151
329962.9702614850,4157670.4693024200,0.1455617522259035
329962.9841529330,4157670.4549054401,-0.03506862244718621
329962.9996410450,4157670.4388298299,-0.4104954593108353
329963.0155942490,4157670.4219586700,-0.7903209443638824
329963.0312495140,4157670.4047815902,-0.8662283988093706
329963.0455478990,4157670.3884665398,-0.8353702851332765
329963.0576408290,4157670.3741889298,-0.4818930265721091
329963.0670768720,4157670.3628643700,-0.9101718557230145
329963.0736573670,4157670.3547803899,1.894732039297401
329963.0788184150,4157670.3486615298,8.321409634756058
329963.0832021210,4157670.3440535902,2.124613403996965
329963.0878136840,4157670.3393378402,1.455319716029418
329963.0944881590,4157670.3326699701,-0.6392656514665818
329963.1035727280,4157670.3234636802,-1.092056607906667
329963.1151699150,4157670.3113231701,-0.568335388327055
329963.1283568380,4157670.2972319201,-0.9188017735048207
329963.1419206820,4157670.2821995802,-0.6022560169247172
329963.1549386840,4157670.2674185401,-0.4569758409644654
329963.1661310920,4157670.2544928500,-0.6596731288032537
329963.1751507560,4157670.2438582699,-0.02559207804174937
329963.1818220490,4157670.2359875701,2.034647187857268
329963.1869067150,4157670.2302069701,4.854100357598084
329963.1912653320,4157670.2255800599,4.334087997645694
329963.1959801090,4157670.2208501599,-0.7026837704139469
329963.2022666120,4157670.2144738301,-1.389665460519257
329963.2106927280,4157670.2056724099,-0.1993284987802592
329963.2216676360,4157670.1941442098,-0.2378782455717131
329963.2348449490,4157670.1801863099,-0.5977327335291769
329963.2499596380,4157670.1637730701,-0.1133253784195958
329963.2658389950,4157670.1464393698,-0.4764169248263648
329963.2811938970,4157670.1293006800,-0.2485062104947583
329963.2951350960,4157670.1135675702,-0.09410536258376115
329963.3068804260,4157670.1002637600,-0.3512053735079476
329963.3161394780,4157670.0896572401,-0.9683088965529965
329963.3229881520,4157670.0816203500,-1.167083936505246
329963.3277631010,4157670.0758961602,2.091185040179187
329963.3313282320,4157670.0717379102,0.6277984345187256
329963.3344777310,4157670.0680883802,9.211396531084764
329963.3385781570,4157670.0637876601,2.140704419653877
329963.3442178730,4157670.0580470799,0.3016102605760155
329963.3519732670,4157670.0501982900,-0.6196745551685071
329963.3621992070,4157670.0396830202,-0.2690440219905088
329963.3745982850,4157670.0268209800,-0.8690962241095868
329963.3885585180,4157670.0118481298,-0.3979944657088044
329963.4035932970,4157669.9954454000,-0.3419780084227467
329963.4190309050,4157669.9783390900,-0.2117296024968501
329963.4340553030,4157669.9615282398,-0.2067885735690395
329963.4480830260,4157669.9456890998,-0.1200747786567137
329963.4606939920,4157669.9313801802,0.1531852832261364
329963.4718856320,4157669.9187519499,0.2371840074365179
329963.4814299960,4157669.9080623998,0.1454934428303535
329963.4897656230,4157669.8987631998,-0.0770056842046148
329963.4971012770,4157669.8905646601,-0.7646512880250681
329963.5032608080,4157669.8835720201,-1.106722798561866
329963.5084247750,4157669.8775957599,2.204224721336131
329963.5129090250,4157669.8725722199,0.3285551795854717
329963.5168135620,4157669.8682162701,3.528470382861974
329963.5207659630,4157669.8639850500,0.958084570040281
329963.5247752010,4157669.8597406298,-0.5472137444795817
329963.5293507410,4157669.8548633102,2.7068637690679
329963.5350157530,4157669.8490619799,0.4325704139861697
329963.5416724520,4157669.8422968099,-0.558656157811974
329963.5496636470,4157669.8340797499,0.002328308816580406
329963.5585375760,4157669.8249555202,-0.5027789641988507
329963.5676762290,4157669.8154357499,-0.1393659356312569
329963.5769600580,4157669.8057287601,-0.01153651090727064
329963.5864873390,4157669.7957640900,-0.6026065922791876
329963.5965935850,4157669.7850102200,0.3933192212026648
329963.6076174290,4157669.7734212000,0.2203665799488895
329963.6195449770,4157669.7609737399,0.1435308468554378
329963.6332112390,4157669.7467872500,0.3407536516227285
329963.6487084710,4157669.7309281002,-0.2952614898112849
329963.6651944370,4157669.7138266801,-0.5895779849281897
329963.6818043220,4157669.6961010001,-0.4090632995241397
329963.6972455110,4157669.6793009802,-0.5823001247756016
329963.7102191950,4157669.6648323401,-0.7943213933470603
329963.7202734570,4157669.6533034700,-1.814809909697507
329963.7267714350,4157669.6454954999,-6.824137407050069
329963.7299970550,4157669.6411722801,-20.95104864309959
329963.7311997630,4157669.6392572699,98.94157215032394
329963.7318294030,4157669.6385395802,86.16695115564026
329963.7336679710,4157669.6369742700,0.7525946400820253
329963.7380603330,4157669.6332579502,-7.07164149068512
329963.7457669570,4157669.6259306599,-0.6053812095066831
329963.7578956120,4157669.6142052100,-0.7702250488876742
329963.7733197570,4157669.5988432802,-1.069133288529987
329963.7913955740,4157669.5798928700,-0.5140977460970649
329963.8110054280,4157669.5587431099,-0.3176594844436617
329963.8296762280,4157669.5382396700,-0.3598849714431728
329963.8460634430,4157669.5199000300,0.1692244057369066
329963.8588837080,4157669.5056587900,-0.8187804803363388
329963.8679636840,4157669.4952946799,-0.4905709182405681
329963.8738923790,4157669.4884505598,-1.672867811433155
329963.8775800360,4157669.4840857000,3.840337161327916
329963.8810459260,4157669.4801541599,6.418423888107393
329963.8857990130,4157669.4751679199,2.560437697948203
329963.8928637710,4157669.4680706598,0.1523037068038672
329963.9029655860,4157669.4579598699,-0.1269923294523795
329963.9154054760,4157669.4454583400,-0.8295557098818397
329963.9293949560,4157669.4309517201,-0.8739292214498873
329963.9440091070,4157669.4152351702,-0.6379484554599915
329963.9583753100,4157669.3993552099,-0.5837768290007995
329963.9715226810,4157669.3844657899,-0.4323237007659209
329963.9829865320,4157669.3712697802,-0.1098516841287795
329963.9925818150,4157669.3601852101,0.7912674669562247
329964.0008190450,4157669.3508730899,1.658026122576691
329964.0085012310,4157669.3425259199,1.972718557990977
329964.0163696100,4157669.3343513999,-0.1972736332649758
329964.0250352940,4157669.3253060202,-0.07298071895988277
329964.0345433830,4157669.3153622500,-0.9271619961847389
329964.0442626770,4157669.3049296401,-0.612657103070938
329964.0535159590,4157669.2948250901,-1.294285884431356
329964.0618063390,4157669.2854578700,-1.89981237371799
329964.0686817590,4157669.2773363502,-0.5633155389158642
329964.0743673940,4157669.2705449699,1.207437321066335
329964.0794688160,4157669.2645748300,4.587550721977316
329964.0853646050,4157669.2581830602,3.396896808527274
329964.0930591490,4157669.2503806599,1.159035878154795
329964.1028144660,4157669.2407672801,-0.9653106911475846
329964.1149242850,4157669.2284716801,-0.2943661794755614
329964.1289747750,4157669.2140477002,-0.9998986953254261
329964.1437803130,4157669.1981986901,-0.9531541858973258
329964.1586557810,4157669.1815901999,-0.7172436090461443
329964.1724002580,4157669.1657568999,-0.5845736549631628
329964.1839945280,4157669.1520898198,0.03246833280613468
329964.1931155520,4157669.1413494698,0.7627019959588837
329964.1999392350,4157669.1334649399,3.587245554114679
329964.2055808370,4157669.1273724800,3.104961790082588
329964.2105329240,4157669.1222748701,0.2448157112970873
329964.2159136740,4157669.1167560602,0.186935780287019
329964.2227511890,4157669.1097660000,-0.8072843977929727
329964.2312115220,4157669.1009619399,-1.050439604096884
329964.2414031090,4157669.0900490899,-0.5478661487637602
329964.2527245010,4157669.0777136302,-0.4811812468935557
329964.2646203130,4157669.0645343801,0.01689228470141495
329964.2764694380,4157669.0514147501,0.09092179240632249
329964.2878912190,4157669.0388083099,0.1794721791441895
329964.2989417450,4157669.0266848900,0.2044296684493425
329964.3092067820,4157669.0154960002,-0.01808054149056852
329964.3188794840,4157669.0049471101,0.2694977986832702
329964.3280863040,4157668.9949817201,-0.5856484586870864
329964.3369296590,4157668.9852582500,-0.2372205332753925
329964.3459084730,4157668.9753232002,-0.02016333041123167
329964.3549364880,4157668.9653282701,0.1080672591726072
329964.3643332730,4157668.9549560598,0.2386526410656671
329964.3743861950,4157668.9439362502,0.2839726898992458
329964.3853677670,4157668.9320048299,0.2036731623001266
329964.3972586160,4157668.9191741599,-0.119327357808743
329964.4096631330,4157668.9057317702,-0.193228514238566
329964.4223253520,4157668.8919112198,-0.2574662872461759
329964.4346495690,4157668.8783299900,-0.5798640728879958
329964.4460790660,4157668.8654709100,-0.5856433860955327
329964.4562450440,4157668.8538106000,-0.3328281332799995
329964.4647137110,4157668.8440038199,-0.9680963616827696
329964.4716519610,4157668.8357802900,1.268994655286292
329964.4777695910,4157668.8287142902,2.48352806721092
329964.4834783950,4157668.8224085602,2.693238631354857
329964.4893648150,4157668.8161995201,0.5874755238436268
329964.4958877930,4157668.8093914301,0.385335561820021
329964.5035601650,4157668.8014466800,-0.07936071664704125
329964.5120269650,4157668.7926631002,-1.085807088574058
329964.5208493140,4157668.7832575100,-0.8638300219983729
329964.5301191510,4157668.7731443401,-0.8130597348314855
329964.5392859630,4157668.7629167200,0.02442324033276484
329964.5483713990,4157668.7527867001,0.4388700725993197
329964.5570239450,4157668.7432514098,0.7237428903668
329964.5650847810,4157668.7345265402,1.487487698175266
329964.5726649940,4157668.7265965901,1.72786700369987
329964.5795718710,4157668.7196260202,-1.667666778101753
329964.5863829790,4157668.7125229798,0.4796373115528564
329964.5936881710,4157668.7049786998,-1.738660230332434
329964.6015028450,4157668.6965936702,-0.349573780950002
329964.6106466600,4157668.6866963501,1.219140727424811
329964.6207413840,4157668.6761382301,0.4647682181743912
329964.6317780260,4157668.6647573402,0.1401963925706782
329964.6438146980,4157668.6524027199,-0.06395299717738584
329964.6565043540,4157668.6393482899,-0.4402939139961121
329964.6696509420,4157668.6256001298,-0.4947706651955721
329964.6827363130,4157668.6116548800,-0.4390376238585679
329964.6959616070,4157668.5973188099,0.275696851419342
329964.7088925380,4157668.5834501102,-0.3848651175852645
329964.7205931540,4157668.5707241199,-0.1525637684585621
329964.7308066940,4157668.5595602398,-0.3612406758217135
329964.7396584360,4157668.5497849402,0.4724886143902184
329964.7473916500,4157668.5413441299,0.5418948061946035
329964.7544960820,4157668.5336814099,0.663284605610748
329964.7618300680,4157668.5258815801,1.123748047980966
329964.7698861060,4157668.5175262499,0.02411344964298001
329964.7787509030,4157668.5083375201,0.5853088309536912
329964.7887801230,4157668.4981054501,-0.8432179908372444
329964.7997977460,4157668.4865741599,0.003162609733613787
329964.8115733950,4157668.4742507902,-0.4312207512046796
329964.8229654740,4157668.4621542701,-0.4338560005219444
329964.8335959560,4157668.4507070901,-0.3072685718317414
329964.8428943490,4157668.4406033400,-0.1559299258779246
329964.8503617680,4157668.4324576198,-0.8472189313343639
329964.8560871980,4157668.4261070602,-0.276293814458335
329964.8606824140,4157668.4209882198,3.981475422989813
329964.8655853970,4157668.4158236198,3.433297541207367
329964.8718139020,4157668.4096118598,0.2894974096642633
329964.8802912890,4157668.4012078601,0.3382133336583507
329964.8918590180,4157668.3898489401,-0.1204824081879134
329964.9059176770,4157668.3759841099,-0.4422476877806457
329964.9217511310,4157668.3600748498,-0.5237282103609538
329964.9384820950,4157668.3428496500,-0.6614677771950482
329964.9547516920,4157668.3255613302,-0.8521798800411827
329964.9693085300,4157668.3094803598,-0.5180399102708588
329964.9811449410,4157668.2961324598,-0.7836678488733866
329964.9897828410,4157668.2861495102,1.555084308703402
329964.9956812720,4157668.2795641599,2.864831588086345
329964.9988749820,4157668.2761346102,5.984103727099088
329965.0008956330,4157668.2740611099,9.570386514357191
329965.0030467570,4157668.2719747699,2.553686898180008
329965.0064531790,4157668.2687352998,-1.756208618791176
329965.0123731900,4157668.2629757202,0.2188442307482625
329965.0215084280,4157668.2541287700,-0.9251089016757694
329965.0338837520,4157668.2418045602,-0.2874147802527037
329965.0490556210,4157668.2265250501,-0.6603829203158834
329965.0659264560,4157668.2090120502,-0.2965529436811849
329965.0838268280,4157668.1901506698,-0.1899482286631281
329965.1013425000,4157668.1715126298,-0.1240710044374838
329965.1173142490,4157668.1544136400,-0.5103819983582972
329965.1311004930,4157668.1393193598,-0.1729035662038189
329965.1422567280,4157668.1270257900,-1.545915692926703
329965.1507203910,4157668.1172604901,-0.3692064786515223
329965.1575622880,4157668.1092970599,1.62647828131718
329965.1638858420,4157668.1021749200,3.576952500637304
329965.1702793100,4157668.0954442802,1.426456925042034
329965.1774924970,4157668.0880602701,0.8360867667379245
329965.1857848880,4157668.0797267798,-0.79296194816956
329965.1952182900,4157668.0700547402,-0.4539450651391388
329965.2051638080,4157668.0597278401,-1.27791400385293
329965.2153996800,4157668.0486920001,-0.8836394034533779
329965.2260278170,4157668.0369146001,0.07631834050541482
329965.2359756070,4157668.0259170402,-0.5875943217977846
329965.2446400180,4157668.0161792301,0.5699830976930245
329965.2522342280,4157668.0077626500,1.568172165726031
329965.2589317740,4157668.0005829399,2.823685997290891
329965.2650730410,4157667.9943363699,0.02778675351252584
329965.2712147510,4157667.9880923899,-1.146578843340343
329965.2785531430,4157667.9804644198,0.5928702964631806
329965.2874175230,4157667.9713766100,-0.8405708082817913
329965.2975335320,4157667.9607642102,0.07952033916620393
329965.3095759750,4157667.9481630800,-0.08769131858910942
329965.3231254220,4157667.9339388101,-0.1422167419604671
329965.3377089860,4157667.9185395902,-0.3999626198763439
329965.3526377990,4157667.9025010299,-0.144377850137423
329965.3679101310,4157667.8859875901,-0.07340266868986639
329965.3834083680,4157667.8691738201,-0.1856562534632692
329965.3984944900,4157667.8526686300,-0.3469160147985372
329965.4131322700,4157667.8364050700,-0.2467350792794399
329965.4268057480,4157667.8210520102,-0.3861746518683992
329965.4389789980,4157667.8071743399,0.1100256106490218
329965.4494224450,4157667.7953138398,-0.1947042656825421
329965.4582636780,4157667.7852151701,-0.5058103502660781
329965.4661995570,4157667.7760315100,0.3742233638181409
329965.4740880600,4157667.7669855901,0.6259905144799023
329965.4830778950,4157667.7568417098,0.5528615051949097
329965.4942506080,4157667.7444450799,0.3955783291451933
329965.5086097990,4157667.7287514601,-0.03015548394205255
329965.5261492550,4157667.7095545698,-0.3336488042029568
329965.5458732280,4157667.6875608899,-0.4699263451364498
329965.5667704110,4157667.6635720399,-0.5199057347980045
329965.5875311050,4157667.6389231100,-0.6867421105540883
329965.6068867320,4157667.6149054398,-0.4470744941135614
329965.6242151910,4157667.5928138602,-0.5815533822725609
329965.6391494170,4157667.5731610800,-0.03298304600137213
329965.6520778980,4157667.5561209102,0.6855965731545747
329965.6629472940,4157667.5421861899,0.7576387953203659
329965.6725763200,4157667.5301556201,0.8638322468955222
329965.6823041590,4157667.5183268301,0.3012948783020912
329965.6930355150,4157667.5054057101,-0.9477964703287149
329965.7053152540,4157667.4900898701,-0.7101280137022893
329965.7200396370,4157667.4711303902,-0.3088538369284752
329965.7375947910,4157667.4481404601,-0.1579917171827608
329965.7578082210,4157667.4213967999,-0.3079932190342143
329965.7795671840,4157667.3919525100,-0.267180794626783
329965.8020107580,4157667.3609373001,-0.3960372862380083
329965.8238566790,4157667.3297664099,-0.2457064181883648
329965.8441061790,4157667.3003086001,-0.4418846770566225
329965.8621223070,4157667.2732338798,-0.4195442368564382
329965.8777262440,4157667.2491180901,-0.7752932268410465
329965.8907291210,4157667.2280788100,-0.2343503353455995
329965.9017034960,4157667.2101068301,-0.005546147894511414
329965.9112660220,4157667.1944430899,0.909124662825335
329965.9203149880,4157667.1801413801,1.1023466907102
329965.9295178630,4157667.1661765100,-0.01634973897269078
329965.9391294980,4157667.1515824902,-0.1815049105256608
329965.9498108180,4157667.1352451500,-0.41279454099732
329965.9616968540,4157667.1167204101,-0.6269605463761674
329965.9747404660,4157667.0957209799,-0.5792860539309468
329965.9886176850,4157667.0726149702,-0.2729565616100268
329966.0027694100,4157667.0486476901,-0.2436657454614418
329966.0167946330,4157667.0245219301,-0.059570134735122
329966.0300950740,4157667.0015572901,-0.06173609188799174
329966.0425001760,4157666.9800600400,-0.3668618639338196
329966.0540998220,4157666.9595399699,-0.1174788137545111
329966.0653650260,4157666.9394836500,-0.1408024466976329
329966.0767273650,4157666.9190989202,-0.04004004959495792
329966.0881829180,4157666.8985015000,-0.6123268667007344
329966.0997622820,4157666.8769408800,0.09456042440554939
329966.1118325420,4157666.8545928001,-0.298475512758889
329966.1238343990,4157666.8319609500,-0.2355744140556233
329966.1358082500,4157666.8090473600,-0.2538988459116971
329966.1479216230,4157666.7854866600,-0.393065350545515
329966.1601427450,4157666.7610855200,-0.1073225211074558
329966.1725266100,4157666.7361757401,-0.2012092040426594
329966.1844910630,4157666.7117717899,-0.2147339926854214
329966.1960160070,4157666.6879175100,-0.3588581771529814
329966.2065524340,4157666.6655880301,-0.100359706339199
329966.2158669330,4157666.6457278701,-0.748062765428658
329966.2238527640,4157666.6279915702,-0.4656617386059295
329966.2309861420,4157666.6117751300,-0.07929868067132329
329966.2377704550,4157666.5962946098,0.2567072193410171
329966.2447554950,4157666.5805441202,0.5866209203903174
329966.2527649470,4157666.5629934501,0.55423967394961
329966.2621865840,4157666.5429605199,-0.001846295970585559
329966.2727719700,4157666.5204506102,-0.5644430489522866
329966.2841359250,4157666.4953259099,-0.4634725661849918
329966.2960894010,4157666.4679320799,-0.5539778352754307
329966.3078038910,4157666.4398127599,-0.5665630398097224
329966.3186546930,4157666.4124690602,-0.5466216638838376
329966.3281325780,4157666.3874728400,-0.2432878617634446
329966.3361808850,4157666.3658526801,0.1091701703429164
329966.3428172750,4157666.3481495199,0.01438399274889778
329966.3483967490,4157666.3332771002,0.6263197688538487
329966.3538487740,4157666.3191627902,0.5992046692848016
329966.3598769050,4157666.3039842802,0.03077539299836511
329966.3670031230,4157666.2860694700,0.02659501042053562
329966.3758522830,4157666.2638604501,-0.4142055505934145
329966.3862219840,4157666.2369857002,-0.4664688963978934
329966.3973548320,4157666.2068657698,-0.5223454540771932
329966.4080562420,4157666.1763426000,-0.514274693093108
329966.4175114830,4157666.1479238099,-0.6482385996703098
329966.4253324980,4157666.1229054998,-0.2952642548410048
329966.4312797530,4157666.1034112098,-1.269352742201446
329966.4349934170,4157666.0902226800,-2.200792665929609
329966.4370586190,4157666.0821421300,3.200981295744778
329966.4385508050,4157666.0768013000,15.22487217346649
329966.4403045220,4157666.0720452899,4.360159075394191
329966.4430408590,4157666.0652020900,-2.160213457113423
329966.4474133620,4157666.0535496399,-0.5278222740477213
329966.4540042530,4157666.0355293700,-0.6189890967193684
329966.4623041960,4157666.0118343700,-0.652005300801928
329966.4717346560,4157665.9832753600,-0.648519551138289
329966.4815949450,4157665.9512073002,-0.4431755019098638
329966.4912021950,4157665.9182017902,-0.417686167557515
329966.4997867910,4157665.8871031599,-0.2812958870293393
329966.5071285940,4157665.8595926198,-0.2531440600648686
329966.5132142340,4157665.8361630798,-0.1378339494888771
329966.5183581450,4157665.8161042002,0.2539831645871339
329966.5229645660,4157665.7985031200,0.2201645869068244
329966.5272248870,4157665.7824752601,-0.01195102595567591
329966.5315004470,4157665.7663771901,0.02181009879831083
329966.5360877370,4157665.7491315701,-0.2145324339050245
329966.5409131860,4157665.7306971899,-0.2423630445619245
329966.5459687970,4157665.7110002101,-0.6457869938604406
329966.5509783550,4157665.6903337301,-0.4796837512712143
329966.5560189570,4157665.6685458599,-0.1041902225972523
329966.5611583800,4157665.6460890998,-0.04964442600164603
329966.5663396050,4157665.6233292301,-0.1302477703754941
329966.5716876990,4157665.5994939799,0.06249268379504332
329966.5774514250,4157665.5739950300,-0.3626460365500523
329966.5833799660,4157665.5465124100,-0.2686092188185486
329966.5895733460,4157665.5166643802,-0.3382555037507948
329966.5957626800,4157665.4851632700,-0.3934007439476367
329966.6015942450,4157665.4533571298,-0.3238680273989971
329966.6068761560,4157665.4227836402,-0.3377120648776819
329966.6112578600,4157665.3958418602,-0.7583655983231024
329966.6144458680,4157665.3735983302,-0.7194584413683165
329966.6165758390,4157665.3570855102,-1.54267189305211
329966.6177203830,4157665.3464482701,-3.074954858518387
329966.6182058770,4157665.3405099902,14.43712100837089
329966.6186370130,4157665.3375778599,31.85147453919042
329966.6191784450,4157665.3352747601,1.612250042299728
329966.6203065130,4157665.3305978999,-3.783088073798661
329966.6222491240,4157665.3214814598,-1.415518916185515
329966.6253033970,4157665.3057717900,-0.6150896363521574
329966.6295050450,4157665.2826661901,-0.2376013494522152
329966.6347011590,4157665.2530210200,-0.488758073147477
329966.6401342610,4157665.2188560502,-0.4738576547186448
329966.6451916140,4157665.1832214198,-0.4633412114769672
329966.6494450430,4157665.1492949398,-0.5465693061228357
329966.6526266280,4157665.1197449099,-0.5674216036536789
329966.6548501740,4157665.0956315198,-0.4293475188863075
329966.6563588700,4157665.0774608902,-0.3156277683150349
329966.6573964200,4157665.0641614199,0.7196440606873852
329966.6582892800,4157665.0538507900,3.020695044661994
329966.6594373340,4157665.0440731999,1.286348266445213
329966.6609903460,4157665.0322740199,0.2309320994961075
329966.6631444480,4157665.0163073302,-0.5902454910702259
329966.6657696400,4157664.9950780999,-0.4070960005473516
329966.6688630990,4157664.9678436299,-0.5704464727667229
329966.6718999370,4157664.9363968899,-0.5616036732630622
329966.6745558880,4157664.9023300698,-0.4847329552918629
329966.6766455600,4157664.8682554499,-0.3894182185919735
329966.6781576180,4157664.8371252902,-0.4197711130698427
329966.6791383450,4157664.8101380900,-0.09194952582125418
329966.6798954670,4157664.7879181202,-0.5107700162557609
329966.6803336500,4157664.7693943498,0.482894401472387
329966.6808532310,4157664.7531835702,0.2993994945949843
329966.6814114610,4157664.7379977698,0.7342128912196063
329966.6822038990,4157664.7216182598,0.1277212042390824
329966.6831629870,4157664.7026802502,-0.2794259881649511
329966.6841460870,4157664.6807948998,-0.6668030859367751
329966.6848720490,4157664.6560537401,-0.5949271937992753
329966.6852440270,4157664.6297710901,-0.4921144071857965
329966.6852696980,4157664.6023456301,-0.1910341656491752
329966.6851550520,4157664.5754105798,-0.3057637187701369
329966.6848501110,4157664.5504099499,-0.2680056206560772
329966.6844203520,4157664.5273535401,-0.1950240909724207
329966.6839484020,4157664.5067444900,-0.1224876209586974
329966.6834764090,4157664.4880935499,0.170865600003225
329966.6830856580,4157664.4704980101,-0.0610131940841221
329966.6826725650,4157664.4527581800,-0.09001554399776734
329966.6821980610,4157664.4337341101,-0.01265387163104582
329966.6816905640,4157664.4135876298,-0.54222534823201
329966.6809128220,4157664.3922521998,-0.2316768271867725
329966.6799934470,4157664.3700997401,-0.3717731911109439
329966.6788666590,4157664.3474953002,-0.2611435954420626
329966.6775872210,4157664.3245734898,-0.348029191787798
329966.6761449760,4157664.3019619598,-0.09475576210396484
329966.6746914470,4157664.2799097402,-0.3632770333961154
329966.6731199560,4157664.2586279302,-0.09063220775468732
329966.6715387720,4157664.2377592102,0.05178382190978124
329966.6700094880,4157664.2172837299,-0.2443573387369923
329966.6684195260,4157664.1973275500,-0.4280519170151603
329966.6666519780,4157664.1773141101,-0.07237026059582369
329966.6648066170,4157664.1567651900,-0.3710032557506867
329966.6627580710,4157664.1357781701,-0.2465252068708536
329966.6605366220,4157664.1141974102,-0.1092414878270535
329966.6582075060,4157664.0920914998,-0.1462396995869189
329966.6558072510,4157664.0699996902,-0.2524035683154094
329966.6533546550,4157664.0485325898,-0.09588804313804616
329966.6510300070,4157664.0285401801,-0.6198335825288994
329966.6486354850,4157664.0099082300,-0.3540958733946526
329966.6462967110,4157663.9925901801,-0.3522518480122567
329966.6440083610,4157663.9763750201,-0.05059676787352514
329966.6417335030,4157663.9603508702,0.1414055027923382
329966.6393718120,4157663.9434291199,0.376765068079998
329966.6368385380,4157663.9243229199,0.1257920667470938
329966.6339683150,4157663.9022325198,-0.272507092292524
329966.6305639900,4157663.8772942699,-0.3757500521442996
329966.6264613770,4157663.8493376002,-0.3342904736477285
329966.6218040360,4157663.8196207900,-0.5081487367052248
329966.6166800950,4157663.7899068799,-0.4967368980444133
329966.6113422610,4157663.7614532700,-0.5298332879900721
329966.6061031120,4157663.7356203101,-0.504376604356007
329966.6013475930,4157663.7135718302,-0.2984489147083714
329966.5974596710,4157663.6960599902,0.1057676870466493
329966.5945317580,4157663.6827674098,0.8767470411394914
329966.5923238320,4157663.6722070798,2.543907455745586
329966.5907054760,4157663.6633610702,1.520375043385791
329966.5893279610,4157663.6552310600,-1.500625042151887
329966.5876959190,4157663.6463047401,-0.6303650402893118
329966.5856410830,4157663.6354552601,-0.2123570531964196
329966.5830624960,4157663.6220330899,-0.3019895064170209
329966.5798940870,4157663.6059356402,-0.4169578682104436
329966.5760399400,4157663.5870941002,-0.06615495072898905
329966.5716406470,4157663.5657352498,0.02832323073023432
329966.5669948740,4157663.5431069001,-0.2333494825443385
329966.5620700490,4157663.5197690600,-0.1333867304175693
329966.5569400030,4157663.4958406999,-0.4941276870122143
329966.5514713710,4157663.4717636299,-0.4764781554869824
329966.5456603630,4157663.4475104902,-0.3929447017859429
329966.5396961530,4157663.4236454698,-0.2391869153363034
329966.5337349320,4157663.4003687301,-0.1450175466415009
329966.5277721640,4157663.3774168300,0.01128684732381608
329966.5219452690,4157663.3549635098,-0.1207022315896657
329966.5161847400,4157663.3330160901,-0.256069791088774
329966.5104808900,4157663.3117800900,-0.3426610708734947
329966.5046692020,4157663.2907729298,-0.2010964008140303
329966.4988460200,4157663.2700752802,-0.2164209730327233
329966.4931788080,4157663.2502783299,-0.5672337136897851
329966.4876238490,4157663.2316740099,-0.3542525703137154
329966.4822652320,4157663.2141552600,-0.2299905479483751
329966.4774533860,4157663.1986447000,0.1251512490652689
329966.4733080680,4157663.1851925100,-0.06635193520386228
329966.4694712490,4157663.1727810600,0.4890023155307889
329966.4656471780,4157663.1601239201,0.2512948131017584
329966.4615090820,4157663.1462532301,-0.01353595832385049
329966.4569524910,4157663.1309912298,-0.358860544324652
329966.4515337300,4157663.1132428199,0.05145947689915373
329966.4452024570,4157663.0924283201,-0.3059851430311111
329966.4379932360,4157663.0693126898,-0.4602429464275203
329966.4298005490,4157663.0440839198,-0.3748540724572611
329966.4207696780,4157663.0172177502,-0.4833945566337691
329966.4109122040,4157662.9892002200,-0.210889484314841
329966.4006800660,4157662.9606949999,-0.2524286540324799
329966.3904372030,4157662.9328252100,-0.2929256238915919
329966.3803646460,4157662.9061243301,-0.1962920806748007
329966.3708742400,4157662.8813724099,-0.2886938146822452
329966.3622671640,4157662.8594010202,-0.5019072496265156
329966.3544433180,4157662.8400669000,-0.5868394874459221
329966.3474249920,4157662.8232791899,-0.2096519807590202
329966.3410240580,4157662.8081231900,-0.02963730822288743
329966.3350307970,4157662.7939511300,0.6385369669948984
329966.3292832280,4157662.7799825198,0.4237386004150507
329966.3234276130,4157662.7654836699,0.1717488503692364
329966.3174568670,4157662.7505831001,-0.4835476824039577
329966.3111622000,4157662.7352263699,-0.09848942460099067
329966.3045349500,4157662.7191350800,-0.6079040742212933
329966.2976580370,4157662.7029294702,-0.6998058560871475
329966.2907512940,4157662.6871892498,-0.4415553399331416
329966.2842398200,4157662.6726399800,-0.4530198195110126
329966.2782416540,4157662.6594814202,0.4323294714541177
329966.2729013710,4157662.6475790902,0.6157087598541939
329966.2681891340,4157662.6368585201,0.4483949341672143
329966.2635473460,4157662.6261461098,0.1369103373860277
329966.2585297360,4157662.6145132701,0.2657917879653095
329966.2524767720,4157662.6003347798,-0.2512019150047032
329966.2451439940,4157662.5833590301,-0.5502846156756628
329966.2362880490,4157662.5634654700,-0.3637749160867237
329966.2258399630,4157662.5405250802,-0.3180425176566485
329966.2143901460,4157662.5159299900,-0.388544277015287
329966.2023740320,4157662.4908226798,-0.3676445543805093
329966.1905484530,4157662.4667380401,-0.5360684903542822
329966.1784215920,4157662.4429107299,-0.2713221607748555
329966.1665654400,4157662.4200202101,-0.1709066423707924
329966.1557105340,4157662.3992767599,-0.2421566354303104
329966.1454190650,4157662.3798703300,0.003721395259282101
329966.1360033580,4157662.3621119498,-0.07676634532808185
329966.1274230040,4157662.3459864999,0.181620506904495
329966.1202231730,4157662.3323551500,-2.582065392266501
329966.1136276310,4157662.3209127099,0.2054835069828992
329966.1069764110,4157662.3093004702,0.8817377628062529
329966.1009766840,4157662.2985449298,-0.6384919243920293
329966.0947559730,4157662.2875987301,1.336160201340794
329966.0878986090,4157662.2750103800,0.2364070963870397
329966.0802584980,4157662.2608642899,-0.3267736560026488
329966.0716826510,4157662.2451940901,-0.4074306082456574
329966.0621739750,4157662.2281293902,-0.4302131762948432
329966.0512696300,4157662.2089651600,-0.6132148261777829
329966.0391928560,4157662.1884183502,-0.3763323306205845
329966.0264283320,4157662.1671494502,-0.250115987769335
329966.0136459810,4157662.1461459799,-0.5674168328212962
329966.0009525160,4157662.1259201299,0.03604080567454521
329965.9886736540,4157662.1063180501,-0.2481519425391983
329965.9765494040,4157662.0872049001,-0.1616311567808042
329965.9645914100,4157662.0685039801,-0.2169465455447498
329965.9531891080,4157662.0508549102,-0.301030630390109
329965.9423901850,4157662.0343624600,-0.2552159529746393
329965.9326238660,4157662.0196012901,-0.6652961214487509
329965.9243252030,4157662.0073483200,-0.8675095449429362
329965.9178652540,4157661.9980392200,-4.614898874512968
329965.9136215410,4157661.9924452598,-2.247787341150645
329965.9114351490,4157661.9896333101,-3.95881299515644
329965.9106587970,4157661.9886542200,270.8293332351248
329965.9104912360,4157661.9883055501,-53.87849609573858
329965.9097332420,4157661.9869211400,-13.03253706840125
329965.9072591710,4157661.9828166701,-1.545253066013589
329965.9020931650,4157661.9744611802,-0.1928797950775984
329965.8941968320,4157661.9617576399,-0.6066653392211382
329965.8833114560,4157661.9446557201,-0.9112958545450961
329965.8695041180,4157661.9239183501,-0.3114104433612949
329965.8538676400,4157661.9008470899,-0.4747251187486851
329965.8372992870,4157661.8770971000,-0.4723671664503862
329965.8210413640,4157661.8544462798,-0.3849171719576206
329965.8059078800,4157661.8338136100,-0.06809494171501672
329965.7931618350,4157661.8164942199,-0.3780532553561943
329965.7833874240,4157661.8034097701,-0.1527218188916703
329965.7760953620,4157661.7936924500,0.2141800591162844
329965.7709840920,4157661.7868496999,-5.225809117688701
329965.7667237200,4157661.7815978699,5.377923533870216
329965.7626424920,4157661.7761743800,2.145781325912997
329965.7580792720,4157661.7699093199,1.126588610439269
329965.7523356090,4157661.7618566202,0.1025258462134302
329965.7455821980,4157661.7523660902,-0.5767445456830643
329965.7376029110,4157661.7413240802,-0.7477136369545669
329965.7286007890,4157661.7291447399,-0.6378555215283158
329965.7189089290,4157661.7163018701,-0.3278337602105705
329965.7087072950,4157661.7029340598,-0.9038069559107541
329965.6985350040,4157661.6900121402,0.333106166543199
329965.6885781600,4157661.6772213802,0.2006787363761373
329965.6788001240,4157661.6645762599,-0.03569731294786432
329965.6687838120,4157661.6516384399,-0.05324043601476943
329965.6580466600,4157661.6377953398,-0.152991111324618
329965.6462634980,4157661.6226913398,-0.2467345115948017
329965.6332708220,4157661.6062059598,-0.2291680601170262
329965.6193546880,4157661.5887280800,-0.4775955054060768
329965.6052333510,4157661.5713759698,-0.8427889069486326
329965.5915413360,4157661.5551687800,-0.3234681759010459
329965.5795497510,4157661.5411576801,-0.6139221613974708
329965.5701939130,4157661.5304455301,-0.7335888282547873
329965.5638833870,4157661.5233458099,-1.487608482844549
329965.5608294820,4157661.5199814201,-65.49534022655148
329965.5602409760,4157661.5195246902,-481.6089772523925
329965.5612692650,4157661.5207622601,-9.395991094461364
329965.5623866480,4157661.5220650998,-419.3490814959545
329965.5620078810,4157661.5213807798,-58.16720434338124
329965.5594346390,4157661.5180094098,0.1556863900197181
329965.5542142800,4157661.5111556700,-0.6992076184751606
329965.5464540250,4157661.5011232002,-0.6450798900375952
329965.5369398300,4157661.4890505602,-0.8775790195149421
329965.5263942660,4157661.4760502502,-0.9616151662837358
329965.5160577440,4157661.4637110298,-0.7093382177827403
329965.5066954580,4157661.4527772102,-0.3777656666113642
329965.4989963560,4157661.4438751801,0.2927161161098868
329965.4928456500,4157661.4367187000,-0.08632246781402515
329965.4874119500,4157661.4304062701,3.004279859392279
329965.4818603720,4157661.4236113802,0.7547268112685741
329965.4756681930,4157661.4159226301,0.6447340573014769
329965.4685061090,4157661.4069029498,-0.3820404180541605
329965.4604082230,4157661.3968020398,-0.4515621638784209
329965.4520737940,4157661.3865310401,-1.124356769301228
329965.4443501180,4157661.3772843899,-2.603591032143331
329965.4380446060,4157661.3701524301,-6.571019645324773
329965.4340099570,4157661.3660265198,-101.4739590038598
329965.4330101500,4157661.3655518498,-355.7420883276129
329965.4351279640,4157661.3685285500,-10.30523663781456
329965.4399714190,4157661.3745543100,-1.841563448597376
329965.4462061620,4157661.3820601800,0.9712959358804697
329965.4524055460,4157661.3896694900,0.8598595137204779
329965.4561614120,4157661.3943440900,-233.5871340442712
329965.4561804210,4157661.3940507299,-155.3290612825288
329965.4515147610,4157661.3875904200,-0.7255055390838622
329965.4419910010,4157661.3746427600,-0.2326915233439031
329965.4279574210,4157661.3557470101,-0.5140131294358583
329965.4102156580,4157661.3325229799,-0.4044974542452995
329965.3907004890,4157661.3076191102,-0.5906547091471005
329965.3700335890,4157661.2822536700,-0.4913317504967694
329965.3495173020,4157661.2578734201,-0.4156079543043228
329965.3301902090,4157661.2354926402,-0.160657196836013
329965.3132249630,4157661.2160227001,-0.7146775427096387
329965.2986635440,4157661.1998740798,-0.187017529061336
329965.2857327160,4157661.1856437898,0.9193463469314365
329965.2754125930,4157661.1739144102,-0.7327875667537869
329965.2669314650,4157661.1644744398,1.449611265719003
329965.2594180800,4157661.1558111901,-0.4188925675432674
329965.2527262790,4157661.1481655100,-1.357087699483252
329965.2467962850,4157661.1415642402,-2.635497662110923
329965.2422676640,4157661.1367255398,-5.131886088145807
329965.2389441630,4157661.1333755101,-2.877085151455458
329965.2364388440,4157661.1309093200,10.46566732584235
329965.2346843290,4157661.1290691202,20.49605931637401
329965.2325529530,4157661.1265471801,-2.689357476559642
329965.2288422970,4157661.1222624802,3.367765966090674
329965.2227314990,4157661.1148278299,-0.4451830540240695
329965.2132163070,4157661.1033791602,-0.07014949630728796
329965.2003903500,4157661.0879853801,-0.6014432631990851
329965.1848382660,4157661.0698135798,-0.6426699039355681
329965.1674343510,4157661.0501297298,-0.5948112386523894
329965.1497791610,4157661.0307787699,-0.6453067266789203
329965.1334168010,4157661.0134164402,-0.4586642250004083
329965.1195855520,4157660.9990322501,-1.149816405291195
329965.1085348680,4157660.9880004502,0.8233831632087364
329965.0999906690,4157660.9792731400,1.511633557674378
329965.0942449570,4157660.9732188899,4.907956227204795
329965.0903431210,4157660.9688087599,3.944555620418764
329965.0868675920,4157660.9646999598,0.8819736691317657
329965.0822966370,4157660.9592352998,-1.445045581899862
329965.0759414780,4157660.9518232699,-2.2030865307678
329965.0676341690,4157660.9426002498,-1.055412806428431
329965.0564937260,4157660.9306033701,0.1414788785593055
329965.0434016720,4157660.9164333199,0.2847691540023082
329965.0294873520,4157660.9012004798,-0.004874954357804267
329965.0153758550,4157660.8857549201,-0.5572799909351248
329965.0016066210,4157660.8710261700,-0.2827544161880568
329964.9886474160,4157660.8573163198,-0.02555885905885177
329964.9775102870,4157660.8455446600,-0.7940474417391321
329964.9676818790,4157660.8354036999,-0.2041853571606048
329964.9584164360,4157660.8258969602,0.8804714827739576
329964.9501486180,4157660.8172229198,-1.172822113522576
329964.9422864940,4157660.8091962300,1.954268516940392
329964.9339174220,4157660.8002502401,0.6009499429900377
329964.9244528230,4157660.7899720599,0.5119983094808459
329964.9133093500,4157660.7776790401,-0.2877198002651333
329964.9004388210,4157660.7636263100,-0.2272821297889569
329964.8860392320,4157660.7480478100,-0.5328724579238078
329964.8708811090,4157660.7320233299,-0.4533028165794569
329964.8566261130,4157660.7172420700,-0.9952099924226436
329964.8434538170,4157660.7041053800,-0.4929998351020881
329964.8328697980,4157660.6937225200,-1.068484648483306
329964.8249026520,4157660.6861197501,0.004243310805895142
329964.8186458150,4157660.6801485699,2.927465146998913
329964.8135765470,4157660.6750813802,5.96763748511131
329964.8087298870,4157660.6698035002,4.074790516990162
329964.8033375480,4157660.6635476998,-0.9758029396448169
329964.7963493830,4157660.6555897198,-0.1180780081289873
329964.7871451180,4157660.6451386400,-1.263677876402973
329964.7765027640,4157660.6335023101,-1.847587490380753
329964.7638729650,4157660.6205321802,-0.07473878057835497
329964.7503598040,4157660.6066936799,-0.3137620077430531
329964.7368071290,4157660.5929819099,0.0608808938438028
329964.7236510140,4157660.5796405100,0.440293344836593
329964.7115338800,4157660.5671556098,0.1219897527669637
329964.7001998310,4157660.5554294200,0.3292831781656366
329964.6898503800,4157660.5446109502,-0.3008800016156483
329964.6802029600,4157660.5346136000,-0.02164826828795658
329964.6706199010,4157660.5246889000,-1.295878576911689
329964.6612226960,4157660.5152924201,0.01535356270526334
329964.6520681680,4157660.5061349100,-0.3429038151419529
329964.6434196980,4157660.4975578501,-0.00825317532457957
329964.6359985470,4157660.4901993498,0.370676194767972
329964.6297069130,4157660.4839159399,2.082199808843568
329964.6251700100,4157660.4792372100,-1.445339401684679
329964.6221452370,4157660.4761663298,11.31094528387922
329964.6204544410,4157660.4743118500,-9.257183635310176
329964.6193848310,4157660.4731821399,-21.60811883336709
329964.6172334370,4157660.4711220502,12.00253247157558
329964.6136091930,4157660.4672900299,-0.252142903666392
329964.6075134650,4157660.4608677900,1.11735851744122
329964.5984962670,4157660.4511292800,0.4312759442401419
329964.5868757750,4157660.4384124801,-0.3520665505458593
329964.5723614900,4157660.4227439300,-0.5401674286598598
329964.5558900650,4157660.4053931399,-0.7986656302204654
329964.5380204160,4157660.3872974799,-0.5461761404370866
329964.5200841350,4157660.3696295400,-0.6762576420473505
329964.5036048930,4157660.3539150199,-0.04367909346333531
329964.4893406850,4157660.3403379801,-0.2490798324916526
329964.4783426390,4157660.3299602699,-0.8018158183272324
329964.4714405000,4157660.3235745500,-1.630232035654817
329964.4682156090,4157660.3206573501,-50.86141814635656
329964.4677575070,4157660.3203369598,-912.3207021345155
329964.4683582390,4157660.3208729601,-43.63425922365187
329964.4696357880,4157660.3218960301,14.49887506155412
329964.4705139600,4157660.3226288101,111.3035142891032
329964.4711736440,4157660.3233252498,-83.42590273238119
329964.4721822830,4157660.3242039201,85.69475939718639
329964.4729599230,4157660.3250423698,1634.650758229495
329964.4728606470,4157660.3250730000,1030.073137899953
329964.4716657640,4157660.3239786299,27.65330235088573
329964.4700780160,4157660.3223591601,-0.4378138244738785
329964.4675193220,4157660.3197561000,11.32958447036187
329964.4640499060,4157660.3158521601,-2.532398209785858
329964.4596462000,4157660.3110428802,-3.419202265757962
329964.4538694620,4157660.3050470199,-0.5109879476910134
329964.4468867450,4157660.2978670802,-0.90412226814166
329964.4388516730,4157660.2897636099,0.0007372506171637987
329964.4294131720,4157660.2802445898,-0.0008648530301766956
329964.4194384460,4157660.2701850100,0.02232823939161066
329964.4088822410,4157660.2595320698,-0.1962297751192935
329964.3984789960,4157660.2490945701,-0.02457670052979104
329964.3883303110,4157660.2389197499,-0.3623276973114014
329964.3786150070,4157660.2292779498,-0.5684036258012753
329964.3702869640,4157660.2211311101,-1.731083039050919
329964.3632674300,4157660.2145130802,-0.2164639987440494
329964.3583853040,4157660.2099264902,-3.98812324299469
329964.3558082140,4157660.2076019598,-251.6791085518781
329964.3555280760,4157660.2075317400,-712.1746824493829
329964.3567323020,4157660.2088881899,-25.54710619593224
329964.3586702830,4157660.2108306298,-18.67904937279263
329964.3602526030,4157660.2122780099,-247.5500790883087
329964.3607028740,4157660.2124744598,-616.60087728003
329964.3594989470,4157660.2109863199,-26.87828823669539
329964.3563135580,4157660.2076856499,0.2873246458705458
329964.3515073890,4157660.2026890200,-1.448866193551839
329964.3463204040,4157660.1974073802,-1.363270101093052
329964.3409006370,4157660.1920008501,-1.355090104367881
329964.3357145890,4157660.1869309400,0.423733321629196
329964.3311361920,4157660.1824290599,1.341200010364984
329964.3270886510,4157660.1783838100,3.264649522362959
329964.3233634700,4157660.1745234798,-0.5477633061202604
329964.3183181610,4157660.1693311199,2.197881933445121
329964.3124181990,4157660.1630435302,-0.8393812590891994
329964.3059165010,4157660.1562190098,-0.9183498932577877
329964.2984085850,4157660.1484833099,-0.8808299032238962
329964.2910532170,4157660.1410452900,-1.376104318346102
329964.2847606610,4157660.1348487400,-1.982261806188279
329964.2803943650,4157660.1306740302,-14.90476708488975
329964.2785259680,4157660.1291011502,-596.3624018128048
329964.2785734850,4157660.1294152201,-370.7271369220541
329964.2804096270,4157660.1314306301,2.925589138303108
329964.2822072990,4157660.1334355101,-55.39247331008985
329964.2833733130,4157660.1344626001,-889.1845192491
329964.2831980940,4157660.1339498800,-189.4529386572764
329964.2813498720,4157660.1316046002,-8.619773348550098
329964.2776689230,4157660.1272765598,-3.862718759411518
329964.2724878920,4157660.1214958299,-3.223916495636396
329964.2657205960,4157660.1143630100,-0.7616025914356078
329964.2576284660,4157660.1059723902,0.3187340395859946
329964.2485016910,4157660.0964336200,0.09729842281804685
329964.2385689710,4157660.0860245898,1.544955769229747
329964.2285791770,4157660.0750711998,-0.01144646046499532
329964.2182661470,4157660.0637673102,-0.07417059193748493
329964.2077078400,4157660.0522212200,-0.8827723876488199
329964.1970612200,4157660.0408956502,-0.8272357288341013
329964.1865841480,4157660.0300297099,-1.130339139342406
329964.1765510210,4157660.0199633301,-0.01614162192928693
329964.1677237490,4157660.0111106201,-0.1934692536004066
329964.1604639900,4157660.0038619302,-0.536805073846881
329964.1548383080,4157659.9982993500,2.9076291688504
329964.1508646070,4157659.9942115699,3.108133154243092
329964.1479224600,4157659.9910893999,7.164841429795477
329964.1449185180,4157659.9876926602,0.03566707891596665
329964.1410973120,4157659.9833701900,-0.752233184996186
329964.1357726740,4157659.9774095300,-1.229139837056385
329964.1292880500,4157659.9703065702,-1.024401974829539
329964.1213957450,4157659.9618478999,0.02718941128247764
329964.1123702420,4157659.9521681699,-0.1242537272956323
329964.1027437100,4157659.9418789200,-0.1817638778665805
329964.0930223430,4157659.9315416901,0.1352064895675388
329964.0836019100,4157659.9214864299,0.05221037366648857
329964.0745963870,4157659.9118604702,0.7668136673125695
329964.0663302970,4157659.9028505301,-0.6666265294678273
329964.0584371150,4157659.8943829099,-0.2541267012066663
329964.0505448100,4157659.8859659298,-0.334309083641165
329964.0423317620,4157659.8772755400,0.8517724534273767
329964.0336801620,4157659.8679260602,0.1563626596898222
329964.0243352480,4157659.8577852300,0.3712695198241017
329964.0143402590,4157659.8468226301,0.177678836785176
329964.0037432020,4157659.8351360001,-0.1928187859258321
329963.9929538610,4157659.8233103398,-0.01352854030897578
329963.9822406690,4157659.8115732302,-0.7142112526999502
329963.9716638590,4157659.8002432599,-0.6983511046479774
329963.9607415390,4157659.7887967401,0.009443973909623359
329963.9499667920,4157659.7775015198,0.2732029708497812
329963.9392780980,4157659.7662005699,0.2152476134291482
329963.9282427360,4157659.7544531398,0.8723195271439588
329963.9166729290,4157659.7417728398,0.3856074436590557
329963.9045074840,4157659.7282558400,-0.2304426293265872
329963.8917491660,4157659.7142016101,-0.6288024788037855
329963.8780217570,4157659.6994487201,-0.1208454609020963
329963.8641991160,4157659.6846659901,-0.7115546314453847
329963.8507719520,4157659.6707058302,-0.1958606806194194
329963.8378516350,4157659.6573721399,-0.5124905701662303
329963.8260771320,4157659.6454390199,0.3356248252171623
329963.8149468360,4157659.6340342802,0.4791742369350546
329963.8047951000,4157659.6234785998,0.6208274524243678
329963.7948541940,4157659.6129533299,1.200701513058731
329963.7843725470,4157659.6014466998,0.3365097742386011
329963.7732114900,4157659.5890599201,-0.9286393778710226
329963.7598212170,4157659.5746937501,0.6036136490571175
329963.7454233080,4157659.5588576901,-1.297131131012902
329963.7292854220,4157659.5421091998,-0.1033832506422432
329963.7124601030,4157659.5247327602,-0.08094955124933613
329963.6963882250,4157659.5081978301,-0.1992636527387629
329963.6819381160,4157659.4934603199,-0.2415875344987628
329963.6693379160,4157659.4807286598,-0.2139873030378511
329963.6588498750,4157659.4702052502,-0.03110268751728733
329963.6494497250,4157659.4607816599,0.03158330373881666
329963.6406232220,4157659.4519259301,1.352326582417161
329963.6303732950,4157659.4412551899,1.293434341628637
329963.6181996200,4157659.4280318902,0.4657475799914681
329963.6038907750,4157659.4122008900,-0.3575705964956296
329963.5866322970,4157659.3934249901,-0.1216167630970272
329963.5677652790,4157659.3730321401,-0.7622702253285492
329963.5477007630,4157659.3522631801,-0.5631034306594728
329963.5278635820,4157659.3323778999,-0.8434890209348379
329963.5094871660,4157659.3147705402,-0.4150996501856838
329963.4935608780,4157659.2998078899,-0.1657044106586917
329963.4815284810,4157659.2885752199,-0.40247485963042
329963.4734883320,4157659.2811520100,3.610404237479587
329963.4683511180,4157659.2760871998,4.379573524671506
329963.4648947770,4157659.2724924898,10.32118928971957
329963.4613476560,4157659.2683824799,0.2498462919038307
329963.4556919100,4157659.2618058398,-1.842853436694488
329963.4464934340,4157659.2515468099,0.1004287507672854
329963.4332118970,4157659.2366834101,-0.07277979874762673
329963.4167733120,4157659.2183468798,-0.7003727880813307
329963.3974432030,4157659.1975739300,-0.3263290682471148
329963.3764795050,4157659.1754747098,-0.3728753649400966
329963.3556473070,4157659.1540034199,-0.8323276475652038
329963.3356241020,4157659.1343383798,0.06673430438981105
329963.3183241740,4157659.1172884302,-0.350047677750838
329963.3037215020,4157659.1031199400,0.2878022142332086
329963.2916918640,4157659.0913223200,0.9197155701031257
329963.2817922500,4157659.0813336400,0.9600797637678521
329963.2727121980,4157659.0719300099,0.5026895781243971
329963.2636329910,4157659.0624023299,0.861862365975094
329963.2541105610,4157659.0521726301,0.5191050447040791
329963.2437140120,4157659.0408318099,-1.03807921624066
329963.2320044940,4157659.0284823198,-0.06344643132696175
329963.2194317650,4157659.0152521199,-0.9142273444384564
329963.2061285430,4157659.0017219302,-0.424558551326238
329963.1922173210,4157658.9878036701,0.1201830429908175
329963.1782660540,4157658.9737789901,0.5934095911433767
329963.1643304260,4157658.9594353400,0.4786878744169763
329963.1503451080,4157658.9447601498,0.1060410626789958
329963.1363071660,4157658.9299659999,-0.3566497943844378
329963.1218072280,4157658.9149086201,-0.5305758108227236
329963.1069023870,4157658.8997731698,-0.4641993265495756
329963.0918554520,4157658.8847917598,-0.1794665556979737
329963.0768044180,4157658.8699198500,-0.1390331659626873
329963.0621000120,4157658.8554745899,-0.2353257094820287
329963.0481265840,4157658.8418764202,0.02064184162685581
329963.0352514790,4157658.8293373799,-0.3818045923880313
329963.0235041760,4157658.8180454900,0.2186481681902627
329963.0127142830,4157658.8076026002,0.2650837013084137
329963.0027517220,4157658.7978861700,0.374381215184047
329962.9934964580,4157658.7887681499,-0.5155960993302695
329962.9844905150,4157658.7800119100,0.1886213894803591
329962.9763014910,4157658.7720137900,-1.365473767943147
329962.9688320800,4157658.7649320499,-0.210884045519044
329962.9617693840,4157658.7582641500,0.3068709323022431
329962.9545866490,4157658.7514419099,1.300603544679885
329962.9470595890,4157658.7441000501,0.8002789821874181
329962.9392614690,4157658.7363617700,0.2965556625408831
329962.9307380390,4157658.7278457698,0.2009978714748893
329962.9210050890,4157658.7180706598,0.02045833265765786
329962.9110214300,4157658.7080380199,-0.9029880955252364
329962.9004185460,4157658.6976584499,-0.7168665244351141
329962.8898911360,4157658.6875679502,-0.8140317024825277
329962.8805484750,4157658.6788107501,0.2823575582228358
329962.8733996210,4157658.6720668399,-2.296162473486408
329962.8689507680,4157658.6680203499,-3.537369439387311
329962.8658250020,4157658.6652783998,12.49643393104128
329962.8636861490,4157658.6632267898,-5.01875002859978
329962.8616404550,4157658.6613205401,11.38647981613758
329962.8583444550,4157658.6579754702,7.876104719279224
329962.8538358380,4157658.6529675098,-1.968774357793202
329962.8471724490,4157658.6458039400,-0.5433153242820115
329962.8386498300,4157658.6367517500,-1.897929758464678
329962.8284834540,4157658.6264910600,-1.277933060206729
329962.8168949320,4157658.6152435401,-0.5885663374440492
329962.8054245000,4157658.6043184502,0.3635855800133254
329962.7948286850,4157658.5941135599,-0.01884222604011838
329962.7854846480,4157658.5851189601,0.2719710876560285
329962.7775653870,4157658.5774459098,1.687321775304674
329962.7709844990,4157658.5708468799,0.3919249721755271
329962.7654890570,4157658.5652991701,-0.2451365768911437
329962.7596041590,4157658.5593817802,1.585378726153138
329962.7528526670,4157658.5523957699,-1.265707056020284
329962.7448658130,4157658.5443488499,-0.6337337581846884
329962.7356097580,4157658.5351661402,0.0234216202892113
329962.7254679160,4157658.5250982200,-0.3027068617114204
329962.7149070980,4157658.5147063499,0.4061376522189319
329962.7041942350,4157658.5040359101,0.2025331323750314
329962.6938268470,4157658.4936470701,-0.2196552891046029
329962.6838343560,4157658.4836970000,-0.1782294449285566
329962.6746514870,4157658.4745970601,-0.2532933401626598
329962.6666393900,4157658.4667057898,-1.405466934527348
329962.6594115710,4157658.4597964901,1.615821081098582
329962.6535647270,4157658.4540403802,-0.7877165940058614
329962.6485260700,4157658.4491391000,0.4604041493322287
329962.6439335360,4157658.4446440102,2.21369348442906
329962.6393087520,4157658.4399852799,1.549234539802928
329962.6342879310,4157658.4348185398,2.561716151809644
329962.6286421630,4157658.4287734302,0.8756372378711597
329962.6219582970,4157658.4215018200,0.4496589587330289
329962.6140362990,4157658.4127985700,-0.8396121593767297
329962.6050196710,4157658.4030993101,-0.4047244131506094
329962.5953058330,4157658.3927656598,-1.276058885550439
329962.5855857540,4157658.3827900798,-0.2783116899695539
329962.5758135610,4157658.3728385400,0.7433779685506604
329962.5661871210,4157658.3628303902,0.09795169390229116
329962.5563478380,4157658.3525727401,0.6457258239950816
329962.5458052130,4157658.3413694799,0.2936552962171238
329962.5345467300,4157658.3292926801,0.210389016698189
329962.5217928500,4157658.3155095601,0.6135641574059568
329962.5081507130,4157658.3004067801,-0.4285128265954872
329962.4937374850,4157658.2847337802,-0.6864504274414339
329962.4786847360,4157658.2688445598,-0.874655263766917
329962.4637765030,4157658.2536910698,-0.5768105225752752
329962.4492701060,4157658.2392964200,-0.1267554736257594
329962.4363209090,4157658.2265097499,-0.002632832927674209
329962.4248660970,4157658.2151997299,1.092206685203107
329962.4147731920,4157658.2048965902,2.009040525137007
329962.4065119250,4157658.1960003502,0.3016592918173556
329962.3992180980,4157658.1880913000,0.6932600146881708
329962.3924916560,4157658.1806913498,-1.862208250605893
329962.3858018300,4157658.1735982401,-1.065474594756076
329962.3787222910,4157658.1662500100,-0.3877615777043099
329962.3711794190,4157658.1584844799,0.3251443227479924
329962.3633571570,4157658.1503732200,1.179239186594552
329962.3551643030,4157658.1416413002,0.9593258177442318
329962.3463800600,4157658.1320513599,0.778691278324566
329962.3365998980,4157658.1211405601,-0.01024754617023842
329962.3253551740,4157658.1085999599,-0.05521436511651811
329962.3124015360,4157658.0941825402,-0.4342089208906522
329962.2974169050,4157658.0778044602,-0.1604823102261293
329962.2805219780,4157658.0594780701,-0.3153930674921173
329962.2622430610,4157658.0399717102,-0.4261172971554084
329962.2431897100,4157658.0201043002,-0.214613813615025
329962.2241901460,4157658.0005247998,-0.2930220704449283
329962.2063251640,4157657.9823968802,-0.1523871669908405
329962.1904183180,4157657.9663736299,-0.2841624812109206
329962.1770107000,4157657.9530262202,-0.3130982018046373
329962.1660166980,4157657.9421986700,0.1641101567280664
329962.1576747390,4157657.9339462998,-0.6002240135813177
329962.1513114180,4157657.9277288001,1.007594415392023
329962.1449337960,4157657.9213839499,2.427693785427077
329962.1373700560,4157657.9134858898,0.8018362896042425
329962.1272107910,4157657.9026556402,0.2195605622215904
329962.1139863610,4157657.8884510999,0.0518940100404633
329962.0975906870,4157657.8708003801,-0.1026298757393398
329962.0786033920,4157657.8504685401,-0.3030843717174834
329962.0584763040,4157657.8292862400,-0.8188905683477478
329962.0386922550,4157657.8094191500,-1.130326309065566
329962.0204016120,4157657.7921244199,-1.043144916104179
329962.0049326460,4157657.7781851701,-0.8034664323867858
329961.9937977490,4157657.7684364798,-0.003586471651359257
329961.9860624510,4157657.7616647799,5.00284262698437
329961.9809536280,4157657.7567850701,10.28245488476552
329961.9770797340,4157657.7525640498,9.54605347522695
329961.9732356490,4157657.7478705398,-1.25351634706332
329961.9679514610,4157657.7415355300,-3.571357703554827
329961.9596960720,4157657.7323477301,-0.890626422073596
329961.9488502720,4157657.7205793001,-2.177691814242504
329961.9357671350,4157657.7074137898,-0.5209343726098494
329961.9214055610,4157657.6932504699,-0.3658982915449671
329961.9075516370,4157657.6797838402,0.2802647574103736
329961.8950008840,4157657.6674570502,0.3536995864780364
329961.8841415430,4157657.6566666402,0.8826012227703683
329961.8746974670,4157657.6470409599,1.104759383251952
329961.8657694040,4157657.6376714599,0.8711086750770893
329961.8571126190,4157657.6283810800,-1.147799086903997
329961.8469235580,4157657.6177853202,0.4346716831389786
329961.8353697980,4157657.6056046300,-0.5320869067718729
329961.8224940470,4157657.5922831502,-0.3288988529189917
329961.8086398950,4157657.5781290499,-0.2405373316062784
329961.7947039410,4157657.5640264801,-0.5176037612514633
329961.7812876660,4157657.5507192202,-0.05668530175246436
329961.7690993710,4157657.5386546399,-0.3489681766065157
329961.7584007000,4157657.5281826202,0.7359455963149464
329961.7492868320,4157657.5190770598,0.1867576734690362
329961.7417109030,4157657.5114745800,-0.009309760632536565
329961.7344893080,4157657.5042290902,1.435790813382512
329961.7269066370,4157657.4963868400,0.7391602626612072
329961.7183472480,4157657.4873802899,-0.2218802769787856
329961.7077871460,4157657.4763366799,0.01154888533661099
329961.6951296200,4157657.4630944701,0.1073900396151688
329961.6809016380,4157657.4481467898,-0.4937551640778216
329961.6656935750,4157657.4325011498,-0.27225249997302
329961.6502956020,4157657.4168478600,-0.6404597995287248
329961.6354554060,4157657.4021698199,-0.4512467629635494
329961.6220536210,4157657.3891490400,-0.7657050260802979
329961.6107513990,4157657.3784526000,0.1535032440964565
329961.6019031370,4157657.3700427702,0.1306116871162184
329961.5951967580,4157657.3636507699,2.28622954943725
329961.5898250790,4157657.3583300202,2.549667307430922
329961.5836832280,4157657.3519867398,1.587016294254283
329961.5755469520,4157657.3433022201,-0.6082615674862879
329961.5642869730,4157657.3314883900,0.3742604322001954
329961.5502795450,4157657.3165880102,-0.3390327153407129
329961.5340802900,4157657.2996111200,-0.2937972103355652
329961.5170890230,4157657.2820532299,-0.5181862475455378
329961.5008391870,4157657.2656699298,-1.561603222779553
329961.4860800760,4157657.2517642002,-1.791181552138878
329961.4739886960,4157657.2410942200,-0.7047000305385632
329961.4656867510,4157657.2339080698,-0.7323745156766207
329961.4605581060,4157657.2295266301,9.269605003986587
329961.4569735910,4157657.2261114800,31.85261095680252
329961.4543536890,4157657.2227551802,-1.310169084118745
329961.4515044350,4157657.2191483900,-9.232646335435511
329961.4458861300,4157657.2128548198,0.8157031121298244
329961.4375755300,4157657.2033830201,-1.882633821360898
329961.4260326460,4157657.1909434600,-1.030135904583744
329961.4123044710,4157657.1766993902,-0.8451008449893574
329961.3975313490,4157657.1618895102,-0.2280594553371435
329961.3831076380,4157657.1475652899,0.008948644826329708
329961.3708185240,4157657.1353568300,-0.5886584012480387
329961.3594762420,4157657.1243068199,1.106917254683544
329961.3485937340,4157657.1133310399,0.08240966546480737
329961.3381573970,4157657.1027789400,1.772493245513816
329961.3275908130,4157657.0915052900,0.2731712451915081
329961.3163294500,4157657.0793846399,-0.1859766512719735
329961.3041490460,4157657.0663585798,-0.585127914982306
329961.2916755670,4157657.0532967900,-1.444579169857078
329961.2786457040,4157657.0403520502,-0.8702405052030683
329961.2639381700,4157657.0262253899,0.4914163117251625
329961.2482213100,4157657.0108112199,0.02964124359685292
329961.2310102980,4157656.9939085701,0.2902673081060684
329961.2129379900,4157656.9759024801,0.6312416176811922
329961.1951420970,4157656.9575910899,0.1360918014056522
329961.1785254400,4157656.9403775600,-0.7923833016537067
329961.1638115150,4157656.9256660300,-1.592968576489044
329961.1512832160,4157656.9138761899,-3.057853084103249
329961.1413236010,4157656.9053385002,-5.104979380935159
329961.1337868130,4157656.8995970902,3.162709963196946
329961.1280180360,4157656.8949540602,9.55431552210467
329961.1237835910,4157656.8910838598,13.76074680932095
329961.1196577210,4157656.8866473399,11.05239970837824
329961.1148296120,4157656.8805883802,-1.479162363499118
329961.1080990880,4157656.8723734999,-3.137726888734587
329961.0982186190,4157656.8612527000,-2.033150732376918
329961.0857315580,4157656.8481135601,-1.792790559892539
329961.0699107150,4157656.8326263400,-0.3176167843148897
329961.0528704800,4157656.8161865300,-0.2181084704235957
329961.0364119900,4157656.8004681100,-0.1799753465108759
329961.0203143480,4157656.7852182901,0.70221262777256
329961.0053708070,4157656.7706268402,0.4245282086851878
329960.9910148450,4157656.7563622198,1.285160400039455
329960.9775216640,4157656.7422517398,-0.9281833953500334
329960.9634126640,4157656.7280293899,-0.0304609646016207
329960.9482396990,4157656.7127538798,-0.6977039366022847
329960.9329385790,4157656.6978038698,-1.042278154118127
329960.9175720660,4157656.6834401400,-0.5918039524343073
329960.9025804110,4157656.6697664401,-0.3847693350166573
329960.8888359180,4157656.6574167898,0.5152666003105695
329960.8765121450,4157656.6461401298,1.305382967870534
329960.8664047570,4157656.6365128900,1.411387988133482
329960.8578077250,4157656.6280174800,1.085350496758184
329960.8505684080,4157656.6206877702,-0.1110785565849359
329960.8441220510,4157656.6141750198,-2.104072500233013
329960.8372955250,4157656.6075440398,-0.6949735132029867
329960.8291138200,4157656.5997110698,-0.1350917240422917
329960.8192221080,4157656.5902729402,0.01070442824935893
329960.8070364080,4157656.5786422100,0.9293737220027094
329960.7930740110,4157656.5648560701,0.492040793037655
329960.7779386610,4157656.5496064299,0.03244027490942247
329960.7616095420,4157656.5331301400,-0.3447626614123189
329960.7445349820,4157656.5161801102,-0.8335040840332586
329960.7268685420,4157656.4993372001,-0.6655138825197794
329960.7091036670,4157656.4829404200,-0.5918907997182358
329960.6918741690,4157656.4674789999,0.08892367103514261
329960.6756520590,4157656.4528629100,0.1016374643151121
329960.6610065280,4157656.4396111299,0.289462000497919
329960.6485194290,4157656.4281912502,0.6812916155189436
329960.6386183830,4157656.4189458801,0.6949416034682404
329960.6311530150,4157656.4118582201,-0.7115038384172987
329960.6252013980,4157656.4062815402,0.6495371889292765
329960.6201364830,4157656.4014887498,-3.254669302552817
329960.6156121800,4157656.3973864899,-4.273037290968053
329960.6106988980,4157656.3931665700,5.808211110399903
329960.6054271320,4157656.3882618099,4.494189471129082
329960.5995829020,4157656.3824329702,1.349233793872701
329960.5918953110,4157656.3745638002,0.9013399826085259
329960.5822018890,4157656.3644148302,-0.5844044817835655
329960.5699146680,4157656.3517861199,-0.3483422666232907
329960.5556312780,4157656.3372986699,-0.7388474103473346
329960.5397417680,4157656.3216818199,-0.3000225973711027
329960.5228798540,4157656.3053353098,-0.4377443817576905
329960.5060938600,4157656.2893915200,-0.5794634014338231
329960.4901034930,4157656.2745946399,-0.1582432006066731
329960.4758744950,4157656.2615133300,-0.2519733844685837
329960.4639816910,4157656.2506773002,0.87121572501012
329960.4544222230,4157656.2417423101,1.725549296907143
329960.4470674990,4157656.2345850901,1.585633531704024
329960.4409339420,4157656.2284341599,-2.038766784818434
329960.4353023630,4157656.2229738198,-0.6003152295979889
329960.4296541000,4157656.2175486302,0.859319686301241
329960.4242015800,4157656.2122414601,-0.02920808432399035
329960.4187267620,4157656.2069149599,1.37312844318855
329960.4130213820,4157656.2012432902,1.691890174556966
329960.4074267720,4157656.1955287098,-1.547152322790038
329960.4017581080,4157656.1898800698,0.7064206523474815
329960.3956682560,4157656.1837399299,0.5791901007028175
329960.3883245350,4157656.1762530399,1.703056881146805
329960.3792300510,4157656.1665981901,-0.02034695008120695
329960.3681095600,4157656.1547995899,-0.3047347527039329
329960.3543945850,4157656.1404077001,-0.05236870125668362
329960.3391199280,4157656.1244144002,-0.2918264082637807
329960.3238915060,4157656.1086731800,-0.4773012938671258
329960.3094917540,4157656.0940868100,-0.4758721196968791
329960.2968210730,4157656.0814841399,-1.395361060021923
329960.2864968860,4157656.0716656400,-2.446911951414156
329960.2787225330,4157656.0647068298,-3.138717674751357
329960.2727731030,4157656.0596804000,6.865614484057098
329960.2678040120,4157656.0550364200,12.56466648905318
329960.2631998170,4157656.0499249301,5.589402017432686
329960.2578611150,4157656.0434640399,-0.8356850999650355
329960.2508776490,4157656.0351496902,-1.505208008915668
329960.2422453130,4157656.0252412702,-2.247019516572429
329960.2317020060,4157656.0138975899,-1.508683258606441
329960.2199743640,4157656.0018801801,-0.8883542202899726
329960.2072984400,4157655.9892849498,-0.3310274398010455
329960.1949751500,4157655.9771817401,0.1978114641896765
329960.1838474810,4157655.9661813900,1.658718498180309
329960.1743392530,4157655.9563129200,1.823206800395761
329960.1661855590,4157655.9474426801,0.2402072244629283
329960.1575901730,4157655.9380358700,0.8922212761990738
329960.1477498410,4157655.9269973501,-1.359266754042828
329960.1357526920,4157655.9141214900,-0.2944361562930354
329960.1220299820,4157655.8995562200,-0.3587365435802745
329960.1072724490,4157655.8841236201,-0.3363300457063401
329960.0923870430,4157655.8687795699,-0.2868450336892335
329960.0788417170,4157655.8549790601,-0.7306228140541399
329960.0676725710,4157655.8438874502,-1.529631791059574
329960.0589471420,4157655.8355833301,-1.382995653173963
329960.0528956000,4157655.8299836800,8.135473767775412
329960.0494289570,4157655.8264112398,4.259246530876272
329960.0474915080,4157655.8243470602,27.21099451241907
329960.0458216270,4157655.8222779599,-2.365697087859609
329960.0433510020,4157655.8192647900,-5.647946601929388
329960.0384684950,4157655.8136836500,-1.348250814999399
329960.0300862540,4157655.8043581699,0.4824483813656029
329960.0178311940,4157655.7905171001,-0.1374645680844447
329960.0016784730,4157655.7723816498,-0.1746597317264829
329959.9830989500,4157655.7517115599,-0.2571443701173433
329959.9632646860,4157655.7299694400,-0.4639976690237118
329959.9442055030,4157655.7096268502,-1.012061040003366
329959.9266012200,4157655.6918178000,-0.5571452945988341
329959.9119627250,4157655.6773805502,-1.192931104403429
329959.9014803670,4157655.6674652202,-3.375254582701683
329959.8949613590,4157655.6617633100,0.823351338997258
329959.8925250250,4157655.6596111702,-112.5493050925882
329959.8934586730,4157655.6606312599,-21.1385597098371
329959.8964062920,4157655.6634982000,2.545182120294903
329959.8994833590,4157655.6665561199,-29.67078624040906
329959.9008013050,4157655.6676493501,-624.1289463001865
329959.8994309340,4157655.6657718099,-10.69166439061916
329959.8946418290,4157655.6598914699,-0.9195711155197031
329959.8856039000,4157655.6490178099,-0.04714112848817137
329959.8728570350,4157655.6337068998,-0.3029073362474584
329959.8568570800,4157655.6147511699,-0.4087682970456789
329959.8386823180,4157655.5936828800,-0.211224846646096
329959.8198365360,4157655.5720984000,-0.314687920336395
329959.8020915970,4157655.5521286000,-0.2607072654872882
329959.7867469040,4157655.5350834499,-0.9780675460234151
329959.7743734900,4157655.5218814402,-1.503320547977647
329959.7648091510,4157655.5121525102,-2.566629553743545
329959.7572386990,4157655.5049141301,2.59265268543944
329959.7510379000,4157655.4986815602,6.19336219713161
329959.7453498560,4157655.4923150400,8.234964845481164
329959.7397633960,4157655.4850618499,1.681859811071299
329959.7336031080,4157655.4767868100,-1.150355330514172
329959.7266840570,4157655.4677308798,-3.887594532143647
329959.7188922620,4157655.4584451802,-3.903446264646614
329959.7106728080,4157655.4495414100,-2.380364744806573
329959.7026573560,4157655.4413334499,-0.3301370500194112
329959.6954323320,4157655.4339879099,3.005312035847266
329959.6890359510,4157655.4270874299,4.621592897660922
329959.6834923500,4157655.4205856202,3.488722968216687
329959.6779255920,4157655.4136391599,1.792215051605694
329959.6713338600,4157655.4051096798,0.05371856988278968
329959.6624066790,4157655.3935419102,-0.5168208417101311
329959.6504868600,4157655.3783729500,-1.086827021893466
329959.6355593130,4157655.3602591599,-0.9805361783625079
329959.6185406790,4157655.3405996100,-0.5526329886818111
329959.6014002250,4157655.3213624400,-0.451952037948135
329959.5861823360,4157655.3046543002,-0.2558147551098915
329959.5740849830,4157655.2915095901,-0.5091781214313631
329959.5654359540,4157655.2822571201,-0.06006135431911627
329959.5598728140,4157655.2763132900,1.398777099465692
329959.5562915700,4157655.2724141800,13.34692489788071
329959.5533117480,4157655.2686974499,1.079587032996806
329959.5488548420,4157655.2630643002,-0.0912935767023063
329959.5417727440,4157655.2541287201,-0.5670010973954096
329959.5316443050,4157655.2415525699,-0.4678632961400973
329959.5187280030,4157655.2257923898,-0.4989224918272846
329959.5038617850,4157655.2080494598,-0.5837856324291533
329959.4880015210,4157655.1896440201,-0.5245920371748523
329959.4725719990,4157655.1721840599,-0.8085248601392764
329959.4585303480,4157655.1568541401,-0.2189119796471535
329959.4463600660,4157655.1436798298,-0.08077181478714097
329959.4367231560,4157655.1332749999,0.5164457619439355
329959.4292921820,4157655.1251464402,3.13879657790112
329959.4237186830,4157655.1186606102,3.109356276031805
329959.4190069900,4157655.1128934701,2.845046459590906
329959.4144374200,4157655.1070524701,-1.733414680285656
329959.4092860320,4157655.1006485098,-3.249910268326053
329959.4023777590,4157655.0925792800,-0.3136609807421116
329959.3935003280,4157655.0822893200,0.5332830976643639
329959.3828881770,4157655.0697878902,0.2660888646537052
329959.3711468640,4157655.0558263599,-0.02970005466499325
329959.3585098610,4157655.0408169101,0.2689247146709882
329959.3457458290,4157655.0254918402,-0.2702525838814657
329959.3336038290,4157655.0110680601,-0.7288839768372926
329959.3221953830,4157654.9978739498,-0.6970317397646678
329959.3115549240,4157654.9858545298,-0.8963681585165681
329959.3018881600,4157654.9752303902,0.7264476149240195
329959.2931985480,4157654.9654869800,0.3681311713254972
329959.2850900960,4157654.9563095202,1.462213047171931
329959.2770362950,4157654.9468556801,1.131302066635712
329959.2684851780,4157654.9365156898,0.3577124041509723
329959.2588560110,4157654.9247499998,-0.1916688457808489
329959.2474338990,4157654.9108837098,0.2175318937624837
329959.2351252330,4157654.8958166102,-1.000325811769
329959.2219117780,4157654.8802843401,-0.4673115044746735
329959.2085281570,4157654.8648527102,-0.3440209725457119
329959.1963069540,4157654.8509505899,-1.000149823577111
329959.1855360390,4157654.8391165002,-0.5290374855265154
329959.1763765640,4157654.8292093002,-0.03630472266108371
329959.1686439730,4157654.8208530401,3.375832457599578
329959.1619578300,4157654.8130761301,2.989735934258229
329959.1558359140,4157654.8055094299,1.452032475547398
329959.1489623620,4157654.7967453902,0.496650192914694
329959.1410465010,4157654.7865272099,-1.157325045179928
329959.1316229660,4157654.7747616498,-1.124702285477295
329959.1200797310,4157654.7608873202,-0.2960627466502166
329959.1066927700,4157654.7449837900,-0.3909053982452405
329959.0917917870,4157654.7275854098,-0.1778377910995697
329959.0760495180,4157654.7093594400,0.1182647304114841
329959.0603255230,4157654.6910493500,0.2891347789629892
329959.0458905720,4157654.6740100500,-0.4073214114390676
329959.0330967160,4157654.6591667999,-0.0704679759498107
329959.0227302700,4157654.6471701302,-0.9150326892257831
329959.0147929430,4157654.6382174902,-3.249317377668957
329959.0092681990,4157654.6323797102,-5.367000636452344
329959.0054590630,4157654.6286337702,-0.7156628341501468
329959.0025553150,4157654.6257973500,17.60435810741704
329959.0000244310,4157654.6229572999,15.39928424108487
329958.9970551010,4157654.6191421798,11.60102256866239
329958.9930052960,4157654.6131088901,-3.99208827725041
329958.9866973470,4157654.6044049500,-0.7312405789965295
329958.9777410970,4157654.5922891302,-1.533387539475729
329958.9660784890,4157654.5773440399,-0.8984862401190716
329958.9521092180,4157654.5601095399,-0.4154076070518823
329958.9366360680,4157654.5413918900,0.02617704767020673
329958.9210906750,4157654.5225624200,-0.2061540520966957
329958.9064390960,4157654.5049907798,-0.1326856084731586
329958.8936829270,4157654.4897801802,0.1833156202230482
329958.8828891170,4157654.4768211902,-0.3709595922295863
329958.8734867630,4157654.4656657702,0.7050328184963399
329958.8646472940,4157654.4549619998,0.05966890383526288
329958.8554232980,4157654.4437733199,0.4436869522345689
329958.8452336450,4157654.4312406299,0.399758584138507
329958.8343148100,4157654.4176252601,0.4696993642865165
329958.8227508670,4157654.4029520499,-0.2955252105872379
329958.8104839150,4157654.3875669902,-0.618041194498572
329958.7977900270,4157654.3720414201,-0.7594109303310757
329958.7847948190,4157654.3566335002,-0.5430224783845008
329958.7719785350,4157654.3417665898,0.1167018624524405
329958.7596612820,4157654.3274134099,0.5577833189770525
329958.7477225090,4157654.3132034298,0.5256085361123455
329958.7362221150,4157654.2992444499,0.1200063100526466
329958.7247401280,4157654.2852459801,0.2562131080045375
329958.7130971290,4157654.2709148098,-0.2184015700186299
329958.7017180580,4157654.2570217801,-0.3054985718309688
329958.6903348830,4157654.2432777700,-0.1782767969922239
329958.6793564390,4157654.2301062802,-0.9880384291282862
329958.6688667770,4157654.2179330401,-0.02769961144950394
329958.6591718110,4157654.2066917801,-0.7408032444170252
329958.6504076120,4157654.1967410902,0.5314312855067551
329958.6417227270,4157654.1867392999,2.854951789300586
329958.6332916260,4157654.1762473099,0.8196660244299571
329958.6242992180,4157654.1647897498,0.2401480695384667
329958.6136847460,4157654.1511584702,-0.1673647561516975
329958.6015078700,4157654.1356202601,-0.6603728399771022
329958.5870465130,4157654.1176942899,-0.1948950323691903
329958.5711856710,4157654.0982212201,-0.4566769484338456
329958.5545332920,4157654.0782567901,-0.3045425843129971
329958.5378920930,4157654.0586223099,-0.2148347958919798
329958.5227559600,4157654.0409530299,-0.5186444214238936
329958.5090579000,4157654.0253273202,0.4197939194645296
329958.4976043490,4157654.0120480298,-0.7967943068391141
329958.4879834030,4157654.0011772900,1.212442806767603
329958.4792352680,4157653.9909483199,1.196215584992924
329958.4709376850,4157653.9809293202,1.49381370569316
329958.4624028220,4157653.9701946899,0.3399110071965916
329958.4528623610,4157653.9580725199,-0.553476488952202
329958.4417506800,4157653.9442176800,-0.1886783832258163
329958.4287919220,4157653.9281791002,-0.1588362736198649
329958.4148215390,4157653.9110080702,-0.5737420400836403
329958.3994568510,4157653.8926252699,-0.1016179732895712
329958.3831818500,4157653.8732520901,-0.05456381503198397
329958.3674538870,4157653.8545815600,-0.2855142642345748
329958.3523927370,4157653.8369472101,0.07589680859300077
329958.3382189300,4157653.8202942298,-0.00770303502410424
329958.3245529910,4157653.8042433299,0.04529716778407717
329958.3112629600,4157653.7886041100,-0.06479966849855713
329958.2986020400,4157653.7737443200,-0.3346179430234106
329958.2856667390,4157653.7587632402,1.024992427327954
329958.2733847840,4157653.7439498198,-0.5217603712848375
329958.2617264910,4157653.7301638401,-0.06803665790175584
329958.2503800870,4157653.7167795799,-0.7146408003479431
329958.2396680270,4157653.7044493700,-0.1076852258478783
329958.2293039160,4157653.6925612399,0.709769442046546
329958.2195000260,4157653.6810637200,0.01855369334212251
329958.2096893730,4157653.6695517302,0.9059671361140494
329958.1991232280,4157653.6567864302,0.5650584193062596
329958.1880250820,4157653.6431116601,-0.1954579958436961
329958.1755600380,4157653.6278665699,0.1518859117590205
329958.1616520390,4157653.6107462202,-0.2386290779562893
329958.1461506730,4157653.5918792300,-0.2792820605538854
329958.1291763890,4157653.5715164999,-0.3193839549616251
329958.1113594740,4157653.5505141998,-0.367984096759792
329958.0931045500,4157653.5294351601,-0.3154052776412794
329958.0751426100,4157653.5090546901,-0.02219230123378011
329958.0584068660,4157653.4900877899,-0.1549065433643507
329958.0430061170,4157653.4727653898,-0.02456715167999699
329958.0293454830,4157653.4574168399,-0.05504723763694677
329958.0175664590,4157653.4442104101,-0.02842674610254109
329958.0072108890,4157653.4326109700,0.2010094263431577
329957.9977652490,4157653.4219668000,0.6702629850258852
329957.9885896720,4157653.4114279700,0.523754153846259
329957.9793524660,4157653.4006590098,-0.09510353475587274
329957.9697064000,4157653.3894447000,0.4940185793153441
329957.9593339400,4157653.3771984200,0.5847578278406477
329957.9488066340,4157653.3645269498,-0.580420328274956
329957.9375898070,4157653.3512920002,-0.2495397786016946
329957.9254591430,4157653.3371084998,-0.446584154967765
329957.9126920290,4157653.3224355099,0.08384773984220932
329957.8995277760,4157653.3072553501,0.2287948230617625
329957.8863102190,4157653.2918707300,-0.07018655823872343
329957.8727694870,4157653.2761557801,0.3038390590982577
329957.8591760650,4157653.2601759601,-0.1201663527768117
329957.8461943340,4157653.2449910901,-0.6136832655167483
329957.8329743350,4157653.2299066898,0.2254582580144013
329957.8201771210,4157653.2151726098,-0.4483251438512059
329957.8078236160,4157653.2011928302,-0.3980859120779157
329957.7958411930,4157653.1878304598,0.1354627021297089
329957.7846389410,4157653.1752787600,0.1410317264042887
329957.7740405120,4157653.1633482198,0.6886122691461434
329957.7641508540,4157653.1519730501,-0.139765499099793
329957.7544663100,4157653.1408805400,0.7586895570666747
329957.7449018970,4157653.1296753199,-0.4345693926485832
329957.7355774720,4157653.1188895898,0.2813792657865008
329957.7263269680,4157653.1081023398,-0.003355091553272215
329957.7171767590,4157653.0974330702,-0.2322699349579445
329957.7081512260,4157653.0869778399,-0.65515667223407
329957.6990088740,4157653.0765792602,-0.09763154183575873
329957.6896638960,4157653.0659794402,0.97264101614759
329957.6800845300,4157653.0548014198,0.9087473563359536
329957.6703265330,4157653.0430961601,0.3228885586327914
329957.6598615430,4157653.0304114600,0.1717275843615003
329957.6485635350,4157653.0166346901,-0.2315544667040319
329957.6363693940,4157653.0018942300,-0.350226886472173
329957.6233810850,4157652.9864121699,-0.3199850190566096
329957.6095353820,4157652.9701293400,-0.2561214502442221
329957.5947691210,4157652.9529609699,-0.1074492152344979
329957.5797697590,4157652.9356077202,0.0410838315045569
329957.5651389200,4157652.9186489298,-0.09702827947422497
329957.5511740030,4157652.9025312699,-0.1227583758394559
329957.5377358860,4157652.8871017601,0.4337183309305982
329957.5253648190,4157652.8726494000,-0.1992099909835013
329957.5140983680,4157652.8595833601,-0.7904279086998719
329957.5035536970,4157652.8476736099,0.6213435455647441
329957.4935105510,4157652.8361061299,0.1278957402379014
329957.4840337360,4157652.8251488199,-0.03463858417826742
329957.4743907620,4157652.8140107901,0.1527428906837881
329957.4637470460,4157652.8016578099,0.9099504741750344
329957.4520801710,4157652.7876793700,0.09928000661743862
329957.4391987710,4157652.7721858998,0.5489188484156846
329957.4256010270,4157652.7554445700,-0.767011544188937
329957.4107486100,4157652.7377851000,-0.1031675068797399
329957.3954646910,4157652.7197012901,-0.6884676089802961
329957.3805720290,4157652.7026398601,-0.613654928885721
329957.3663670460,4157652.6868022298,-0.4016056619563469
329957.3533019260,4157652.6724726302,-0.1088602371592505
329957.3415186090,4157652.6596008302,1.007168729006803
329957.3305650690,4157652.6472164299,1.030124760462917
329957.3199292550,4157652.6347725298,0.8448960591084381
329957.3083658630,4157652.6208374398,0.1895748608847177
329957.2951184200,4157652.6047524302,-0.08454540016016429
329957.2800995570,4157652.5865861699,-0.4736810203382593
329957.2630600130,4157652.5664651701,-0.5205297003574774
329957.2444733490,4157652.5451399102,-0.5927042149870776
329957.2252844120,4157652.5238595498,-0.5242156288545079
329957.2066985190,4157652.5038462300,-0.2778971281218272
329957.1899343300,4157652.4860528898,-0.3440934098026278
329957.1750573070,4157652.4705106602,0.7838404389247007
329957.1629691080,4157652.4574863100,-0.04887510851855107
329957.1540831180,4157652.4479266098,1.169979726107432
329957.1481876230,4157652.4414194198,5.240746119253996
329957.1448631940,4157652.4374691402,2.987108110139882
329957.1424598990,4157652.4345346098,-11.91399171066541
329957.1397372190,4157652.4315107800,-6.2359554586388
329957.1356558030,4157652.4272518801,2.71070676430926
329957.1289607580,4157652.4199593398,3.799285325294561
329957.1196551970,4157652.4088289100,1.531317954954833
329957.1074285900,4157652.3934011902,-0.4291373634304688
329957.0915105270,4157652.3737092200,-0.806408316023697
329957.0715263080,4157652.3501028800,-0.462596491766253
329957.0486668830,4157652.3239175598,-0.5291489789463786
329957.0242107460,4157652.2969455998,-0.4502955646296126
329956.9994217460,4157652.2704895199,-0.3026851484982277
329956.9763191130,4157652.2463484900,-0.4045140625825026
329956.9568863020,4157652.2265387401,-0.6482864405709253
329956.9423979090,4157652.2122229501,-1.051515421345486
329956.9328393800,4157652.2031061002,-0.9250235650020503
329956.9269694250,4157652.1976165199,1.155379243749517
329956.9231301940,4157652.1939702402,15.21781394754433
329956.9196820140,4157652.1901294501,7.149144095270869
329956.9149666690,4157652.1843757802,-0.9238625194122131
329956.9083440360,4157652.1764289001,-1.522247353874833
329956.8997000660,4157652.1664268398,-1.336560428216474
329956.8898791440,4157652.1554825599,-1.88370748486734
329956.8795076280,4157652.1445570602,-1.070195476302567
329956.8700080200,4157652.1348523698,-1.393255453073844
329956.8628383430,4157652.1277654502,-4.711114521602252
329956.8575395670,4157652.1229373100,3.645500547997205
329956.8533655120,4157652.1189497900,9.51072932828639
329956.8491127700,4157652.1143953800,6.459020773991178
329956.8434408040,4157652.1076979800,0.2699568821998127
329956.8343926040,4157652.0969469598,-0.1291684865353027
329956.8208397630,4157652.0809173300,-0.5705439959862635
329956.8032325430,4157652.0606596000,-0.8689136775893721
329956.7828951980,4157652.0383987599,-0.9270894475364975
329956.7608603550,4157652.0156264501,-0.6628762250387865
329956.7396755950,4157651.9946078300,-0.5098617902313433
329956.7222761110,4157651.9778139498,-0.9953269767534135
329956.7100579540,4157651.9664915702,-1.332569733729385
329956.7036859050,4157651.9607826299,-90.18933812210841
329956.7031821300,4157651.9606209099,-151.2076232642105
329956.7077805630,4157651.9652028298,0.5329188091097127
329956.7152795240,4157651.9727433701,0.6361786593721186
329956.7226896600,4157651.9802958500,1.923993724676085
329956.7281178100,4157651.9860286200,1.893548389933067
329956.7304576050,4157651.9885534602,-89.92862999384099
329956.7294462840,4157651.9872655300,-9.99023825015257
329956.7255275060,4157651.9826514502,0.1677524469909483
329956.7190688000,4157651.9750260101,-0.2724022941034047
329956.7115142850,4157651.9661599300,-1.406774931554787
329956.7035440450,4157651.9571158299,-0.9892613096149891
329956.6954974140,4157651.9482012400,-0.3411272314181915
329956.6879739700,4157651.9399322602,-0.4890783848235153
329956.6808641590,4157651.9322006600,1.911560609979584
329956.6741665430,4157651.9246228999,0.5506880067514405
329956.6677367630,4157651.9172674101,1.208991050665707
329956.6611159850,4157651.9095063000,0.4988464052712129
329956.6540413420,4157651.9011239102,-0.8386750580961252
329956.6457264470,4157651.8914684402,-0.2384431796672823
329956.6357727070,4157651.8799874601,-0.0925653576980083
329956.6245915300,4157651.8671295200,-0.4873855919391719
329956.6120767980,4157651.8529899400,-0.2509759151358524
329956.5987271260,4157651.8380546100,-0.1288972369914358
329956.5851350710,4157651.8229275001,-0.4323772111335243
329956.5717923670,4157651.8083344400,-0.1336913474552223
329956.5591376810,4157651.7945651500,-0.09833078950514551
329956.5476270640,4157651.7820847100,-0.08834139966011453
329956.5375835690,4157651.7712256201,-0.362811102145805
329956.5294440310,4157651.7625102201,-0.4866932951788425
329956.5231275240,4157651.7558161598,-1.058846137490196
329956.5185211880,4157651.7510158699,-2.786141615658926
329956.5152553230,4157651.7477179598,2.722520616972465
329956.5125529340,4157651.7449249402,9.361495249152801
329956.5101080910,4157651.7422128599,4.732734795409113
329956.5068764620,4157651.7384780599,3.253687350402069
329956.5020976300,4157651.7327242298,-0.3855722424883863
329956.4951538060,4157651.7244234602,-0.7720171262401537
329956.4855588240,4157651.7131810999,-0.4923381490917342
329956.4731825570,4157651.6989209498,-0.1887671843213284
329956.4581669220,4157651.6817565700,-0.3711502735937052
329956.4408222060,4157651.6622890099,-0.3370692255453285
329956.4218302540,4157651.6413616198,-0.3512482466970667
329956.4024426370,4157651.6204218101,-0.3390125410428337
329956.3844018240,4157651.6012962898,-0.2596434159101033
329956.3690945990,4157651.5852718600,-0.267339061810601
329956.3578515750,4157651.5736222100,-1.986141098944025
329956.3513976770,4157651.5672620698,-37.95439043083614
329956.3496777400,4157651.5661679399,-303.512619890304
329956.3521420390,4157651.5695982398,-9.288287928548463
329956.3570747240,4157651.5757097700,-5.12351424169821
329956.3625137400,4157651.5819072798,-5.38368003583765
329956.3663157940,4157651.5859284000,-297.0206848135606
329956.3663877320,4157651.5852631801,-150.9208744772476
329956.3615775530,4157651.5785089000,-3.342035525114838
329956.3512048750,4157651.5651698099,-1.123248564338511
329956.3354407330,4157651.5458515901,-0.7533201095679035
329956.3157927420,4157651.5227714400,-0.6650611970708796
329956.2944622960,4157651.4987440300,-0.6898954933350805
329956.2738646050,4157651.4765247200,-0.5675299694260378
329956.2563077750,4157651.4581760000,-0.7892694901667688
329956.2427601750,4157651.4445077102,-0.4430134551617628
329956.2329344500,4157651.4347387599,1.101908951352478
329956.2258109150,4157651.4274662901,4.95734016243104
329956.2199644980,4157651.4209075202,4.302426869697503
329956.2139434610,4157651.4135937300,-0.5634694706584524
329956.2058938080,4157651.4039385999,-0.4756032597841969
329956.1950523550,4157651.3911179202,-1.193329316241507
329956.1817497960,4157651.3760711201,-1.250233225355998
329956.1662622710,4157651.3594696298,-0.8068571942997675
329956.1497953360,4157651.3424673998,-0.4260693106979138
329956.1341660690,4157651.3266427498,-0.2589869264927948
329956.1208965350,4157651.3133493299,0.3399679663511095
329956.1108746110,4157651.3031959198,1.217210309116369
329956.1042385680,4157651.2962746499,1.722302756412313
329956.1003968960,4157651.2921612901,5.24921789327116
329956.0981200100,4157651.2896042098,-2.514885236432499
329956.0957218000,4157651.2869581101,-0.8197390222460318
329956.0918416350,4157651.2827096200,0.980483940726446
329956.0857103790,4157651.2758969502,0.3014890512385414
329956.0772024010,4157651.2663803301,0.1791243376743532
329956.0665726770,4157651.2544286102,-0.208723249441222
329956.0544687540,4157651.2409165902,-0.4907569653407119
329956.0416695450,4157651.2268877099,-0.6601810460361962
329956.0287048230,4157651.2130302698,-0.4024851980900441
329956.0159672020,4157651.1996197202,-0.5827057340874435
329956.0038452470,4157651.1871218402,0.03910234590148497
329955.9926079100,4157651.1755207898,0.05107227516269985
329955.9825122600,4157651.1650820300,0.653984365777996
329955.9735667200,4157651.1556643900,1.470605789047498
329955.9655705630,4157651.1469323798,0.4809249349099023
329955.9581913930,4157651.1387847699,-1.431790701517951
329955.9502351060,4157651.1302810800,-0.07927900527074666
329955.9415846130,4157651.1210532500,-0.6160154707353678
329955.9320347700,4157651.1110312100,0.1016144388898241
329955.9212413790,4157651.0996700702,0.5436684625078948
329955.9098353350,4157651.0874503902,-0.06915682020805303
329955.8984774940,4157651.0753104398,0.09598610155052387
329955.8879285200,4157651.0640001898,-0.4238565643989259
329955.8785423330,4157651.0540604098,-0.7435851180092092
329955.8702382260,4157651.0454328302,-1.057440237453584
329955.8635627660,4157651.0386532201,-2.454086856011297
329955.8579019440,4157651.0331446100,1.429666677091719
329955.8531172330,4157651.0283900299,5.381489081460421
329955.8488908990,4157651.0238876999,4.836205506393699
329955.8446322000,4157651.0190642602,0.4581724892133707
329955.8394784690,4157651.0131885498,0.4190410188917223
329955.8325123150,4157651.0051843901,0.3466658134742099
329955.8240018620,4157650.9953245400,-1.073043641630614
329955.8133294930,4157650.9833429800,-0.2654827198608472
329955.8005599890,4157650.9691409799,-0.6694479394558034
329955.7862117970,4157650.9536091899,-0.2385932130605948
329955.7710714620,4157650.9373889500,-0.2887820288617249
329955.7561035850,4157650.9215562199,-0.2527742319969204
329955.7415138100,4157650.9062901200,0.3018308799446249
329955.7285093990,4157650.8925171299,-0.2453690848531676
329955.7175510330,4157650.8810100202,0.01542994386739278
329955.7084622730,4157650.8714618501,-0.5263428751619492
329955.7012129580,4157650.8639403200,-0.7664911494832141
329955.6951381730,4157650.8577292301,-0.6924006874292169
329955.6898549030,4157650.8523876802,1.429628472805436
329955.6843913840,4157650.8467411399,3.866190406495454
329955.6783505940,4157650.8400766598,1.049445752361806
329955.6714176430,4157650.8322693501,0.6271463572553647
329955.6632119820,4157650.8228940801,-0.4653132474697738
329955.6538424810,4157650.8123217500,-0.7636863124277558
329955.6431685380,4157650.8005520799,-0.3865666429232716
329955.6316702800,4157650.7880342999,-0.6548117797726738
329955.6194034700,4157650.7749824398,-0.265498374333351
329955.6063387710,4157650.7612173301,-0.09222944419411562
329955.5928011830,4157650.7470047399,0.1797509015118031
329955.5796257810,4157650.7330754502,0.2384056279844264
329955.5679503020,4157650.7206246001,0.3703053552208073
329955.5584525220,4157650.7103786902,0.6816814523093201
329955.5520622400,4157650.7033735602,-3.348723575259715
329955.5489353460,4157650.7001032499,-244.9433373449905
329955.5491443230,4157650.7008545301,-117.7081673730488
329955.5515092310,4157650.7044980102,-9.296151793216929
329955.5545021890,4157650.7086915299,-11.83896299292494
329955.5568660280,4157650.7116579600,-454.305608387632
329955.5569563310,4157650.7113607698,-264.0143717107471
329955.5539043940,4157650.7066715602,-7.357992291424648
329955.5465588470,4157650.6968602901,-1.522061636290201
329955.5345196390,4157650.6815638701,-1.299939566755723
329955.5184561020,4157650.6623269902,-1.117644445431673
329955.4988777450,4157650.6402828600,-0.70652451057857
329955.4778434690,4157650.6175938798,-0.439979250196726
329955.4580743370,4157650.5968227000,-0.240119661330905
329955.4417464990,4157650.5798811498,-0.187626383784055
329955.4301258590,4157650.5679143998,-0.3114020036188341
329955.4230306710,4157650.5606686799,2.032707514220613
329955.4196478040,4157650.5571066202,15.86327225899188
329955.4184798350,4157650.5557377101,40.81051544507641
329955.4175299560,4157650.5544540002,-13.93069847736142
329955.4149969000,4157650.5512981098,-4.293833464151439
329955.4102785000,4157650.5457047499,-1.965206571147746
329955.4032057670,4157650.5376162198,0.0442303038230849
329955.3942800720,4157650.5273975199,-0.9963148654114559
329955.3835397860,4157650.5154615599,-0.1483696992019812
329955.3713481220,4157650.5019816500,0.1545915655659581
329955.3593065760,4157650.4885926400,-0.6722686096922719
329955.3477736280,4157650.4760689400,0.00135839305564297
329955.3372323480,4157650.4646215900,0.1972089079188422
329955.3286283650,4157650.4552255701,-0.7214286080742254
329955.3218794170,4157650.4479751601,-1.679997203669447
329955.3169701810,4157650.4428499201,-2.315597465990461
329955.3134433430,4157650.4392698701,5.714729766204158
329955.3113406480,4157650.4370343098,-6.413492859077067
329955.3103956380,4157650.4360577501,38.77599297723489
329955.3094334460,4157650.4349476499,22.27555084055101
329955.3081022360,4157650.4332811902,-1.877934885145568
329955.3060142750,4157650.4306946900,-2.361919569663621
329955.3022690870,4157650.4261571201,0.2133769400516609
329955.2964137460,4157650.4190396201,-0.2514172236838291
329955.2882025360,4157650.4091147501,-0.1669880658567625
329955.2777789820,4157650.3965781499,-0.316135835017492
329955.2651885200,4157650.3816088098,-0.260114857476008
329955.2508277870,4157650.3647216200,-0.1775820419925681
329955.2357901280,4157650.3471817700,-0.462471380762184
329955.2204216140,4157650.3296406502,-0.3535859902620583
329955.2054282860,4157650.3128051502,-0.2501538410280654
329955.1918533700,4157650.2977257799,-0.3804569613726368
329955.1804472880,4157650.2852345398,-0.4555676823391037
329955.1713964980,4157650.2754587498,-0.2443033223488587
329955.1641602060,4157650.2676885100,1.317608511066147
329955.1585507780,4157650.2615122502,-1.231616639117026
329955.1534148630,4157650.2559674298,3.490661357317701
329955.1479285100,4157650.2497046301,1.777118621613917
329955.1416276520,4157650.2422747100,1.527097411436434
329955.1345172210,4157650.2336130198,-0.1142691704700319
329955.1264378590,4157650.2237983900,-1.245652055123746
329955.1173666720,4157650.2131450698,-1.234482269868465
329955.1080301310,4157650.2025578599,-1.417927415473021
329955.0993490180,4157650.1930852300,-0.3427875572367136
329955.0918729320,4157650.1849941900,-0.291293347065659
329955.0855608050,4157650.1782032200,3.899366550045115
329955.0801645400,4157650.1719849198,0.3491677121301959
329955.0750057910,4157650.1660063900,0.9508912636432547
329955.0688695730,4157650.1587751000,1.165899249246103
329955.0609434220,4157650.1491887602,0.2972026710907832
329955.0504788680,4157650.1364208902,-0.162135729010084
329955.0369337510,4157650.1199973100,-0.5101318567180526
329955.0206741720,4157650.1007518899,-0.703664227731151
329955.0026553890,4157650.0802066498,-0.6535420620251783
329954.9848457070,4157650.0606060498,-0.4815953123838705
329954.9685509050,4157650.0431041801,-0.4268773936553416
329954.9550476350,4157650.0288681900,-0.3684412726158601
329954.9448252480,4157650.0182269001,-0.864068375738033
329954.9379539430,4157650.0112243202,-1.432701867618648
329954.9337179810,4157650.0070039998,7.351943807997712
329954.9306890410,4157650.0037455498,12.68052118323876
329954.9272548770,4157649.9995534201,-0.7683316904270443
329954.9215783520,4157649.9927012399,-0.4277775007426949
329954.9129203280,4157649.9823513702,-1.111879864862005
329954.9010464250,4157649.9686538600,-0.6039731244047544
329954.8865080840,4157649.9522866099,-0.5368954495611733
329954.8703619480,4157649.9345540102,-0.624687476143588
329954.8535996020,4157649.9166954602,-0.4746981808484285
329954.8376789530,4157649.9001122001,-0.3717050718471089
329954.8239568200,4157649.8860438401,-0.1948039095279727
329954.8130043920,4157649.8748920001,-0.4355872560555079
329954.8045842490,4157649.8664209200,1.223199342625649
329954.7977664120,4157649.8593768901,2.250517925095089
329954.7915829830,4157649.8527103402,1.191068400427686
329954.7848164610,4157649.8452460300,0.305996334704717
329954.7762151220,4157649.8356905300,-0.4360398830878282
329954.7654275700,4157649.8238569400,-0.459068075927264
329954.7530453350,4157649.8104865998,-0.5173088442033148
329954.7403283120,4157649.7970139300,-0.5820142642824495
329954.7283579760,4157649.7845939398,-0.9197019199062052
329954.7183831930,4157649.7745392700,-1.612949700415754
329954.7113460940,4157649.7677148199,-6.327485792450007
329954.7075373970,4157649.7643542700,-71.49374955276645
329954.7063859860,4157649.7637347402,-1257.709185429972
329954.7066083090,4157649.7642025701,-890.4337345756271
329954.7071299080,4157649.7645653300,-778.1155686166639
329954.7063020240,4157649.7632270898,-29.3876722362533
329954.7026338220,4157649.7585456399,-3.470738642038198
329954.6952623280,4157649.7497034101,-1.236790884532711
329954.6839480570,4157649.7366132000,-0.8048012821857038
329954.6693213300,4157649.7202214799,-0.7468701858374066
329954.6523492700,4157649.7018601499,-0.4076198302257462
329954.6343944670,4157649.6828374602,-0.2765829478741321
329954.6168975160,4157649.6645621601,-0.3898913243050325
329954.6007566860,4157649.6480187401,-0.2087707962179193
329954.5862947380,4157649.6333308001,0.07051807647965067
329954.5731179460,4157649.6199108399,0.3526715235455028
329954.5605434000,4157649.6069365498,0.2165394667487339
329954.5480377940,4157649.5939320400,-0.2748845022253381
329954.5346232660,4157649.5801247000,-0.284509531151889
329954.5203010020,4157649.5655486002,-0.08669447467022137
329954.5063640810,4157649.5514141298,-0.2323448987233003
329954.4941442630,4157649.5391277000,-1.319308355819845
329954.4850438380,4157649.5303326300,-4.486951486159938
329954.4800363890,4157649.5258968798,-220.1151811679727
329954.4801327570,4157649.5267478498,-133.1656312852781
329954.4847692670,4157649.5324606402,-3.637057969337453
329954.4923909990,4157649.5412163702,-1.823751906790802
329954.5014777790,4157649.5511850002,-1.185943013191756
329954.5101903650,4157649.5604497599,-3.585923297125403
329954.5164666340,4157649.5666277600,-26.68520413602399
329954.5189273870,4157649.5683822702,-402.5560898512898
329954.5166550040,4157649.5647208700,-14.97982776154045
329954.5094319160,4157649.5556870699,-1.925306493784459
329954.4974155220,4157649.5415213900,-0.5699785404036756
329954.4813511370,4157649.5230480600,-0.2669551069533361
329954.4624706200,4157649.5016441299,-0.2895222447248758
329954.4416825980,4157649.4784840699,-0.1141025783489871
329954.4203434330,4157649.4548810301,-0.1452917306202251
329954.3993269750,4157649.4318477199,-0.1802768093313507
329954.3793742050,4157649.4102186798,-0.219358496750425
329954.3610276640,4157649.3905756101,-0.5432697525907506
329954.3446498370,4157649.3735158900,-0.9209946888411088
329954.3303360540,4157649.3591970601,-0.8811056641609198
329954.3184799740,4157649.3477147701,-0.3032502952478133
329954.3096420740,4157649.3392298701,-1.075157351766993
329954.3039042690,4157649.3338393099,4.045641355155161
329954.3006001030,4157649.3305737101,16.16043987368458
329954.2986500310,4157649.3283950700,15.53566407789174
329954.2970136450,4157649.3264016202,-7.034553797863043
329954.2945249330,4157649.3235052899,-2.197686047826543
329954.2903131740,4157649.3187134000,-1.154225089304608
329954.2839565130,4157649.3116136999,0.1835981423408857
329954.2758420410,4157649.3025142699,-0.7782163146954182
329954.2663911610,4157649.2921315301,-1.273200392480822
329954.2560633570,4157649.2811989798,-0.346520875156957
329954.2456134540,4157649.2702523898,0.181778177366074
329954.2356556580,4157649.2597649600,0.1336515223627469
329954.2263009740,4157649.2498756298,0.5628510860535961
329954.2170272400,4157649.2399202199,0.2847435637937634
329954.2075120190,4157649.2296246798,0.04628582473408243
329954.1975337910,4157649.2188137500,0.06003668685850073
329954.1867317420,4157649.2070886199,0.04639687036060094
329954.1750744570,4157649.1944156201,-0.4451503508928245
329954.1624331100,4157649.1808902998,0.01498988731584307
329954.1497286690,4157649.1672898899,-0.8347765009731337
329954.1372817210,4157649.1543661598,-0.4132483472927609
329954.1256907540,4157649.1425017901,-0.2682142197391886
329954.1155584410,4157649.1322164400,-0.1117198484959887
329954.1066789140,4157649.1232300200,0.363014094278384
329954.0985219930,4157649.1149017802,0.6108390826917423
329954.0904258400,4157649.1065169801,0.5628781348148406
329954.0814648120,4157649.0971066901,0.4974292326088687
329954.0713090780,4157649.0862929001,0.2940369960233801
329954.0593293200,4157649.0734144198,-0.1658561359076016
329954.0454055380,4157649.0585402502,-0.5291301271797274
329954.0301520260,4157649.0426079002,-0.6375592772015882
329954.0147781560,4157649.0269939499,-0.7483159414423572
329954.0012183260,4157649.0136379502,-0.9308595162848733
329953.9909244300,4157649.0038081100,-1.950083111716013
329953.9852326530,4157648.9986011698,-259.1555233248372
329953.9849834350,4157648.9988848800,-288.9023626555933
329953.9893435660,4157649.0040728101,-2.777782625347921
329953.9965009700,4157649.0121785100,-0.7684772985379283
329954.0037778820,4157649.0202823202,-4.647517025723678
329954.0087079070,4157649.0253320900,-196.4979079461131
329954.0093610650,4157649.0253105201,-188.0771373716635
329954.0039184970,4157649.0180530101,-2.393593300677744
329953.9921382050,4157649.0033902600,-1.128819800755281
329953.9747508410,4157648.9828568199,-0.9266301436663557
329953.9528401290,4157648.9583884799,-0.7445568839342177
329953.9286542970,4157648.9327198998,-0.619638573576375
329953.9047130020,4157648.9083813298,-0.3201453862672665
329953.8843687420,4157648.8881115401,-0.5574028929237046
329953.8694505860,4157648.8736525201,-0.9359752337378682
329953.8606359980,4157648.8653683602,-4.308654245801428
329953.8580368550,4157648.8630847302,-434.7697594532859
329953.8601817880,4157648.8653826499,-4.754631929411245
329953.8639605020,4157648.8692691498,-7.31753189615304
329953.8664157210,4157648.8716363399,-204.3167378834591
329953.8655160600,4157648.8703466798,-20.67610988356066
329953.8602336700,4157648.8641924299,-0.1854393596525412
329953.8501721800,4157648.8525218801,-0.4867373549422273
329953.8356837130,4157648.8360221898,-0.5786257131546635
329953.8179756170,4157648.8164163199,-0.766933791540013
329953.7988950250,4157648.7961546299,-0.7352387395894863
329953.7798054790,4157648.7766888700,-0.4567334368161169
329953.7623897610,4157648.7593455100,-0.3255249036593238
329953.7478896860,4157648.7451151898,-0.3196757359735258
329953.7362443470,4157648.7338192598,0.4425477928931178
329953.7274111560,4157648.7251419099,1.126253562147468
329953.7205819680,4157648.7182643199,3.160291740506133
329953.7148650710,4157648.7121686698,-0.1162390657647264
329953.7086660190,4157648.7055723099,-0.4071603621032825
329953.7010010920,4157648.6974830301,-0.4263181805251384
329953.6918937720,4157648.6879707300,-0.6558136458041288
329953.6822616910,4157648.6780868201,-0.7958477057076526
329953.6732194390,4157648.6690026801,-1.431688171197219
329953.6664055140,4157648.6623725500,-9.592828803524302
329953.6635856720,4157648.6599571300,-467.8162043245189
329953.6654398110,4157648.6624835599,-15.47270751893111
329953.6712563760,4157648.6690455400,0.3379344838626968
329953.6787846200,4157648.6775970701,-0.7824172846494339
329953.6866345850,4157648.6863528602,-1.216346098071531
329953.6930522150,4157648.6933276500,-9.828266175940449
329953.6962112890,4157648.6963240998,-329.7641714879097
329953.6953695250,4157648.6942604501,-44.40477904641462
329953.6906849610,4157648.6876628702,-6.41012376703911
329953.6822666790,4157648.6773791001,-2.621440698712509
329953.6698164610,4157648.6634088601,-0.2483645031728905
329953.6548343400,4157648.6467693802,-0.4680222816647637
329953.6385832950,4157648.6291099498,-0.03355636200353761
329953.6216293300,4157648.6107170600,0.1108002100049569
329953.6046719000,4157648.5922176200,0.06894847020083285
329953.5883784280,4157648.5743818101,-0.1805279213463709
329953.5728334200,4157648.5575099201,-0.5390012359936299
329953.5569265450,4157648.5406700601,-0.5145787060767161
329953.5397257220,4157648.5229040999,-0.4354475368286502
329953.5224209150,4157648.5054107099,-0.3368607874955224
329953.5063285770,4157648.4894001898,-0.5431051057708522
329953.4929744810,4157648.4764089501,-0.8398688618515894
329953.4841814550,4157648.4680730999,-5.481590451841288
329953.4808313290,4157648.4651739602,-256.6558622220228
329953.4828476460,4157648.4676778200,-10.65832800290841
329953.4891386880,4157648.4745045998,-1.214441410411493
329953.4981321010,4157648.4840017902,-0.111217123467139
329953.5080181700,4157648.4944097898,-0.1664552267146058
329953.5166982300,4157648.5035071899,-1.539150078893106
329953.5231268680,4157648.5100232102,-2.224934414510718
329953.5260676290,4157648.5129171601,-175.4206942562932
329953.5247758470,4157648.5111058899,-13.95938060018111
329953.5195015810,4157648.5047508301,-1.952894028001497
329953.5105723060,4157648.4944481100,-0.6343312342566204
329953.4987912980,4157648.4811256002,-0.4855197002493115
329953.4851567930,4157648.4659918798,-0.2272192148733142
329953.4706005680,4157648.4499893100,-0.1056572480378095
329953.4560834010,4157648.4341025902,-0.07663157893898917
329953.4420413640,4157648.4187857499,-0.296683474143619
329953.4287723190,4157648.4044846101,-0.1945728520244703
329953.4173025940,4157648.3922099900,-0.4286132853551494
329953.4085163050,4157648.3829258098,-1.144534496039125
329953.4029581340,4157648.3771907701,-13.26567703580133
329953.4011337490,4157648.3755521900,-760.0108793479154
329953.4026330170,4157648.3776807399,-14.79894610141255
329953.4065560480,4157648.3825405100,-1.346455888728183
329953.4112183970,4157648.3882092601,-3.130543082476168
329953.4146730070,4157648.3922439902,-81.62635222117595
329953.4155038660,4157648.3928160798,-164.2063264021264
329953.4125312470,4157648.3885796200,-3.943698663308883
329953.4048587970,4157648.3784270799,-1.661389614424772
329953.3924334890,4157648.3628799599,-0.9925421123156926
329953.3760371660,4157648.3432871001,-0.9863844324834264
329953.3572109650,4157648.3219704800,-0.7255145375781894
329953.3374693660,4157648.3005367899,-0.4350215701860239
329953.3190423820,4157648.2810129500,-0.1186716698341216
329953.3043379890,4157648.2655222900,-0.6768066806773427
329953.2937802510,4157648.2546716100,-0.05860880488343056
329953.2875119220,4157648.2482384602,2.75475535643119
329953.2846682210,4157648.2452123398,27.72741073479944
329953.2835467690,4157648.2438018802,-11.51665659336222
329953.2815666920,4157648.2414502101,-0.2650364970410963
329953.2772205110,4157648.2363020000,-0.1943627727410376
329953.2704489180,4157648.2283079699,-0.6222297392172638
329953.2618650480,4157648.2183243399,-0.1299156784189215
329953.2524396500,4157648.2074016202,-0.9449953022506739
329953.2433027730,4157648.1970941899,-1.92849925540874
329953.2355394700,4157648.1887531700,-2.830548159676661
329953.2293633880,4157648.1824865299,-1.525969890902938
329953.2241296880,4157648.1773054702,1.996967022392982
329953.2191157080,4157648.1721958499,6.577656435716584
329953.2139754660,4157648.1664168402,5.578286176555428
329953.2083362870,4157648.1594488900,0.8097482652013528
329953.2013728320,4157648.1506996402,0.16905545002103
329953.1928164730,4157648.1399023100,-1.814201237308252
329953.1825392300,4157648.1276296498,-1.987767452255848
329953.1703052160,4157648.1139936601,-1.059805439080114
329953.1564702660,4157648.0991934398,0.03799588450544333
329953.1420555790,4157648.0837487099,0.1730259687395058
329953.1278979790,4157648.0684686201,0.4092873592491504
329953.1142590620,4157648.0534978202,0.3705610330343681
329953.1010925500,4157648.0388288400,0.2108019068056957
329953.0885549380,4157648.0247457800,-0.3006102011805106
329953.0762604460,4157648.0110904402,-0.5764533904436203
329953.0639095180,4157647.9976602402,-0.7998874958305514
329953.0516136060,4157647.9846716700,-0.7763886669982717
329953.0402794680,4157647.9730125600,-0.7033165236268313
329953.0307465980,4157647.9634097298,-0.9172283039118579
329953.0238662050,4157647.9566247398,-3.18851396311701
329953.0197497570,4157647.9527589399,0.6874155203950296
329953.0178555480,4157647.9509699298,88.82905330684103
329953.0173786510,4157647.9503599699,703.8917003087428
329953.0172795010,4157647.9499559202,-328.2513632319446
329953.0165569640,4157647.9487539101,-50.36072343634708
329953.0143092360,4157647.9459053902,-6.241604265890829
329953.0098800090,4157647.9406554899,-1.075747629083845
329953.0031803220,4157647.9328614399,-0.9647588760521846
329952.9940576980,4157647.9224948101,-0.3404490277724936
329952.9827347800,4157647.9097632701,0.1248235397383168
329952.9697376360,4157647.8950817399,0.1000962522428436
329952.9554335820,4157647.8788565798,-0.1923444835018305
329952.9401105880,4157647.8616254898,-0.280196781864216
329952.9242644670,4157647.8440393498,-0.3641969743410993
329952.9090218390,4157647.8274067100,-0.4003814599751847
329952.8950050210,4157647.8123742300,-0.3337347387147915
329952.8827544100,4157647.7994035501,-0.6456267661812913
329952.8729210750,4157647.7892054101,-1.727693014487751
329952.8657803630,4157647.7821035599,-3.248848585437929
329952.8609645860,4157647.7775669098,2.972730314010516
329952.8575926950,4157647.7742816000,20.96559337048146
329952.8551327740,4157647.7714163898,6.419290110173211
329952.8525008850,4157647.7681879001,-0.8532428725536324
329952.8483671090,4157647.7631639498,-0.1713262412601838
329952.8424635530,4157647.7560088499,-1.309025391326681
329952.8347691900,4157647.7469421602,-1.469408381069599
329952.8249485550,4157647.7358202501,-0.8655648872582694
329952.8130526100,4157647.7227243399,-0.3735152607096302
329952.7998531480,4157647.7083945898,0.01231535905622635
329952.7867467470,4157647.6941590402,0.02632472002820261
329952.7744326650,4157647.6807708000,0.04121538743633303
329952.7626189800,4157647.6679076501,0.2678285678245793
329952.7516498550,4157647.6558551602,-0.3077763852008104
329952.7415731630,4157647.6448894399,-0.4552790765493637
329952.7319129160,4157647.6345155300,-0.1557334950819595
329952.7222711300,4157647.6242070701,0.2009503991339577
329952.7127781710,4157647.6140002101,0.143241742866439
329952.7041098600,4157647.6046442101,-1.114929759762841
329952.6963343010,4157647.5964741199,0.05335036399266683
329952.6893876280,4157647.5891666398,0.7950014339738076
329952.6838691460,4157647.5832770001,0.4965208203790123
329952.6792524710,4157647.5783132701,-0.7888660006608915
329952.6745506780,4157647.5733122602,1.569416781663935
329952.6690914780,4157647.5673675500,1.179826027809513
329952.6624751940,4157647.5600077701,0.9119870312840785
329952.6546777730,4157647.5511596501,-0.4123486724781245
329952.6451255000,4157647.5404373300,0.1225069949396336
329952.6343059700,4157647.5282465098,-0.5323479369617664
329952.6232170840,4157647.5159700601,-0.7838199971765452
329952.6126482060,4157647.5045611402,-0.8838475597613762
329952.6031374380,4157647.4945579101,-1.204355041083325
329952.5953116950,4157647.4865711001,-1.277392908692256
329952.5894660040,4157647.4807513598,-0.1264781778716536
329952.5856956120,4157647.4770041401,3.210580223683927
329952.5828805720,4157647.4741211799,11.24812023981249
329952.5796871950,4157647.4705071901,4.910809522011756
329952.5750756140,4157647.4649666199,-1.055703945716042
329952.5677542950,4157647.4563433100,-0.7636952361187946
329952.5567149830,4157647.4436206301,-0.437190774723984
329952.5421547840,4157647.4271252500,-0.4321174483720142
329952.5253662120,4157647.4084908902,-0.5748704470502862
329952.5078978300,4157647.3896618802,-0.7044865903170863
329952.4911715640,4157647.3722556899,-0.5595390496493012
329952.4771506740,4157647.3580207899,-1.098046208542971
329952.4679268710,4157647.3489883901,-11.13026547505732
329952.4647046140,4157647.3463829700,-392.3885905957708
329952.4666123830,4157647.3489995301,-16.47005629018491
329952.4723421470,4157647.3554321998,-0.3584900213020355
329952.4796353040,4157647.3635625499,0.1060352303079385
329952.4865869830,4157647.3713298901,-1.428018309449871
329952.4910032790,4157647.3761457298,-275.3377678810703
329952.4911313330,4157647.3757601501,-217.6811117868166
329952.4873171240,4157647.3699526298,-7.535646821447593
329952.4795890690,4157647.3598940498,-2.62425467823163
329952.4682068960,4157647.3462449200,-1.177627320495845
329952.4546127280,4157647.3306737500,-0.1758945895519564
329952.4407729910,4157647.3149379501,-0.7419583697872264
329952.4271298900,4157647.2998964102,0.01709094083107825
329952.4142099140,4157647.2856424400,0.2179776104106984
329952.4024599500,4157647.2725742999,0.6850180644058591
329952.3930639340,4157647.2618924398,1.042177658248662
329952.3853804110,4157647.2529146299,1.222003092440228
329952.3785239460,4157647.2446762300,-0.7384715494579353
329952.3718419320,4157647.2367732902,-2.820470517405334
329952.3648956190,4157647.2290292401,-0.3710042872423418
329952.3577375110,4157647.2211115700,-1.30393504740092
329952.3502478490,4157647.2130588498,1.651094478951215
329952.3427036230,4157647.2046419298,1.33206614632947
329952.3348419570,4157647.1955922502,0.9200723098120651
329952.3263597370,4157647.1855974700,0.06256554600347926
329952.3170478310,4157647.1746058902,-0.113398672952913
329952.3065403670,4157647.1622466799,-0.263009106346399
329952.2948088850,4157647.1485729800,-0.6381052541888598
329952.2819728620,4157647.1339687500,-0.06296621955602895
329952.2687781910,4157647.1189939701,-0.9800687726641306
329952.2563980220,4157647.1054641600,-0.4880805522545585
329952.2459399810,4157647.0942219901,-0.5069095007065074
329952.2382764000,4157647.0860940702,-2.133956058825258
329952.2337906950,4157647.0815119301,-23.42138336695834
329952.2326600800,4157647.0805528299,-488.2871834689557
329952.2340307900,4157647.0823121201,-1.74719864819648
329952.2356610310,4157647.0843862598,-129.4235206229693
329952.2359717840,4157647.0846515601,-137.5738132041917
329952.2336972970,4157647.0814613202,-7.627082357291646
329952.2272585320,4157647.0733952802,0.2369411603125967
329952.2161405690,4157647.0593715701,-0.01947275379742907
329952.2007637690,4157647.0399924801,-0.6919993016880212
329952.1819575030,4157647.0171847800,-0.7496698875511946
329952.1607528630,4157646.9926526202,-0.5991399887808704
329952.1390624290,4157646.9685226199,-0.5425239923663406
329952.1190559620,4157646.9470031201,-0.4851092884773237
329952.1021398410,4157646.9292779900,-0.05663009846189976
329952.0891461150,4157646.9156962200,-0.9360388635796913
329952.0800857540,4157646.9065028699,1.090341270211086
329952.0748023920,4157646.9010206098,6.150441290146844
329952.0720272190,4157646.8979240698,12.5214208468707
329952.0696651080,4157646.8950102101,-1.541542655068495
329952.0658510440,4157646.8903768798,-2.142077220697633
329952.0593107280,4157646.8827049201,-0.8854098569712815
329952.0494614280,4157646.8714078302,-0.4120055625036611
329952.0364523380,4157646.8566995999,-0.1994828853193001
329952.0206657970,4157646.8390059001,-0.4595576696432563
329952.0028703360,4157646.8195169601,-0.3572929832260755
329951.9845244400,4157646.7998055900,-0.4587449924243885
329951.9668558290,4157646.7812747401,-0.3833014276023475
329951.9509004270,4157646.7648491701,-0.3465682605325334
329951.9375285640,4157646.7512820000,-0.3891590144645731
329951.9269267640,4157646.7406669599,-0.07373803108037985
329951.9190626240,4157646.7328081499,-0.0895407758734684
329951.9134050740,4157646.7271640999,2.463228496389301
329951.9086452030,4157646.7222387502,1.38459541303504
329951.9025329400,4157646.7157744402,0.7774139925980069
329951.8929265850,4157646.7054309999,-0.1341476261318135
329951.8778825420,4157646.6893112399,-0.2807594982108781
329951.8564632360,4157646.6667012200,-0.3229488811568668
329951.8289550710,4157646.6383196702,-0.3685832566368037
329951.7966583520,4157646.6060278201,-0.4326582827561311
329951.7622756890,4157646.5730113699,-0.6062370954896565
329951.7288731770,4157646.5426947102,-0.6101539716176041
329951.6998010340,4157646.5176287298,-0.9687629227763538
329951.6780687880,4157646.5000759899,-1.48825809370747
329951.6644492400,4157646.4898096202,-5.234292508402986
329951.6590049060,4157646.4862099499,-161.9934208366081
329951.6598630250,4157646.4875766002,-84.44578494966004
329951.6637236340,4157646.4909819202,-22.15719130838792
329951.6674100680,4157646.4935898902,-340.7374795431923
329951.6667949740,4157646.4920074800,-58.34878440272882
329951.6591976540,4157646.4838699098,-3.112410845578269
329951.6429274930,4157646.4681810099,-0.8857234700506414
329951.6184893240,4157646.4457539101,-0.5912396469264505
329951.5884161500,4157646.4193312302,-0.5245178278843575
329951.5552202660,4157646.3914274001,-0.4575893106305714
329951.5221677690,4157646.3647342101,-0.4581708613665944
329951.4925332220,4157646.3416860099,-0.4468538702949087
329951.4682054120,4157646.3233514698,-0.3031131002442055
329951.4503465580,4157646.3101145201,0.0336339816666951
329951.4382769150,4157646.3011567998,1.228721070720299
329951.4308960540,4157646.2955059502,-0.07549150154855347
329951.4260890210,4157646.2918300601,2.353887544210012
329951.4219722500,4157646.2885944401,1.894970266541897
329951.4171876100,4157646.2847497701,0.5075504767293298
329951.4098925710,4157646.2788404301,-0.01066172113025921
329951.3991172220,4157646.2701140800,-0.5879197724121026
329951.3843033230,4157646.2583516901,-0.3831226352549202
329951.3655628650,4157646.2437198502,-0.4366721668564176
329951.3427419190,4157646.2263192502,-0.1918584045187862
329951.3163276370,4157646.2064251802,-0.2731036898664509
329951.2878558870,4157646.1853957800,-0.4433140580888066
329951.2582735540,4157646.1642648601,-0.3743134136182414
329951.2284855630,4157646.1435925700,-0.4126349760285595
329951.1999608150,4157646.1244067298,-0.3980628231480295
329951.1735717620,4157646.1071557398,-0.580945114828934
329951.1492789060,4157646.0918748798,-0.1619853204513314
329951.1266683850,4157646.0777932899,0.01608457594023019
329951.1058613370,4157646.0648230002,0.141706139040721
329951.0865138440,4157646.0526721901,-0.1760767387481085
329951.0673915270,4157646.0407690401,-0.01667881167747673
329951.0481888740,4157646.0288259098,-0.3596035242432437
329951.0284100710,4157646.0167491199,-0.3803650928043684
329951.0080326690,4157646.0045551201,-0.4378541847348357
329950.9868556150,4157645.9921846502,-0.4165131248289833
329950.9653798820,4157645.9799333899,-0.3041290406966343
329950.9444436810,4157645.9681946700,-0.1639339111353932
329950.9245076710,4157645.9571170700,0.04539006936386392
329950.9057004490,4157645.9466419099,-0.270386544806145
329950.8875366740,4157645.9366606502,0.07409086240467772
329950.8694610050,4157645.9266917100,-0.1274653316521858
329950.8512397150,4157645.9167050999,-0.2057651406140674
329950.8326519520,4157645.9066216499,-0.101167747096256
329950.8138195210,4157645.8964578700,-0.3433946191950771
329950.7951922830,4157645.8865796002,-0.4438450731181469
329950.7769751200,4157645.8771332600,-0.5396626532071573
329950.7594790090,4157645.8682998200,-0.2594333752996977
329950.7423778760,4157645.8597732801,-0.1673412828856364
329950.7253159880,4157645.8513341900,0.4043789831678982
329950.7081553370,4157645.8426804100,0.168312505957212
329950.6904258410,4157645.8336664601,0.1789229825571373
329950.6723152340,4157645.8243765398,-0.2595208286058809
329950.6537782790,4157645.8149925498,-0.3935586256985964
329950.6348203680,4157645.8055911898,-0.7104913055090142
329950.6154328130,4157645.7963399901,-0.5146911918507373
329950.5958576720,4157645.7872641901,-0.2875341431201552
329950.5764721450,4157645.7784211002,-0.1358498044013397
329950.5574401300,4157645.7698050900,0.3401590682535754
329950.5386397010,4157645.7611331400,0.1662178154567131
329950.5194795800,4157645.7522143498,-0.1466698917995531
329950.4987665740,4157645.7426538100,-0.2857311503786902
329950.4754740550,4157645.7320973398,-0.3117856414137579
329950.4488358400,4157645.7202973599,-0.3619490956160736
329950.4186264290,4157645.7073190198,-0.3161902347512516
329950.3854036040,4157645.6934726099,-0.3426334279170366
329950.3507161590,4157645.6795249502,-0.4439564554064225
329950.3164284450,4157645.6663889899,-0.4063096609754605
329950.2845048270,4157645.6546818698,-0.4264930415647297
329950.2564299150,4157645.6448170999,-0.4499757317987057
329950.2341875500,4157645.6372997900,-0.5249720601837304
329950.2179017780,4157645.6319883801,-0.5404582421784216
329950.2069066880,4157645.6284964602,-0.1041002884346421
329950.2002162780,4157645.6263787700,0.6386818616038944
329950.1965040190,4157645.6251894902,9.464545826462135
329950.1938757970,4157645.6242548102,4.657627355553782
329950.1894712800,4157645.6226012800,11.16738580596686
329950.1827257300,4157645.6195337400,-3.173381235110029
329950.1732822020,4157645.6155546699,-1.551754198045068
329950.1599956190,4157645.6102520302,-0.9231204614194288
329950.1434187480,4157645.6039188900,-0.4440159106297653
329950.1246553370,4157645.5969301099,-0.3617593459830119
329950.1046093140,4157645.5896338802,-0.4290664940833202
329950.0835853330,4157645.5822038101,-0.0726403884587422
329950.0612052030,4157645.5743365199,0.1732115226800969
329950.0387823670,4157645.5663503702,-0.1906833069541342
329950.0153477500,4157645.5581261199,-0.03981964493422388
329949.9902009070,4157645.5493299100,-0.04391167221780894
329949.9631393060,4157645.5399007900,-0.3034178743453174
329949.9344272250,4157645.5301837502,-0.3432419332992332
329949.9047439450,4157645.5204862002,-0.462538430276616
329949.8752367640,4157645.5113132400,-0.4805472770963846
329949.8470249410,4157645.5029893499,-0.5002506890227837
329949.8208886080,4157645.4956780900,-0.1352554927426924
329949.7976184810,4157645.4892555401,-0.4084368639420416
329949.7776047490,4157645.4839285398,0.2234770465157215
329949.7609718560,4157645.4794258098,0.733232471883288
329949.7467059590,4157645.4753833101,1.229221917786557
329949.7331830530,4157645.4712900100,-0.005299885241738942
329949.7181563620,4157645.4667428201,-0.4600347676030026
329949.6991316770,4157645.4611550998,-0.2358766240768284
329949.6742786410,4157645.4540007901,-0.1945931509589841
329949.6429938040,4157645.4451870602,-0.1030566070710215
329949.6051925420,4157645.4346881500,-0.3414739053358488
329949.5623962600,4157645.4234564002,-0.3801047608763541
329949.5171626170,4157645.4124157201,-0.4446339888783967
329949.4724232020,4157645.4024646999,-0.5003978032178035
329949.4308176090,4157645.3941703499,-0.5677396302820187
329949.3939239830,4157645.3876814898,-0.5151180675359152
329949.3629712150,4157645.3828012301,-0.5807989987595367
329949.3380520710,4157645.3792902702,0.1772522932351537
329949.3178545310,4157645.3763613100,1.639668329234411
329949.3005168880,4157645.3732926501,1.133802323993672
329949.2831757290,4157645.3698643101,0.4899011325482887
329949.2634840990,4157645.3657815401,-0.4084819469559182
329949.2397987030,4157645.3610935998,-0.4994593770734922
329949.2113573470,4157645.3558550002,-0.4467390616863006
329949.1789320110,4157645.3503443198,-0.5384716140086351
329949.1435622270,4157645.3450039402,-0.5234553048723153
329949.1072999130,4157645.3402291699,-0.5106278511959969
329949.0718159530,4157645.3362215799,-0.1394755159603361
329949.0391094160,4157645.3326860699,-0.1455157733184182
329949.0100859040,4157645.3296812400,0.2064216528409794
329948.9839760560,4157645.3268269598,0.2378503582331166
329948.9597551920,4157645.3240314499,0.04668717524833858
329948.9360376220,4157645.3212669501,-0.1016324948474167
329948.9116229700,4157645.3184821098,-0.5099595600233551
329948.8848414200,4157645.3157829698,-0.1469198703696175
329948.8544466840,4157645.3128492101,-0.1924509108391467
329948.8208170260,4157645.3098131102,-0.2196630994042305
329948.7835486640,4157645.3067419599,-0.289716387180989
329948.7432756100,4157645.3038795800,-0.2370329917947425
329948.7003469710,4157645.3012545500,-0.3050260539861028
329948.6558982470,4157645.2991315601,-0.3776048822042383
329948.6106702890,4157645.2977389400,-0.2886515428414406
329948.5651650390,4157645.2969342298,-0.268893522283423
329948.5214139040,4157645.2966856901,-0.4331069285026614
329948.4804196720,4157645.2972052102,-0.2251258221882382
329948.4424791810,4157645.2980232900,-0.3702180682523512
329948.4081375730,4157645.2992238300,-0.2793215524661856
329948.3773185480,4157645.3005823502,-0.1483377719528249
329948.3499770650,4157645.3019058998,0.04676372704089012
329948.3247920750,4157645.3030940201,0.2108565401809059
329948.3007275030,4157645.3041039598,0.3341046611541917
329948.2773066890,4157645.3049006900,-0.3401906901242249
329948.2537030390,4157645.3058928498,-0.3032245406569342
329948.2290629440,4157645.3071093699,-0.009807155859499589
329948.2022410970,4157645.3084403998,-0.07919141830309023
329948.1728102100,4157645.3099667099,-0.3603812172809998
329948.1403068970,4157645.3120169099,-0.1711508978216524
329948.1048869810,4157645.3144583101,-0.2261389670720552
329948.0670919740,4157645.3173788199,-0.1232756281613889
329948.0280402420,4157645.3205831801,-0.2199720469780857
329947.9884413360,4157645.3241788400,-0.4175416748229842
329947.9487909530,4157645.3284449400,-0.4072888733525322
329947.9097663440,4157645.3332815999,-0.3727852599290442
329947.8725267530,4157645.3384401398,-0.2395892254977345
329947.8375328630,4157645.3435997400,-0.2216226339613975
329947.8044691910,4157645.3487327099,0.06525023406377047
329947.7730211420,4157645.3535463000,-0.1116198492848881
329947.7431649950,4157645.3582220702,-0.08335607491114312
329947.7138912340,4157645.3628814900,-0.1584158949018477
329947.6837663750,4157645.3678237000,-0.04422713638108381
329947.6516320130,4157645.3731416399,-0.1801095849734037
329947.6173488680,4157645.3790290500,-0.3343297626782177
329947.5808890410,4157645.3857420902,-0.2047739239315978
329947.5424704500,4157645.3931261101,-0.2862852221042276
329947.5040653260,4157645.4009549702,-0.34475873408458
329947.4662309630,4157645.4091982502,-0.3323271389109849
329947.4300151180,4157645.4175686198,-0.3745754013779121
329947.3952949410,4157645.4260944398,-0.1752335472486428
329947.3619414440,4157645.4345023502,-0.05697435997834183
329947.3304824800,4157645.4424964301,-0.1676398174185046
329947.3007821740,4157645.4502111902,0.2395350741766702
329947.2729372710,4157645.4572329200,-0.1221052887325711
329947.2468100970,4157645.4639160400,-0.08050689047876232
329947.2218096980,4157645.4703675699,-0.6000020674358164
329947.1976437800,4157645.4769987701,-0.5394534387448988
329947.1735623160,4157645.4839582299,-0.1096576709090984
329947.1485826700,4157645.4912531399,0.4607812324747717
329947.1223523070,4157645.4985652599,0.2476062238940883
329947.0946997170,4157645.5060680602,-0.1398658049749552
329947.0654379560,4157645.5141372499,-0.008977919692150662
329947.0348655810,4157645.5225770199,-0.2968526372677622
329947.0030731180,4157645.5316835102,-0.2704513059489287
329946.9700055490,4157645.5414829901,-0.4802925985608377
329946.9350818860,4157645.5524845999,-0.3627397321039177
329946.8981553120,4157645.5646754601,-0.2031805107998427
329946.8599256820,4157645.5776387802,-0.1380596628631473
329946.8205069430,4157645.5912548001,-0.04119987616842063
329946.7797103590,4157645.6054266598,-0.2051504951267403
329946.7375628570,4157645.6204952602,-0.244237009128082
329946.6946321710,4157645.6363813300,-0.4574177894777312
329946.6517091480,4157645.6532986201,-0.3206592583395584
329946.6088087830,4157645.6709466302,-0.36963891247779
329946.5673493300,4157645.6888278499,-0.3607804760208198
329946.5281032780,4157645.7065001400,-0.3065982934669179
329946.4921712090,4157645.7232311000,-0.3005634346539426
329946.4604515940,4157645.7384368698,-0.1305615198548973
329946.4330051470,4157645.7517391802,-0.1534881488434828
329946.4092073380,4157645.7634019600,-0.02458719299376233
329946.3873185660,4157645.7741461499,0.1080157771370854
329946.3662120960,4157645.7844387200,0.05563141724953584
329946.3442787710,4157645.7950983802,0.09163578704467198
329946.3198874320,4157645.8068816098,-0.01787037362638248
329946.2924636550,4157645.8201471800,-0.1980669415590134
329946.2621091380,4157645.8350696401,-0.4092100426931168
329946.2295604460,4157645.8516567401,-0.3880705615099455
329946.1953198270,4157645.8697406598,-0.3657849599082465
329946.1605629710,4157645.8887389698,-0.3399468133206777
329946.1265712050,4157645.9079135498,-0.3572165338753618
329946.0940691730,4157645.9268388399,-0.1511662698106573
329946.0638538420,4157645.9446556298,-0.14861950984222
329946.0363679340,4157645.9610481798,-0.1954394802119013
329946.0113814470,4157645.9761533900,-0.1900354371948697
329945.9879446090,4157645.9904946801,-0.09715996395658373
329945.9651195210,4157646.0045444900,-0.03354334931568249
329945.9418528500,4157646.0188952601,0.08364955422102303
329945.9177831520,4157646.0336642098,-0.01062175925287567
329945.8923755830,4157646.0492648501,-0.2949606030380273
329945.8653713980,4157646.0661860202,-0.3311323430392321
329945.8371117100,4157646.0843232898,-0.3449157950966865
329945.8081167790,4157646.1034183302,-0.3393408109198078
329945.7782270350,4157646.1236215401,-0.2876916126865223
329945.7473327380,4157646.1449839701,0.007914915830851592
329945.7157169610,4157646.1668312298,-0.2481259149154584
329945.6845761140,4157646.1887900801,-0.3851273925769391
329945.6542782570,4157646.2108214800,-0.1476836867785472
329945.6245957150,4157646.2326554400,-0.1410382092122711
329945.5959713120,4157646.2539374898,-0.4958468547470402
329945.5683636650,4157646.2752231499,-0.2110280957676415
329945.5413938600,4157646.2963323798,-0.2148952659917506
329945.5151377890,4157646.3171931198,-0.1995118215713168
329945.4898602410,4157646.3375492799,0.02128965793029416
329945.4651645920,4157646.3574090502,-0.1031300731068915
329945.4408024010,4157646.3771314002,-0.3543411894776712
329945.4163758480,4157646.3973617600,-0.1178885806935262
329945.3916938630,4157646.4179608100,-0.05941769157033686
329945.3667635770,4157646.4388484801,-0.393763023130964
329945.3413665460,4157646.4606953198,-0.1195387479710911
329945.3149568840,4157646.4836019301,-0.2552127650831579
329945.2879361070,4157646.5074710702,-0.2419734202376205
329945.2608547040,4157646.5318198199,-0.2617494029494878
329945.2338822210,4157646.5565407299,-0.1175973523183002
329945.2069451510,4157646.5814435701,-0.1335124389567006
329945.1806169920,4157646.6060215398,-0.3124110965014478
329945.1553210830,4157646.6301663299,-0.3666036495562813
329945.1305039420,4157646.6544676200,-0.2967396891257504
329945.1058786210,4157646.6790839699,-0.07692741468872834
329945.0812349660,4157646.7038512002,-0.1689565637714513
329945.0561386740,4157646.7293766001,-0.04436957611816807
329945.0304299380,4157646.7556092101,-0.07502308020276112
329945.0048187240,4157646.7818867001,-0.1743647729066218
329944.9804039560,4157646.8072528099,-0.3596320539170711
329944.9579539000,4157646.8311558501,-0.5503320990003937
329944.9375098060,4157646.8536963700,-0.4721455967002729
329944.9188993540,4157646.8747941498,-0.6206625518909957
329944.9019222280,4157646.8947068602,0.2589132403638326
329944.8857445090,4157646.9134305599,0.6682212961647715
329944.8696169180,4157646.9314904800,0.9997986204011432
329944.8529489260,4157646.9492671099,0.4376938266420428
329944.8351488570,4157646.9678388201,-0.2371624919364674
329944.8158382290,4157646.9882457000,-0.7064939138447315
329944.7948005410,4157647.0114335101,-0.4148947710356481
329944.7722434360,4157647.0369841000,-0.3386727056770031
329944.7489508870,4157647.0640044399,-0.3726169530852408
329944.7256904180,4157647.0917296698,-0.005705252326008622
329944.7034746420,4157647.1182205402,-0.1559462296366183
329944.6837257870,4157647.1420155298,-0.2398042687115086
329944.6666126340,4157647.1629287899,-0.2809452047301374
329944.6521181370,4157647.1808985099,0.06079600971427641
329944.6392122330,4157647.1968554198,0.4793603063431684
329944.6272201400,4157647.2113996102,0.4426541485475818
329944.6152373080,4157647.2256892701,0.6142800418406608
329944.6024662670,4157647.2405604701,0.2415795486860058
329944.5896547810,4157647.2553367801,-0.597158265360588
329944.5771236520,4157647.2701339400,0.3565979209681356
329944.5639548210,4157647.2854633299,-0.2953780821323794
329944.5505022570,4157647.3013162101,-0.2839379907707428
329944.5371255370,4157647.3172698002,-0.4355950482748569
329944.5241082520,4157647.3330814401,-0.04232341334175006
329944.5110393580,4157647.3489839099,1.178226341544553
329944.4980537200,4157647.3640386602,0.60811741616592
329944.4859417940,4157647.3777552499,-1.359096126990345
329944.4742833300,4157647.3916361602,0.03193520307273855
329944.4625218570,4157647.4056231999,0.603440834505791
329944.4507543220,4157647.4193100701,-0.17424283721063
329944.4392390580,4157647.4327882798,0.1707291851344771
329944.4276629940,4157647.4462548401,0.7121362479881624
329944.4162880350,4157647.4591589700,-0.2884648667851556
329944.4060727050,4157647.4708584701,-0.4307736053292598
329944.3973049840,4157647.4810273699,-0.484593479912701
329944.3895085940,4157647.4901832798,-0.8070960546433873
329944.3826950560,4157647.4983347300,0.3605824465937527
329944.3762798560,4157647.5059520002,3.868416657482555
329944.3693472940,4157647.5135579500,1.393719432958845
329944.3614507370,4157647.5219612201,0.9839928600882625
329944.3522207960,4157647.5315459901,0.3783289479123961
329944.3415375000,4157647.5425204402,-0.4177182190207836
329944.3293981830,4157647.5551629500,0.01669247100692365
329944.3161329550,4157647.5689695799,-0.6166021606937245
329944.3025432260,4157647.5834587999,-0.4494434794077085
329944.2894737360,4157647.5976413800,-1.110797424040681
329944.2783350730,4157647.6102257902,-0.08814396634787973
329944.2691794670,4157647.6205979399,-0.8377214852303891
329944.2624245100,4157647.6284083701,1.170618919371684
329944.2575994120,4157647.6338725002,3.516443025448926
329944.2535731360,4157647.6382238800,6.303797996182031
329944.2493145880,4157647.6424917700,5.576183581191424
329944.2436214530,4157647.6477745399,1.202499832895026
329944.2357973560,4157647.6548757898,-0.8985373921096971
329944.2250944610,4157647.6648129099,-0.5802852981383534
329944.2114307140,4157647.6777479900,-0.1501771106035864
329944.1953792000,4157647.6930374401,-0.7953574005611026
329944.1775126520,4157647.7107084901,-0.291831377249162
329944.1582673550,4157647.7300365502,-0.2063464907355964
329944.1385593910,4157647.7500567101,-0.1771280052078506
329944.1190217980,4157647.7701019901,0.02947088577048556
329944.1002842650,4157647.7892953800,0.05140435014267396
329944.0824796890,4157647.8074841602,0.2491157373528531
329944.0659720330,4157647.8241438000,-0.6592257685671631
329944.0509004160,4157647.8398143300,0.07729871407932515
329944.0362685740,4157647.8549773102,-0.179761169061373
329944.0225179770,4157647.8693324202,-0.1185606490332164
329944.0095808910,4157647.8829003102,0.2898572944421962
329943.9977538040,4157647.8951759399,0.2817881584243925
329943.9877552960,4157647.9054621998,0.1549558457163429
329943.9797246050,4157647.9136909801,-0.7366679590313262
329943.9737735530,4157647.9198797601,-0.4888869053248486
329943.9688301160,4157647.9250604399,-0.5878588282898398
329943.9640574420,4157647.9301038599,3.134274051402549
329943.9579394650,4157647.9362597801,4.273209759801571
329943.9496116760,4157647.9439516198,1.856719579991658
329943.9387838430,4157647.9534829799,0.07714153773209034
329943.9254197550,4157647.9652174800,-0.1984602939572493
329943.9096728730,4157647.9791519898,-0.7201969802122162
329943.8922677400,4157647.9950596299,-0.7588543722433747
329943.8737363360,4157648.0126416502,-0.5540021931096215
329943.8545433250,4157648.0313879000,-0.06412338754307639
329943.8355458000,4157648.0500069102,0.05644988917444417
329943.8170846980,4157648.0680467202,0.3173882521708312
329943.7994716780,4157648.0849853600,0.1257414478967391
329943.7823810030,4157648.1013225000,0.2342834327242699
329943.7654407900,4157648.1173384199,-0.02673384876013521
329943.7483274720,4157648.1335383202,-0.2334694180567477
329943.7304199330,4157648.1506827502,0.09313816084924596
329943.7117489060,4157648.1684740302,-0.2473607681424785
329943.6932131820,4157648.1863632500,-0.1131857756668765
329943.6756625110,4157648.2033983800,-0.4390827203032385
329943.6601156970,4157648.2187987799,-0.4636340685494459
329943.6468977690,4157648.2321414300,-0.5394570620846072
329943.6362322020,4157648.2431074302,-0.5039267105110099
329943.6273307100,4157648.2523905402,1.313797891477323
329943.6191203470,4157648.2606812501,2.944744366843931
329943.6109423360,4157648.2684001899,2.697310478708569
329943.6013913350,4157648.2768476899,1.439469716874928
329943.5899221700,4157648.2865897999,-0.4271320269989269
329943.5764545620,4157648.2981929299,-0.5220691041599135
329943.5609605560,4157648.3118149298,-0.992084855526982
329943.5446294890,4157648.3267992898,-0.4208664984951169
329943.5279148450,4157648.3424300100,-0.248586493639125
329943.5121699510,4157648.3573181601,-0.6641124309837729
329943.4985330630,4157648.3705664799,-0.1896414198574609
329943.4873358100,4157648.3815164701,0.2930930043314204
329943.4791339930,4157648.3894737200,0.2556693492953021
329943.4730473320,4157648.3953489200,6.982096491157512
329943.4678969070,4157648.3998152600,2.251159700243517
329943.4619579320,4157648.4047971601,-0.3702775982843883
329943.4536226950,4157648.4118383699,0.593077060894254
329943.4417931330,4157648.4216743801,-0.2324998997965532
329943.4266915530,4157648.4343355498,-0.2363956239775647
329943.4084441330,4157648.4497951102,-0.4384966070803147
329943.3880749470,4157648.4674462499,-0.414233822841619
329943.3669766140,4157648.4861554601,-0.7007875850065313
329943.3468384650,4157648.5047263801,-0.5005493527131806
329943.3285149710,4157648.5220759800,-0.489787002726477
329943.3117240020,4157648.5383580402,0.3806689545769459
329943.2976099390,4157648.5518224901,-0.06759150334712839
329943.2866054680,4157648.5623451700,0.2041502459054736
329943.2781681990,4157648.5703688599,0.3523021992092037
329943.2719704800,4157648.5762209902,0.6879987235538654
329943.2679148670,4157648.5800134800,-1.511424441949983
329943.2650388500,4157648.5827419399,1.041911473200545
329943.2625617960,4157648.5850739102,-3.380250995207477
329943.2597736520,4157648.5877641900,11.10481641514974
329943.2569360850,4157648.5902780001,-4.372231032415811
329943.2537917060,4157648.5931640700,0.7071486357847703
329943.2497854130,4157648.5968160401,2.846211027431274
329943.2448527490,4157648.6011606399,0.5473651205170331
329943.2388464340,4157648.6064085700,-1.184394012046565
329943.2312146350,4157648.6132232398,0.3577563576988487
329943.2218698410,4157648.6214994998,-0.7414481054238355
329943.2113405910,4157648.6310122102,-0.3274931481532217
329943.2000059240,4157648.6413525702,0.02421221055645176
329943.1886632340,4157648.6516925301,-0.1586407794116869
329943.1774682190,4157648.6619476201,-0.2602371023612186
329943.1668472980,4157648.6717524100,-0.02519048935625972
329943.1567817360,4157648.6810511299,-0.1916941333077213
329943.1469413860,4157648.6901893402,0.2628611652455884
329943.1373115690,4157648.6990697100,-0.09082562466276436
329943.1275378680,4157648.7081044801,0.3754818661810033
329943.1172832150,4157648.7174871499,0.007475921233401311
329943.1067271800,4157648.7271435298,-0.1330211271272772
329943.0957617740,4157648.7372135702,-0.2363006053189404
329943.0838904550,4157648.7481961302,-0.03914076394774634
329943.0712050350,4157648.7599472702,-0.08242645580371362
329943.0576666840,4157648.7725256602,-0.1846906974411403
329943.0435348410,4157648.7857477502,-0.206815951172112
329943.0290305440,4157648.7994292602,-0.1796701887532414
329943.0147540040,4157648.8129923102,-0.3003831844210125
329943.0011626760,4157648.8260549102,-0.1150197724485294
329942.9881612510,4157648.8386037699,-0.1260620037106456
329942.9757869490,4157648.8506006398,-0.204979124160781
329942.9635168850,4157648.8625806202,0.1443040814927451
329942.9512627380,4157648.8744860799,0.2097316221637425
329942.9386796750,4157648.8866227400,0.05502104526309099
329942.9255415020,4157648.8992699198,0.1842971538986128
329942.9121926280,4157648.9120332198,-0.1292804820726275
329942.8990704240,4157648.9246394602,-0.4357209222238635
329942.8867779800,4157648.9366320702,-0.4312312879418593
329942.8755951160,4157648.9476981098,-0.3060179238701481
329942.8660796670,4157648.9571986101,-1.424707085479963
329942.8584568920,4157648.9650788000,-0.7039916967164634
329942.8523022380,4157648.9715310400,2.8641541006834
329942.8471301390,4157648.9767067800,2.510732276941785
329942.8421981630,4157648.9814696498,4.978001491544369
329942.8364519030,4157648.9866293599,0.824673726088795
329942.8290331100,4157648.9931941000,0.1132719964877223
329942.8197202240,4157649.0014139102,0.3597754463219179
329942.8088577980,4157649.0109084500,-0.6754940461798969
329942.7969408620,4157649.0215424998,-0.8947447484340673
329942.7842140000,4157649.0332440599,-0.6197188301766768
329942.7708167920,4157649.0458380799,-0.3548891692975512
329942.7567872550,4157649.0592047400,0.0318828435066302
329942.7422299470,4157649.0730567700,0.3641791840010346
329942.7270549440,4157649.0872827601,0.6195344119678771
329942.7112717050,4157649.1016962002,0.4250173906852333
329942.6950527180,4157649.1162370299,0.06077028618369502
329942.6784325140,4157649.1310974602,-0.7944670046022694
329942.6613995550,4157649.1468903702,-0.6664845273467392
329942.6438493470,4157649.1636874801,-0.4581584182767658
329942.6258562100,4157649.1813035398,-0.02452183949507182
329942.6074024530,4157649.1993931900,0.1761343102714017
329942.5889175550,4157649.2173493402,0.1973798509889343
329942.5708205890,4157649.2347529000,-0.04687541405835728
329942.5535125080,4157649.2514362200,-0.2392298126013406
329942.5372288420,4157649.2673088298,-0.2165623590464723
329942.5217850240,4157649.2825083002,-0.3544001007840806
329942.5069875110,4157649.2972931699,-0.2769885413620004
329942.4925603110,4157649.3118744199,0.1765502819442614
329942.4786654740,4157649.3258183100,-0.03499442508688212
329942.4655911110,4157649.3389563900,0.0248798839178358
329942.4533426170,4157649.3512535901,0.2664857650835663
329942.4417742760,4157649.3627641699,0.2493891759508012
329942.4307514360,4157649.3736453098,0.0207255462616071
329942.4196907500,4157649.3845567899,0.3150852694150456
329942.4080556180,4157649.3959205099,0.2629477288821435
329942.3958090690,4157649.4077770398,-0.2544179884367482
329942.3831993950,4157649.4200933399,-0.1429565684406733
329942.3701113260,4157649.4329428198,-0.009068676920916952
329942.3569038550,4157649.4459138601,-0.06350892087873375
329942.3442587430,4157649.4583612401,-0.4181289539839522
329942.3324706160,4157649.4701331700,-0.2597391791162995
329942.3219287170,4157649.4807473999,-0.2286387888066961
329942.3128328560,4157649.4899642998,0.5647050982091077
329942.3055281450,4157649.4972695401,-0.176420832160961
329942.2993754120,4157649.5034434302,1.161968059204816
329942.2932176820,4157649.5094989901,1.739886064723879
329942.2862141650,4157649.5161702400,0.340080889940355
329942.2773552010,4157649.5245463098,1.083911290741657
329942.2657990160,4157649.5351465801,0.04336989042317943
329942.2513143220,4157649.5484127002,0.1686795294185204
329942.2338120320,4157649.5643254202,-0.4881877297965527
329942.2144220120,4157649.5823929599,-0.5626074800574444
329942.1942364330,4157649.6017883499,-0.5024339298498709
329942.1746389580,4157649.6211517602,-0.5235234604956346
329942.1569800750,4157649.6390880300,-0.211841998222132
329942.1417382390,4157649.6547242501,-0.1495044430790295
329942.1297213480,4157649.6671243901,-0.7157843812084063
329942.1209195780,4157649.6764045800,-0.07908262852157606
329942.1143114830,4157649.6833842299,3.474002838925561
329942.1086822850,4157649.6889781500,1.480271592922386
329942.1024198150,4157649.6950497599,3.552025602924578
329942.0937093610,4157649.7029016200,0.4781405443109553
329942.0823837510,4157649.7129796599,-0.3299719523279037
329942.0679178150,4157649.7260009302,-0.2524348778678258
329942.0513250640,4157649.7410962102,-0.9003334537112556
329942.0335031650,4157649.7580125700,-0.6903015482457699
329942.0153432770,4157649.7758558700,-0.518094989764065
329941.9981639930,4157649.7931773602,-0.5225569885696668
329941.9825123900,4157649.8093501800,0.2407234232739226
329941.9685811740,4157649.8235989702,0.4882015550201586
329941.9561997970,4157649.8360329899,1.196450700540561
329941.9449664400,4157649.8468752201,0.3656291520800616
329941.9343370300,4157649.8570213802,0.5934022338245332
329941.9236738170,4157649.8670240100,-0.3299883617929014
329941.9124423360,4157649.8776650298,-0.1679590770077724
329941.9005810570,4157649.8889631000,-0.6096512635667076
329941.8885152220,4157649.9006912401,-0.7792540359243667
329941.8766264160,4157649.9125541202,-0.2197255772595253
329941.8649925800,4157649.9242478102,0.067047472247624
329941.8534667840,4157649.9358074400,1.054057005889126
329941.8416697760,4157649.9472375498,0.1353441854350885
329941.8293315760,4157649.9591378001,0.6880001475355847
329941.8158995430,4157649.9717793399,0.3380552917812618
329941.8011826280,4157649.9854504899,-0.2347081349105896
329941.7853100680,4157650.0003410601,-0.5760569414292136
329941.7686858880,4157650.0163453901,-0.702669527764314
329941.7519256280,4157650.0330193499,-0.4590813839481555
329941.7353284580,4157650.0498936200,-0.07305993200147948
329941.7196423240,4157650.0658954298,0.3501953351729761
329941.7051767800,4157650.0804319498,-0.5069031819327912
329941.6923069650,4157650.0936227399,0.1454331216109661
329941.6806937160,4157650.1054651500,0.5937085798317703
329941.6700972220,4157650.1160700298,0.5550248886250545
329941.6601308560,4157650.1258851299,0.1045516553614628
329941.6500770960,4157650.1357572698,0.4959356950504215
329941.6398540070,4157650.1456556302,-0.7025508766375265
329941.6293284740,4157650.1560568502,0.03538259152273363
329941.6182604040,4157650.1669824598,0.05834265720334565
329941.6067029200,4157650.1783700502,-0.5045524537402949
329941.5942005950,4157650.1909012799,0.3097097496046807
329941.5805837750,4157650.2043946101,0.2509416912368248
329941.5662722480,4157650.2184374402,0.2311180964135256
329941.5514257460,4157650.2328685899,-0.3428250205513713
329941.5368658990,4157650.2472222201,-0.3390040493975418
329941.5231579750,4157650.2609196799,-0.3524014892849158
329941.5117485570,4157650.2724643601,-1.352105570716005
329941.5033870710,4157650.2812559400,-2.549380688847048
329941.4980305980,4157650.2871853299,-8.367766304678341
329941.4958878290,4157650.2897969298,-583.1943083751014
329941.4963618170,4157650.2899783198,-993.5342974903567
329941.4973813930,4157650.2894112901,156.6277601276832
329941.4972550250,4157650.2894953801,-18.55718912744083
329941.4947113160,4157650.2913018200,-9.338901012942978
329941.4886543030,4157650.2960819900,-1.273882879998523
329941.4779946640,4157650.3047334100,-1.151168496199658
329941.4629094940,4157650.3174663698,-0.9604630223121661
329941.4442894900,4157650.3338779998,-1.016569881812267
329941.4229365150,4157650.3537659901,-0.4574340821095259
329941.3996830290,4157650.3760418799,-0.1630427912095142
329941.3764512950,4157650.3985325098,-0.0772567027586048
329941.3543076620,4157650.4200747702,-0.02684399434341559
329941.3339395650,4157650.4399213102,-0.05370738705810438
329941.3164258810,4157650.4570351201,-0.4343874296719597
329941.3020842050,4157650.4713243502,-0.431635520617638
329941.2907996470,4157650.4827451999,-0.6723702472676644
329941.2814266450,4157650.4924216699,1.229032271883078
329941.2733646650,4157650.5004939698,-0.9895933503718611
329941.2662901650,4157650.5077300700,1.117538312835929
329941.2592169980,4157650.5148039102,2.417676436144084
329941.2516993650,4157650.5219605900,0.9153598597189241
329941.2431954320,4157650.5298944600,1.085710364837713
329941.2327942090,4157650.5393307498,-0.3988339521732426
329941.2205467780,4157650.5505793099,-0.4025143765622254
329941.2066570160,4157650.5635210099,-0.5372352336754153
329941.1920728040,4157650.5773988799,-0.1878435783990893
329941.1770672230,4157650.5917880102,-0.6440614996856205
329941.1620367280,4157650.6065953500,-0.173782939758068
329941.1474585800,4157650.6210613600,-0.1904629249631774
329941.1332351680,4157650.6352850702,0.3906799376599812
329941.1191190180,4157650.6491830298,0.5020939225246394
329941.1049507130,4157650.6628583102,0.3376943182459359
329941.0904967220,4157650.6766236098,-0.05961115531981419
329941.0757865660,4157650.6906666001,-0.5115368826456689
329941.0610722140,4157650.7050106800,0.02204225067623009
329941.0469428570,4157650.7187722600,-1.084632233193402
329941.0348696600,4157650.7310116300,-1.041404710662841
329941.0250868990,4157650.7412584298,-0.8159923645703026
329941.0178286890,4157650.7490165401,-0.7090170984225785
329941.0126656780,4157650.7546071499,0.5893290496270187
329941.0083884790,4157650.7592007299,7.186061822730756
329941.0038419530,4157650.7636591401,4.736254375217865
329940.9976027930,4157650.7693619402,3.846571387920088
329940.9892342680,4157650.7764559099,0.5900359698050778
329940.9784065200,4157650.7854977399,-1.378184464874115
329940.9651137520,4157650.7971009398,-1.503233026929538
329940.9507826180,4157650.8103334298,-1.405338262519056
329940.9362300190,4157650.8245455199,-0.6718021065351865
329940.9222716080,4157650.8385497099,-0.4039048701196151
329940.9093410000,4157650.8517246302,1.290157020923405
329940.8969289370,4157650.8638006598,0.9199679031103833
329940.8852352370,4157650.8748332402,0.8854500245565233
329940.8733061080,4157650.8857701598,1.327272734235487
329940.8603725980,4157650.8971109102,-0.6757069150077372
329940.8465512930,4157650.9095288599,-0.5944799865191657
329940.8311884470,4157650.9236609200,-0.4729505594350772
329940.8146974310,4157650.9391469299,-0.6366227471816702
329940.7980402510,4157650.9552522600,-0.5652289509915862
329940.7821401240,4157650.9710268201,-0.1508186998382532
329940.7675568060,4157650.9855891201,-0.1514914374629414
329940.7542995120,4157650.9989065598,0.3767663129674924
329940.7420070270,4157651.0110880099,1.579499401346355
329940.7301178270,4157651.0222600200,-0.03420070742567095
329940.7184118750,4157651.0332720499,0.6716430781817597
329940.7064223520,4157651.0443076701,-0.1380918597608893
329940.6940894960,4157651.0557114701,-0.4281684759487862
329940.6817981910,4157651.0672422098,-1.112352223451951
329940.6702427370,4157651.0784881301,-0.5844589638519384
329940.6595620920,4157651.0890737600,-1.091174658960575
329940.6506170910,4157651.0982125099,-1.100054796091531
329940.6430733710,4157651.1061235000,3.74275477494123
329940.6357375930,4157651.1132308599,1.125020880613648
329940.6282206300,4157651.1203470398,2.980096410481046
329940.6190605090,4157651.1284521199,1.089402012708082
329940.6075242050,4157651.1383563098,-0.5407686368471758
329940.5929557380,4157651.1511020898,-0.1339701752144694
329940.5755920990,4157651.1663807901,-0.6256215055484279
329940.5568543870,4157651.1833790499,-0.8846136798062507
329940.5379647400,4157651.2013138002,-0.7635427735986789
329940.5203623300,4157651.2186875101,-0.02215141183355921
329940.5050691600,4157651.2337974501,-1.188758955440417
329940.4933336470,4157651.2459337302,0.32740932889381
329940.4841240970,4157651.2553644599,1.538729090817773
329940.4766021970,4157651.2627905598,3.028657601810376
329940.4694835720,4157651.2693993100,3.723060155726687
329940.4613224560,4157651.2764161900,1.052888236703991
329940.4512368820,4157651.2848691498,-0.6431818279524438
329940.4389799410,4157651.2953400398,-0.7835412445013978
329940.4246962500,4157651.3078864901,-0.9046024782712921
329940.4079645200,4157651.3231512401,-0.8100476314280391
329940.3900777590,4157651.3401088398,-0.3611767208322788
329940.3713993290,4157651.3581439899,-0.05974027798048934
329940.3523008930,4157651.3766426998,0.2998877476936623
329940.3328444490,4157651.3951881700,0.5505929168849748
329940.3133655260,4157651.4132158500,-0.285573014236007
329940.2944159590,4157651.4310193998,-0.6204256490069671
329940.2755595630,4157651.4493201100,-0.03213493032204313
329940.2569382670,4157651.4674230302,-0.2922197974116453
329940.2391677190,4157651.4849580098,-0.3542386277524249
329940.2223677110,4157651.5018242099,-0.326368288655123
329940.2070013390,4157651.5174831902,-0.3938232265343066
329940.1937850040,4157651.5311703202,-0.376593575549571
329940.1833363360,4157651.5421314598,0.3928031415148101
329940.1748431190,4157651.5509458301,1.746045597716467
329940.1673676410,4157651.5584011502,2.12012862337598
329940.1609682030,4157651.5645258599,1.15917922490497
329940.1554030300,4157651.5697511202,0.2044493273621044
329940.1499526420,4157651.5748528000,1.015349466769491
329940.1441072340,4157651.5802390301,-0.7411255752095026
329940.1370157900,4157651.5868596998,-1.074324636694725
329940.1282929150,4157651.5951965102,0.06176070828727221
329940.1175385600,4157651.6054577902,0.9118603878064354
329940.1049449700,4157651.6171273999,0.6469834488007434
329940.0909743770,4157651.6297736899,0.09686113530394849
329940.0756271750,4157651.6436127601,-0.2984599205125149
329940.0597250580,4157651.6581348302,-0.9885560337564755
329940.0435659050,4157651.6735472800,-0.2983183085540975
329940.0270168340,4157651.6895468002,-0.2442940704015311
329940.0100769100,4157651.7061122302,0.127967146657313
329939.9922328820,4157651.7234536102,0.1107488653462487
329939.9736179370,4157651.7414427102,-0.02131956688068132
329939.9538528590,4157651.7605650402,-0.01551549346486917
329939.9327087850,4157651.7810396100,-0.1998916666851516
329939.9107343360,4157651.8025759598,-0.3571010189914061
329939.8876639420,4157651.8257044801,-0.2932956371887619
329939.8642138140,4157651.8496746598,-0.3833798754854558
329939.8420638960,4157651.8728930000,-0.4338012342337594
329939.8223067040,4157651.8941606800,-0.5789828501591002
329939.8059176660,4157651.9123602100,-0.7555862966208513
329939.7933956430,4157651.9267342798,-0.3053930873725064
329939.7849120580,4157651.9365693899,-2.320186711259353
329939.7800322230,4157651.9425089001,2.29828903831542
329939.7772829750,4157651.9457630301,53.57378192933164
329939.7755912250,4157651.9471760402,42.1923207257512
329939.7741783620,4157651.9481696198,-33.33722033136895
329939.7716013770,4157651.9503304102,-4.98085992621775
329939.7667360770,4157651.9546174700,-3.257026710428745
329939.7591334600,4157651.9616969400,-1.278125136960346
329939.7488090270,4157651.9716198901,0.1350527367596664
329939.7361730910,4157651.9837123500,-0.5021851376591379
329939.7224078820,4157651.9971307898,0.1431293622888375
329939.7085431900,4157652.0105718402,0.2177202210246882
329939.6958933140,4157652.0227371100,-0.8418427525946003
329939.6854761290,4157652.0330305598,-1.097356408824998
329939.6768142150,4157652.0418470302,-0.02405240184072546
329939.6700209680,4157652.0487651601,0.3094099744123703
329939.6642620050,4157652.0545976101,3.340308327149841
329939.6585458550,4157652.0600831700,3.491247538879042
329939.6517949560,4157652.0661869301,1.917907458776285
329939.6431352750,4157652.0737113901,1.221429277211589
329939.6324621560,4157652.0826983401,-1.402397899901776
329939.6196617460,4157652.0939610200,-0.24911779014751
329939.6041235870,4157652.1077630101,-0.2786808693405092
329939.5870535730,4157652.1231128299,-0.6636882624521383
329939.5692013530,4157652.1396802599,-0.2508429987503199
329939.5507814860,4157652.1569891400,-0.1658700392210831
329939.5323976790,4157652.1744099902,-0.1308180129490589
329939.5142504820,4157652.1917205402,0.2211459017673207
329939.4966281690,4157652.2083478500,0.04578587555644634
329939.4791343170,4157652.2248174599,-0.04236691119671522
329939.4610643760,4157652.2418647502,0.0892463089961701
329939.4427099540,4157652.2591031501,-0.2457673219927355
329939.4242736010,4157652.2766356198,-0.4912431308805558
329939.4058444190,4157652.2946078498,-0.2906139569139339
329939.3877422990,4157652.3125258698,-0.1564219938192181
329939.3704381280,4157652.3297883100,-0.2645550494899049
329939.3547685230,4157652.3456145101,-0.5106120643742198
329939.3408265930,4157652.3600033401,0.6359240503570062
329939.3285439330,4157652.3723811400,0.3045339453521442
329939.3183820380,4157652.3825230701,0.06668427015739802
329939.3094893650,4157652.3913823599,1.005211836434645
329939.3011516370,4157652.3994892798,0.04013120287125235
329939.2934408510,4157652.4069798798,0.1827640522426518
329939.2859529460,4157652.4142258600,0.90274252711547
329939.2781496680,4157652.4216338899,0.2618949085279951
329939.2690949740,4157652.4301777799,0.1316125214942547
329939.2585530690,4157652.4400897399,-0.2035859216270708
329939.2459348560,4157652.4520312301,0.1148461254564497
329939.2308760060,4157652.4662202001,0.2534818310596447
329939.2136323040,4157652.4822861701,0.1527304997355275
329939.1945569970,4157652.4999242900,-0.2948412997004967
329939.1744611160,4157652.5188025599,-0.5029499747088035
329939.1541727380,4157652.5384046300,-0.4716284387448361
329939.1345544660,4157652.5578652499,-0.6450278743322887
329939.1163590690,4157652.5765508101,-0.1199543267166032
329939.0996218300,4157652.5938426801,0.1841862668475064
329939.0845377260,4157652.6092960699,0.2161126548987603
329939.0707027280,4157652.6233437699,0.3216049917958516
329939.0577171220,4157652.6363684000,0.541014092170323
329939.0455035520,4157652.6483854600,-0.2170372876994433
329939.0338172790,4157652.6599678402,0.2890024065544411
329939.0227280650,4157652.6708573001,-0.09439431106896651
329939.0122901300,4157652.6811364698,-0.3295310946647771
329939.0031569500,4157652.6902126898,-2.411785836850415
329938.9960942540,4157652.6976339999,-2.98692110302441
329938.9909801510,4157652.7033035001,-2.914268780330551
329938.9879386120,4157652.7067990201,-4.732729535230802
329938.9859190960,4157652.7092081001,41.79438387133609
329938.9831089080,4157652.7117159502,4.454387887624184
329938.9787421340,4157652.7154497900,0.7890268414737128
329938.9717080650,4157652.7213928401,0.09709535682569756
329938.9613634160,4157652.7301134299,-0.5708707215688379
329938.9474198050,4157652.7420868999,-0.5643615313442307
329938.9300187110,4157652.7573874202,-0.539456447148002
329938.9103173370,4157652.7751846602,-0.7644019553024675
329938.8894430160,4157652.7948574401,-0.4351580174061264
329938.8686693890,4157652.8149325699,-0.0100018964647739
329938.8492294440,4157652.8337293798,-0.224648026356035
329938.8318165350,4157652.8507618299,0.2527804109723543
329938.8166008600,4157652.8654747000,0.164544683092324
329938.8038394470,4157652.8777357000,-0.2171851955204115
329938.7932133450,4157652.8880174500,-0.1540937362818346
329938.7837677250,4157652.8971964498,0.9024110008935808
329938.7741819120,4157652.9062923202,0.7024122881550272
329938.7635811600,4157652.9161570901,0.4066591730536841
329938.7517104600,4157652.9270666000,0.3833070999940112
329938.7380695540,4157652.9394374299,-0.04994934404220749
329938.7232093170,4157652.9529401199,-0.01487529881994482
329938.7077379540,4157652.9670067201,-0.3854063695555798
329938.6918494380,4157652.9816923402,-0.5430401312657765
329938.6759265540,4157652.9967628201,-0.578383628004719
329938.6603878120,4157653.0118454802,-0.1718489618748195
329938.6453360490,4157653.0265631098,0.1520443226338508
329938.6305826960,4157653.0408979198,0.3789376278685685
329938.6153888540,4157653.0554296998,0.8322956923745545
329938.5993841900,4157653.0702001899,-0.2930133718789157
329938.5826681510,4157653.0858309800,-0.06943287546136059
329938.5647598360,4157653.1026320099,-0.2480422396867751
329938.5457909240,4157653.1206537401,-0.2869917094218626
329938.5262953760,4157653.1394613399,-0.4511728591471929
329938.5073097820,4157653.1582269999,-0.4716190653008819
329938.4899940930,4157653.1757615600,-0.5884388416297215
329938.4752900980,4157653.1910588699,-0.3987544837995662
329938.4643188560,4157653.2026434499,-0.3709235944273621
329938.4571778900,4157653.2102579400,-4.568852119606384
329938.4534924160,4157653.2144884798,-10.33044943160898
329938.4525070610,4157653.2157080602,-290.2143522193376
329938.4530167510,4157653.2152193901,-333.4118084831934
329938.4533621020,4157653.2146966499,-343.9729953984021
329938.4515157330,4157653.2161768498,-3.138938352961647
329938.4458153030,4157653.2208920801,-2.211019606841329
329938.4356117990,4157653.2297370299,-0.420905287049818
329938.4204421240,4157653.2430765498,-0.0236965619044239
329938.4010599500,4157653.2601390998,-0.6124700538037434
329938.3797347740,4157653.2795552802,-0.4751900356077609
329938.3582966480,4157653.2996235001,-0.5742482799986963
329938.3388935640,4157653.3183849198,-0.7084603438115656
329938.3224855040,4157653.3348250799,-0.8364483909776883
329938.3095150210,4157653.3482848201,-0.4892979516858122
329938.2995688730,4157653.3587750900,0.1234447834452904
329938.2913592500,4157653.3674056600,4.001523789197529
329938.2836361850,4157653.3748218501,4.424639310389261
329938.2751617360,4157653.3822033200,1.36475816580373
329938.2651085780,4157653.3906699000,-0.9629718497471098
329938.2530443660,4157653.4011226101,-1.284965260175861
329938.2390289140,4157653.4138267599,-1.023423205796314
329938.2237072120,4157653.4282969902,-1.054908748029804
329938.2080974190,4157653.4437242700,-0.4064513130533559
329938.1928185120,4157653.4590946399,-0.1344903622240598
329938.1788084090,4157653.4732676898,0.6743043600616655
329938.1666988580,4157653.4852166902,0.8965003083910431
329938.1565977160,4157653.4949105000,1.717862224897591
329938.1484670160,4157653.5023840899,0.5714845474424887
329938.1420168070,4157653.5082461601,-0.1069023230373457
329938.1366433900,4157653.5131380102,-2.433024901424985
329938.1318717890,4157653.5176309901,-2.398366825765438
329938.1271161250,4157653.5222529899,0.07780517465674937
329938.1217300340,4157653.5274819401,1.120779677556295
329938.1152571300,4157653.5336511200,2.995627460278787
329938.1067323540,4157653.5412929300,1.56205544683428
329938.0958528770,4157653.5506570698,0.2195630364133938
329938.0819100310,4157653.5625710501,0.02376448805882177
329938.0645284630,4157653.5774086602,-0.4784835826577921
329938.0443789390,4157653.5950268600,-0.4904594299605876
329938.0221198160,4157653.6150425300,-0.4077320455546679
329937.9991263040,4157653.6362434300,-0.5282869545689107
329937.9768582300,4157653.6574609601,-0.345495565513309
329937.9564274060,4157653.6773308800,-0.3229257811301501
329937.9391124780,4157653.6944603999,-0.4728007327749086
329937.9252974610,4157653.7084147399,0.2733683849684747
329937.9147192210,4157653.7189990701,0.9795595385406993
329937.9072233450,4157653.7263146602,1.208514533945561
329937.9014227070,4157653.7318505901,4.31623854483358
329937.8962174930,4157653.7365057901,0.6740909917995579
329937.8907921420,4157653.7413112302,-0.9366386109751661
329937.8840902300,4157653.7473390698,0.2836032073960378
329937.8753047900,4157653.7551941299,0.04719641589615008
329937.8639335600,4157653.7653481001,0.3563459934740768
329937.8503102820,4157653.7773680398,-0.4196503639087182
329937.8351566650,4157653.7909576199,-0.2172586547266096
329937.8182892190,4157653.8062272500,-0.132804468374978
329937.8002560940,4157653.8226551502,-0.2426398596583008
329937.7817356640,4157653.8397319801,-0.3688738513553048
329937.7629341890,4157653.8573979698,-0.1263822934862445
329937.7440629670,4157653.8752461001,-0.05852905353935522
329937.7252979960,4157653.8930477500,0.04353154300271816
329937.7069680920,4157653.9103979701,-0.3190368082039846
329937.6893053250,4157653.9273844599,-0.3095340379287215
329937.6723534310,4157653.9439324499,-0.07446258929750207
329937.6562383360,4157653.9597178600,-0.001570205744344449
329937.6413928650,4157653.9742606101,0.03167313647905774
329937.6279977090,4157653.9873662000,-0.2644588322022417
329937.6165657260,4157653.9986545001,-0.340592395089853
329937.6070903640,4157654.0081050899,-0.3839819072107357
329937.5991896390,4157654.0160599300,0.1300048606413074
329937.5918331310,4157654.0234460202,0.5979841371837966
329937.5838579280,4157654.0313502802,1.984509623259283
329937.5743683690,4157654.0403126800,1.00988934673071
329937.5625240460,4157654.0511739799,0.8577019261993241
329937.5482039940,4157654.0639125900,-0.1130073356594505
329937.5318918610,4157654.0784911900,-0.6050680960380717
329937.5144136530,4157654.0945512401,-0.878551423915376
329937.4970687580,4157654.1111732302,-0.7421501691631495
329937.4808770370,4157654.1272391300,-0.6136313830105334
329937.4670449050,4157654.1413268899,-0.8987986774815541
329937.4559688160,4157654.1529769902,0.4211162093530252
329937.4473429400,4157654.1619414901,1.689629240599051
329937.4407098800,4157654.1685852599,3.493488796320189
329937.4346942390,4157654.1742500700,4.398594054914232
329937.4272870240,4157654.1806893898,0.04618752336038231
329937.4166368720,4157654.1899375701,-0.204617251651962
329937.4011928780,4157654.2034447901,-0.4452462121840942
329937.3809664410,4157654.2215168802,-0.427352571418212
329937.3565123030,4157654.2439396498,-0.4660310272595389
329937.3296110220,4157654.2694291598,-0.3588843575651096
329937.3020715560,4157654.2962406399,-0.474714177040606
329937.2757440380,4157654.3228119300,-0.4494002740432967
329937.2521532620,4157654.3473986699,-0.496685851624693
329937.2323156050,4157654.3687343402,-0.1739445234607139
329937.2166207280,4157654.3857691102,0.04520750318069727
329937.2047296190,4157654.3986515799,1.354699654206721
329937.1959379100,4157654.4077935601,1.43228615301539
329937.1892488890,4157654.4145315401,1.757612413907306
329937.1837571910,4157654.4198989398,1.669131532124987
329937.1785115770,4157654.4248995902,0.6972423664532633
329937.1725067350,4157654.4305623900,0.253315221998127
329937.1656668000,4157654.4369839099,-1.180277001339372
329937.1577455200,4157654.4446018501,0.3349780231085251
329937.1488483810,4157654.4530917299,-0.9692351004512336
329937.1390613930,4157654.4626691299,1.228503164510574
329937.1279967400,4157654.4731186801,0.5643544549811146
329937.1162944820,4157654.4839771800,-0.2142604725750441
329937.1036763520,4157654.4957694001,1.057547691605911
329937.0900477520,4157654.5080335201,-0.1191594956708149
329937.0768753880,4157654.5199384401,-0.3466755726858881
329937.0643020580,4157654.5314405002,-0.9465877007178185
329937.0531216750,4157654.5419878401,-0.8266640255342304
329937.0426998660,4157654.5520656002,0.02633584273042786
329937.0328781440,4157654.5615560398,-0.03970774735150234
329937.0226944780,4157654.5714071002,1.11036375884482
329937.0102048250,4157654.5830761101,1.743671671545727
329936.9946226460,4157654.5967012402,0.5023745859555007
329936.9753503190,4157654.6131636398,-0.01740340039427136
329936.9527879910,4157654.6324550500,-0.5939436173698757
329936.9275145110,4157654.6549030798,-0.5808904168626438
329936.9008921250,4157654.6795365098,-0.6723359575023207
329936.8748253430,4157654.7048645299,-0.5864329779565801
329936.8507111520,4157654.7292868202,-0.4338690287391279
329936.8300238310,4157654.7508303900,-0.3955601451200895
329936.8137768380,4157654.7681128099,0.3986648893440249
329936.8020669970,4157654.7803683002,0.09523980978903414
329936.7939549690,4157654.7888351502,2.931143844049749
329936.7869122810,4157654.7957350998,2.364876285409635
329936.7787928290,4157654.8033048599,1.066874647486206
329936.7675646720,4157654.8134826901,-0.1278184746018682
329936.7519397870,4157654.8277121098,-0.1535052223246839
329936.7320982760,4157654.8459159099,-0.4833227007256467
329936.7096824140,4157654.8670652001,-0.6290021317454291
329936.6872455790,4157654.8890803400,-0.8944527223803997
329936.6669685990,4157654.9100851701,-0.889769280611218
329936.6504679410,4157654.9280140498,-1.146596020558592
329936.6393648730,4157654.9406651901,-3.485077541311436
329936.6335725250,4157654.9479043302,-14.55722112730977
329936.6317421900,4157654.9506792300,-600.2547071914778
329936.6318966250,4157654.9507838101,-4304.188998314475
329936.6317252990,4157654.9504635199,-612.6737603100821
329936.6289483630,4157654.9521713802,-17.69911037469344
329936.6213216410,4157654.9581666202,-2.108802528944319
329936.6079895790,4157654.9692763900,-1.364530215382604
329936.5896092630,4157654.9855046598,-0.8570302941148353
329936.5677258070,4157655.0057517998,-0.7445203960502409
329936.5446056660,4157655.0281555098,-0.5350673308372617
329936.5222990700,4157655.0505214301,-0.4434533716549728
329936.5023954000,4157655.0710176802,-0.1070418914731733
329936.4853872950,4157655.0886319601,0.06675689997469601
329936.4708297710,4157655.1036626599,0.5304805468480945
329936.4573470410,4157655.1172905900,1.143515654232857
329936.4434804430,4157655.1307033300,0.7498630085307877
329936.4287032240,4157655.1445785798,-0.02377835033031443
329936.4125379620,4157655.1597725102,-0.284530815360552
329936.3949837340,4157655.1764916899,-0.5020106114806147
329936.3773077120,4157655.1937459302,-1.040377148149836
329936.3609395570,4157655.2105444898,-1.377882886092523
329936.3470112540,4157655.2257354702,-1.245466717502549
329936.3359415380,4157655.2383883898,0.6638056185512816
329936.3278156280,4157655.2474979199,1.828146472600813
329936.3223883160,4157655.2533606398,8.267008257937288
329936.3178067150,4157655.2577561201,12.83550482712932
329936.3133979510,4157655.2613748400,-0.5702418322981343
329936.3081114930,4157655.2657457599,-2.453926069607022
329936.3007275150,4157655.2721086298,-0.5253893083856366
329936.2905365440,4157655.2809994598,-1.389469116656595
329936.2777854450,4157655.2926130798,-0.7247008770019683
329936.2633624550,4157655.3061076100,-0.9174361488356302
329936.2481152680,4157655.3209209102,0.05320019833310197
329936.2328918100,4157655.3356777700,-0.1427534780477032
329936.2183249890,4157655.3498821501,0.9007017961604039
329936.2043526810,4157655.3630297598,0.5023245590427409
329936.1913910010,4157655.3750022701,0.5084559372996779
329936.1796040880,4157655.3857047199,0.07116742934670701
329936.1684374950,4157655.3958214801,-0.7105835884347492
329936.1569678040,4157655.4064429202,-0.2651222552067836
329936.1438753720,4157655.4186757002,-0.1738905174705204
329936.1283310470,4157655.4332990800,0.1893208300887939
329936.1095502140,4157655.4508103002,0.2419019941855017
329936.0878288400,4157655.4707938801,0.2808071767688019
329936.0640551380,4157655.4922891399,-0.2936378133062735
329936.0396663110,4157655.5147687402,-0.4048920040099463
329936.0160427560,4157655.5371313598,-0.763868387330204
329935.9949273910,4157655.5580942198,-1.012870174539894
329935.9769576010,4157655.5769722899,-0.8246326047372655
329935.9621522680,4157655.5931555000,0.08811008735809762
329935.9504473980,4157655.6059053699,0.8324784435736325
329935.9412065390,4157655.6157158799,2.648287550783408
329935.9331387250,4157655.6237351401,4.663801167855127
329935.9245212750,4157655.6314301002,1.690960932521588
329935.9146699590,4157655.6398663400,-1.199592194932725
329935.9026931410,4157655.6504890998,-0.6222241378239067
329935.8880491080,4157655.6637716899,-0.6065859834421906
329935.8718354770,4157655.6788580702,-0.9432587185314374
329935.8558896400,4157655.6943302602,-0.9623805208831836
329935.8414600990,4157655.7089191400,-1.042729349012173
329935.8290570390,4157655.7219734802,-0.1733984077879655
329935.8185945620,4157655.7330490900,1.54748237322984
329935.8094109060,4157655.7423539399,2.316059580725922
329935.8004877450,4157655.7508779098,2.796216252043966
329935.7907550840,4157655.7595363501,2.097238956287796
329935.7790169040,4157655.7693699501,-0.3011311963973076
329935.7650797290,4157655.7811661498,-1.279176649939652
329935.7490509190,4157655.7954472499,-1.158864323997432
329935.7313073380,4157655.8121218402,-0.8473607201373594
329935.7126684740,4157655.8304036399,-0.2318407036319244
329935.6940567960,4157655.8488816400,0.2642843228711592
329935.6762351250,4157655.8663376002,-0.1986613233356338
329935.6595408470,4157655.8828473901,0.4429650984145479
329935.6438637280,4157655.8980430998,0.6276018454950406
329935.6294158070,4157655.9116852102,0.1955450775254347
329935.6159029990,4157655.9243487599,-0.1121081545412584
329935.6024129880,4157655.9370436599,-0.02644735873880572
329935.5885824950,4157655.9500719202,-0.6088629987264276
329935.5750410930,4157655.9631252699,-0.9606690438676139
329935.5618540880,4157655.9763027802,0.4967853425923063
329935.5491125330,4157655.9888063902,0.04397105184408596
329935.5369086620,4157656.0007639700,0.8736183963918055
329935.5250679150,4157656.0120315999,0.3961028444701428
329935.5133787090,4157656.0230130302,0.4884792901581522
329935.5012877600,4157656.0341925002,0.4169577332914562
329935.4891783880,4157656.0452361102,-0.638663511377323
329935.4762886180,4157656.0572504299,0.9048828416512987
329935.4620452690,4157656.0700899800,-0.9268349354720352
329935.4474005390,4157656.0837819702,0.1009068804659865
329935.4320623700,4157656.0980629302,-0.1909041948714451
329935.4171503120,4157656.1120575899,-0.1331844087235731
329935.4025325420,4157656.1258504898,0.1610407912117905
329935.3881477330,4157656.1393366600,-0.001591277490670109
329935.3738844220,4157656.1527097598,0.005346530474874454
329935.3591653800,4157656.1665072101,0.2736901700322201
329935.3442888610,4157656.1802983298,0.08789174096187884
329935.3286037180,4157656.1947857998,0.1888228290015483
329935.3121938470,4157656.2098179399,-0.1857153216748504
329935.2952239570,4157656.2254950400,-0.3040236731314342
329935.2778806220,4157656.2417476899,-0.4739893290358281
329935.2602257430,4157656.2586754099,-0.136301500345242
329935.2424479860,4157656.2758356500,-0.03443334851115122
329935.2249376450,4157656.2927663601,-0.1077061284715431
329935.2082518270,4157656.3089828501,0.01984282015427261
329935.1927518820,4157656.3240334098,-0.01723127678672736
329935.1789180240,4157656.3374756598,-0.2545645112627872
329935.1666582730,4157656.3494994799,-0.5417061092512787
329935.1553628990,4157656.3607781301,0.2357494450706861
329935.1447226800,4157656.3713253699,0.06379184375105035
329935.1341300180,4157656.3818054702,0.7095697026420417
329935.1231461450,4157656.3924422399,0.7542866431787061
329935.1112876000,4157656.4036551998,0.4595350946766438
329935.0986413820,4157656.4154293700,-0.2004166811482871
329935.0849898860,4157656.4282317301,-0.3479068872007975
329935.0695496660,4157656.4429149199,0.1685835341747472
329935.0525484480,4157656.4589610598,-0.5556603047331938
329935.0347300530,4157656.4762354000,-0.1208222282349685
329935.0166102140,4157656.4939087401,-0.3401577935966751
329934.9994818840,4157656.5108983601,0.1890597848373751
329934.9846125640,4157656.5255223601,-0.3446501737775394
329934.9732666940,4157656.5368237500,-2.043165267049113
329934.9655357960,4157656.5449652998,-4.372428259284029
329934.9607083120,4157656.5504809902,-6.443600329543128
329934.9580518960,4157656.5537541499,11.07926542605217
329934.9555548440,4157656.5565672400,21.03908848111515
329934.9508987610,4157656.5608097301,6.498561979822751
329934.9423696580,4157656.5677458500,-0.4557497270665841
329934.9296785580,4157656.5781991198,-0.702386002962741
329934.9121098430,4157656.5930834101,-0.7200442191918417
329934.8902885130,4157656.6122849700,-0.6865348717562439
329934.8657782610,4157656.6348014302,-0.6286151518538297
329934.8405274690,4157656.6590175298,-0.5528277929075506
329934.8162668860,4157656.6831920901,-0.3746828452574101
329934.7944292760,4157656.7054926199,-0.08409758447987674
329934.7759790890,4157656.7244255100,-0.2150915720934319
329934.7606511190,4157656.7403195798,0.4470644887547746
329934.7483111680,4157656.7528901100,1.281171707567084
329934.7382974280,4157656.7626859001,1.345185812383191
329934.7296740530,4157656.7708328199,0.981646839541126
329934.7207644310,4157656.7790538301,0.568152627652501
329934.7107153300,4157656.7881912999,-1.753498753356221
329934.6996932950,4157656.7987345802,-1.481346423088735
329934.6872696500,4157656.8112115799,1.210055147791677
329934.6733624260,4157656.8245686102,-0.09693495270439575
329934.6593159790,4157656.8381102202,0.6961079792286559
329934.6454547250,4157656.8511192799,-0.0793515205798019
329934.6325359530,4157656.8632792798,-0.4971540292868191
329934.6206457100,4157656.8746633600,-0.6328729327306725
329934.6095325310,4157656.8855212498,-0.1885449294674039
329934.5980679960,4157656.8967893999,0.5287446455077973
329934.5851912250,4157656.9092202000,0.8102782588694722
329934.5707270390,4157656.9227626598,0.8225830147419972
329934.5543076300,4157656.9376124698,-0.149550651926472
329934.5365031320,4157656.9538271800,-0.1638048531811704
329934.5172454910,4157656.9715107498,-0.548441354779695
329934.4975562020,4157656.9901277898,-0.626103682730191
329934.4773518220,4157657.0099063399,-0.2780569768162287
329934.4574020960,4157657.0297443601,-0.2615364935330566
329934.4392991920,4157657.0480012000,-0.2404848697657433
329934.4235611820,4157657.0640580798,0.2948299350087399
329934.4106384610,4157657.0770848398,-0.3218763467251007
329934.4004913620,4157657.0874223202,1.355917117898907
329934.3921668550,4157657.0956074502,-1.504500682868269
329934.3848603540,4157657.1030344400,2.398632276315184
329934.3768478470,4157657.1107686101,2.775135709542477
329934.3676469250,4157657.1190868900,0.2602261252353055
329934.3569536110,4157657.1286869100,-0.9154946982343535
329934.3439077790,4157657.1407502000,0.1235863365517962
329934.3282411770,4157657.1551668900,-0.7210234914355096
329934.3102495090,4157657.1722843000,-0.2317625698226651
329934.2898678600,4157657.1919160499,0.1149007224622823
329934.2676277310,4157657.2131928601,-0.2172551022677422
329934.2445905360,4157657.2355355299,-0.2176244629962416
329934.2220292800,4157657.2577223098,-0.1834877886203335
329934.2011071410,4157657.2785293502,-0.7004105671563533
329934.1824361910,4157657.2978455299,-0.3844289440147498
329934.1659196820,4157657.3152706199,-0.1219963627464758
329934.1512579390,4157657.3308249302,0.06709225873053169
329934.1381776130,4157657.3446639101,0.4261254238529489
329934.1259887720,4157657.3573596701,1.66348495435012
329934.1140701580,4157657.3690849300,0.1353707429293969
329934.1030753280,4157657.3798544700,0.27759961290838
329934.0930320170,4157657.3896120200,-0.646652576905878
329934.0838214370,4157657.3987179101,-1.369795561323701
329934.0754906110,4157657.4072394702,-0.7510570533523638
329934.0682603360,4157657.4147605398,-1.619743562979156
329934.0620411990,4157657.4214383601,-0.205622282743443
329934.0548716490,4157657.4291679701,3.595894670380929
329934.0455286050,4157657.4384176000,2.185374144733003
329934.0333857010,4157657.4496825300,0.2923288328681132
329934.0176946030,4157657.4640783798,-0.03418189369624953
329933.9977523900,4157657.4824048202,-0.1639752429876774
329933.9740089660,4157657.5044390098,-0.5348807180810126
329933.9488330850,4157657.5286607100,-0.9523805312444793
329933.9238481450,4157657.5543756299,-0.7151052761354131
329933.8999826290,4157657.5802204399,-0.4122615031501134
329933.8795869580,4157657.6029166798,-0.4568664226848332
329933.8642402610,4157657.6204224299,-0.1629909880579401
329933.8542488380,4157657.6318918802,-0.7883412676319483
329933.8494199710,4157657.6375359902,20.12800637762552
329933.8487150400,4157657.6382309799,60.17347392415361
329933.8505483360,4157657.6362249302,-7.528063409691242
329933.8517503020,4157657.6348637701,-1018.295212004107
329933.8502204220,4157657.6360342000,-18.14069500091434
329933.8447677620,4157657.6409870200,0.09306364346514664
329933.8345556190,4157657.6502446998,-0.2559892075442451
329933.8200734270,4157657.6634865901,-0.9770109646975735
329933.8023654120,4157657.6803927599,-0.7090270862448048
329933.7827235150,4157657.6998516801,-0.5192077634246252
329933.7626997150,4157657.7202769001,-0.3176422712068409
329933.7436680830,4157657.7400388699,-0.1793768640711822
329933.7270814550,4157657.7574218800,-0.100625881274581
329933.7138840020,4157657.7713132999,-0.9410319704127352
329933.7043589820,4157657.7816583202,-0.5809580171288029
329933.6982059690,4157657.7884321399,-2.564859643822242
329933.6940949410,4157657.7931415900,7.411017890813308
329933.6898920500,4157657.7975340001,6.252361196712211
329933.6838488770,4157657.8033044101,2.532280077115339
329933.6743744170,4157657.8118785098,0.2805664401139999
329933.6611368610,4157657.8237552601,-0.8297461780416834
329933.6449632290,4157657.8387561399,-0.6060566482397747
329933.6264274790,4157657.8564529298,-0.6999393539448004
329933.6070110390,4157657.8756909398,-0.3965574527575769
329933.5878198180,4157657.8951223502,-0.6599646652503752
329933.5700900080,4157657.9137134301,-0.5042298682104338
329933.5545823910,4157657.9303772799,-0.5237252702627211
329933.5416478680,4157657.9445862202,1.227427772386419
329933.5311894270,4157657.9555988102,1.859041687934259
329933.5225986230,4157657.9641962899,3.148176884792732
329933.5146285630,4157657.9716139501,1.470916757804946
329933.5065110010,4157657.9789293902,-1.690430078016896
329933.4979059260,4157657.9869889002,-1.712940949407841
329933.4878210030,4157657.9968634499,-0.3449913686193076
329933.4756306220,4157658.0089289998,0.2895096284157784
329933.4611775310,4157658.0230800998,0.04785707074081821
329933.4448056470,4157658.0390768498,0.1423401413289988
329933.4274460300,4157658.0559253702,-0.1760981560931537
329933.4095085630,4157658.0734865600,-0.1236941417957054
329933.3913925480,4157658.0913337800,-0.3560631456544003
329933.3732450060,4157658.1095405798,-0.2068872575682806
329933.3547470200,4157658.1282999101,-0.1821012009094559
329933.3364038530,4157658.1470813002,-0.4041490976116048
329933.3179465360,4157658.1663886998,0.3964286617025346
329933.2992243020,4157658.1855619098,-0.4451717719946376
329933.2817489610,4157658.2038785098,-0.1647182010356683
329933.2649906230,4157658.2215881599,0.05734794474310255
329933.2492975950,4157658.2381271501,-0.2408490965777487
329933.2349509560,4157658.2534076399,0.03869405075466169
329933.2223358900,4157658.2668233500,-0.7465768717994558
329933.2121439270,4157658.2779374002,-1.145353185623853
329933.2036071740,4157658.2875508098,1.721809554234843
329933.1967005300,4157658.2950246301,1.253718997602848
329933.1912128130,4157658.3008289901,-1.434204331043162
329933.1862764970,4157658.3061659099,3.857671817119765
329933.1812509660,4157658.3113041501,3.1562056809197
329933.1750639410,4157658.3173218300,1.968686617913676
329933.1673174510,4157658.3245758698,-0.03287967615116117
329933.1573959160,4157658.3338740999,-0.6514019333359744
329933.1448502810,4157658.3458714401,-0.3361658173922839
329933.1301768980,4157658.3600830501,-0.3908156486510614
329933.1137799640,4157658.3762359899,0.09065145764639251
329933.0965089540,4157658.3931773300,-0.7360491310406228
329933.0790421140,4157658.4109414099,0.041537379254638
329933.0616563170,4157658.4285866101,-0.2099390453832759
329933.0453518930,4157658.4453023602,-0.02700675289538635
329933.0303073890,4157658.4607451302,-0.1743985076599696
329933.0167840490,4157658.4747261498,0.2121933785535774
329933.0038649710,4157658.4879752700,0.6563677870746332
329932.9912911120,4157658.5005667098,-0.5394578857195225
329932.9788575240,4157658.5132588702,0.4788300923901325
329932.9655308920,4157658.5266260202,-0.173057499008817
329932.9517564660,4157658.5405345699,0.1037863343934546
329932.9372619490,4157658.5551093901,0.5435159286865491
329932.9228103000,4157658.5693222000,-0.7750318877226605
329932.9086195930,4157658.5837232801,-0.27236467873956
329932.8948707620,4157658.5978284799,-0.5047800106927379
329932.8823596450,4157658.6109112999,-0.3947074052617163
329932.8707417370,4157658.6232294901,-0.1119445027888945
329932.8596473650,4157658.6350363800,1.308653327109352
329932.8486056490,4157658.6463051802,0.4430673487603614
329932.8378242410,4157658.6571578500,0.360305678429017
329932.8265572820,4157658.6683725198,0.8579466289030865
329932.8142251730,4157658.6803040900,-0.09069750120503328
329932.8011130960,4157658.6930311499,-0.3419136738978265
329932.7876152180,4157658.7063004398,-0.682148129653614
329932.7742600030,4157658.7197733400,-0.3588297554264028
329932.7612701590,4157658.7330554300,0.1190910835533559
329932.7494240250,4157658.7451169901,-0.4061113118248753
329932.7386643550,4157658.7562173200,0.04998047540318004
329932.7284415180,4157658.7667479399,0.3376623750163781
329932.7179563610,4157658.7774411398,1.650412981052418
329932.7066771000,4157658.7883760598,0.8729242814036585
329932.6937007420,4157658.8005929799,0.3136208931790863
329932.6781438820,4157658.8150606300,-0.1299022798642193
329932.6598518810,4157658.8321747798,-0.5784319240574196
329932.6394991360,4157658.8518143999,-0.510831384646565
329932.6177905790,4157658.8734023399,-0.4586694124024487
329932.5954428560,4157658.8962732102,-0.002537803597230497
329932.5730338370,4157658.9192105401,-0.4274928436663759
329932.5518181330,4157658.9415182401,-0.1512144377130198
329932.5321088680,4157658.9624296101,-0.259252588769416
329932.5142228670,4157658.9816797101,0.06224835616185193
329932.4974121490,4157658.9997151000,0.3140114220094733
329932.4811448140,4157659.0169041902,0.3580763163820554
329932.4651943540,4157659.0334788300,-0.2530006895204279
329932.4491309830,4157659.0503677200,-0.04984492926128249
329932.4330206050,4157659.0673455698,-0.03871941585778749
329932.4174835550,4157659.0837484500,-0.7322093383639553
329932.4030484120,4157659.0994876898,-0.7974354495316511
329932.3898958220,4157659.1143097798,0.1365492132329334
329932.3778398720,4157659.1278253701,0.603034289705483
329932.3673636490,4157659.1393326200,0.2632337241920875
329932.3584545690,4157659.1490444401,0.8969876475680905
329932.3504326030,4157659.1575954901,2.278269117742552
329932.3432619480,4157659.1648661401,-0.8471581260571657
329932.3369482710,4157659.1713732998,2.673868832029683
329932.3310406120,4157659.1771858800,-2.634223596796847
329932.3250678560,4157659.1833293601,-0.705117043863973
329932.3189495790,4157659.1897002598,0.1652173685782275
329932.3128200860,4157659.1960642198,0.7988493581122885
329932.3067425670,4157659.2022864101,1.29531844883715
329932.3005011890,4157659.2085329001,2.842051639985259
329932.2938547120,4157659.2148529100,1.831057252923616
329932.2865312540,4157659.2215765901,-2.172306060148204
329932.2784930510,4157659.2293031998,1.175884888290972
329932.2685987630,4157659.2385414299,-0.1247798892751838
329932.2568987900,4157659.2495060898,0.2482777624181947
329932.2430167550,4157659.2624029000,-0.1784398336693308
329932.2266512140,4157659.2777198702,-0.1821607818695618
329932.2079324130,4157659.2953939899,-0.2413068463656504
329932.1875249230,4157659.3149155402,-0.00248839376628682
329932.1662913990,4157659.3352301801,-0.4107615412179982
329932.1449242560,4157659.3561770599,-0.2110934382483113
329932.1237164140,4157659.3772319402,-0.2454812945987802
329932.1037559760,4157659.3973336299,-0.6550840179076606
329932.0854261740,4157659.4164684401,-0.1320807132888099
329932.0686405630,4157659.4341094499,0.2235464593915339
329932.0539059980,4157659.4494376401,0.02692011986070783
329932.0411867980,4157659.4626551601,0.4642801811019344
329932.0300853070,4157659.4740096498,0.1097470259875355
329932.0201855900,4157659.4841016699,-0.1632320687927205
329932.0107687340,4157659.4937448301,0.1575431489623418
329932.0010695690,4157659.5036344002,1.054472882415226
329931.9903907090,4157659.5141963800,0.1168933543362601
329931.9783627740,4157659.5260483800,0.28734071940371
329931.9652166710,4157659.5388716199,-0.3173686703792392
329931.9507932010,4157659.5531144598,-0.07510678241719988
329931.9357217520,4157659.5680436101,-0.390656850215475
329931.9207172410,4157659.5831553400,-0.1380598066345615
329931.9059949640,4157659.5980695700,-0.3182351428617943
329931.8922876640,4157659.6121361898,-0.416248809157366
329931.8794829620,4157659.6254869499,0.6213375115287059
329931.8673994970,4157659.6378087602,-0.5052348277323991
329931.8552411520,4157659.6504268101,0.9187105964759406
329931.8423691620,4157659.6633535698,0.6189979806195598
329931.8286456780,4157659.6768194600,0.2311343985512985
329931.8137178670,4157659.6913320799,0.3139565991662364
329931.7975723920,4157659.7068169601,-0.4210868193836511
329931.7810534670,4157659.7229664600,-0.8834190280633655
329931.7647902830,4157659.7395300199,-1.095545528489857
329931.7492322070,4157659.7561955699,0.2711098143328586
329931.7349197080,4157659.7713461998,-0.6061563152546762
329931.7224512350,4157659.7848632201,0.9586507997154115
329931.7113398120,4157659.7965164701,0.9106238438345094
329931.7011420280,4157659.8069168101,0.9925269311144413
329931.6912758170,4157659.8166987300,0.3055306975992759
329931.6809368380,4157659.8268608400,0.05953284815639478
329931.6694056580,4157659.8381740898,0.2690240907264249
329931.6563788640,4157659.8508371902,-0.4841279597986379
329931.6425929150,4157659.8644842501,0.1817302600420047
329931.6284333100,4157659.8784015598,-1.220057051695221
329931.6152440100,4157659.8919935799,-0.7811706794425075
329931.6038750000,4157659.9040395501,-1.045635503178277
329931.5946156030,4157659.9141668398,0.9574063218164333
329931.5864928810,4157659.9228351600,2.107628135504854
329931.5785154030,4157659.9309409498,2.18962774458176
329931.5698625730,4157659.9392937501,0.5261377443735515
329931.5597280560,4157659.9489437202,0.3867441830314573
329931.5470814300,4157659.9608403202,0.890243918741817
329931.5311686950,4157659.9752987199,-0.4799783401720568
329931.5120677320,4157659.9930563299,-0.8353214065625556
329931.4898350940,4157660.0147370901,-0.6134539399049271
329931.4653220100,4157660.0396293402,-0.3895242860511529
329931.4396351650,4157660.0664565801,-0.1666071431781903
329931.4140802510,4157660.0934790401,-0.1087746166749004
329931.3893828920,4157660.1198041001,0.02810346507940958
329931.3669232310,4157660.1436975901,-0.5509706018937776
329931.3486990150,4157660.1637376202,-0.4595521156005178
329931.3345521920,4157660.1796457102,-0.8111946746480413
329931.3241953870,4157660.1916513802,-1.349176600679864
329931.3169780100,4157660.2003343399,0.1548480273389321
329931.3118878580,4157660.2064395901,2.567936597479645
329931.3081066410,4157660.2108156402,9.998598250303981
329931.3043947980,4157660.2146571600,12.32745677785356
329931.3001733040,4157660.2184698898,0.05505908529102795
329931.2947223530,4157660.2233894798,-3.904935119419614
329931.2872516470,4157660.2306167702,0.2208706268359206
329931.2768743630,4157660.2406010702,-1.083687273973566
329931.2639894160,4157660.2534438898,-0.4519963650175954
329931.2486766960,4157660.2689850801,-0.3376777252167268
329931.2312479810,4157660.2869559899,0.009664817843697023
329931.2126542600,4157660.3061185600,0.01121415569357133
329931.1941438520,4157660.3251838698,0.1469005485333063
329931.1765781440,4157660.3431392498,-0.6937461495559637
329931.1605305580,4157660.3601042698,-0.2562566399111149
329931.1463126780,4157660.3753063902,-0.5011631757687802
329931.1341259130,4157660.3885937100,-0.9096474571269688
329931.1234975290,4157660.4005481401,0.7663901635107311
329931.1134316670,4157660.4116030298,1.197537995502068
329931.1034705540,4157660.4221624602,0.6656349855235338
329931.0927976990,4157660.4332531099,0.8631527793660015
329931.0806086110,4157660.4455665299,0.2580280822506958
329931.0661095080,4157660.4600712298,-0.7115504194796889
329931.0494759410,4157660.4772456302,-0.2876920231810906
329931.0313423820,4157660.4962412100,-0.2896456409298332
329931.0134332150,4157660.5152890999,-0.6315140812887208
329930.9970920580,4157660.5332332798,-0.5332706510234586
329930.9834758210,4157660.5485484898,-1.159008944337718
329930.9740562030,4157660.5595864300,-4.761284706879963
329930.9686458730,4157660.5666939602,-5.145473857468064
329930.9654582150,4157660.5712218601,19.89443725245814
329930.9623925220,4157660.5747523801,24.24798241678791
329930.9588082560,4157660.5780260800,0.1749687675043058
329930.9531665780,4157660.5831676298,-0.8657202998541257
329930.9438258540,4157660.5918323300,-0.16014292823193
329930.9312834060,4157660.6035230001,-1.641599066046794
329930.9167444450,4157660.6179387602,-1.523580328752789
329930.9001856580,4157660.6355129001,-0.9467400536857336
329930.8825126300,4157660.6551933698,-0.04682484269447506
329930.8653630020,4157660.6743379598,-0.1589662501327355
329930.8501205260,4157660.6914865002,0.2145080379715293
329930.8363471670,4157660.7068371498,0.9585387375152011
329930.8236130920,4157660.7205026699,1.093093284447601
329930.8128616070,4157660.7316173199,-0.9119495245128174
329930.8030908980,4157660.7419958701,-0.0004681650218323197
329930.7935292670,4157660.7521524699,-0.5934128607740407
329930.7835292480,4157660.7629574500,-0.7325135411780219
329930.7731632250,4157660.7744091698,-0.1375362778759689
329930.7618121080,4157660.7870054599,-0.3157810254123058
329930.7486021040,4157660.8018370201,0.6757099464715046
329930.7331912120,4157660.8186454200,-0.01151788395143083
329930.7156235480,4157660.8378169900,0.4045566294198688
329930.6955636180,4157660.8592223101,-0.4380001351690099
329930.6739499510,4157660.8829162898,-0.2148153528971329
329930.6513659110,4157660.9080284601,-0.6612456206411887
329930.6291765000,4157660.9338431298,-0.6730699229799395
329930.6081817930,4157660.9594144500,-0.5917924523226088
329930.5890964160,4157660.9835773399,-0.4010909140298773
329930.5724319750,4157661.0051880400,0.1479681511713021
329930.5577743810,4157661.0240481300,0.3448825526361307
329930.5449269650,4157661.0403191098,0.8063785801597247
329930.5327131360,4157661.0552843600,-0.01264715377151866
329930.5207837080,4157661.0699083498,0.1361585622479691
329930.5081053320,4157661.0853667702,-0.1759654213501967
329930.4943752570,4157661.1022334499,-0.424175673407594
329930.4797586660,4157661.1205447698,-0.6000791662707479
329930.4647368170,4157661.1399293700,-0.5973755973559388
329930.4501389420,4157661.1593450601,-0.610167602970344
329930.4363768280,4157661.1782140499,-0.1468791515034174
329930.4235211310,4157661.1959639201,0.3223758818789361
329930.4111798930,4157661.2127585998,0.3368088883423673
329930.3991275100,4157661.2289250302,0.5552623244056676
329930.3864869290,4157661.2454837398,0.09588670743661948
329930.3731831380,4157661.2628374598,-0.3532018311578228
329930.3588745280,4157661.2818167298,-0.5214973052559927
329930.3436260380,4157661.3025957402,-0.4647928140921952
329930.3278015290,4157661.3247258500,-0.4572387865974953
329930.3117771020,4157661.3477446302,-0.086483258413508
329930.2966087460,4157661.3696439401,-0.561923635882996
329930.2832726550,4157661.3894944498,-0.06036499949874292
329930.2719079820,4157661.4064595401,-0.3767244080401597
329930.2633627990,4157661.4194043400,0.3464408476469212
329930.2570275030,4157661.4289047699,1.22088067473824
329930.2524656530,4157661.4355724198,-1.252313123217083
329930.2486668410,4157661.4412374999,3.005105323267233
329930.2441705520,4157661.4476339300,1.149527646625026
329930.2385085400,4157661.4555186899,0.4691162538131642
329930.2302046070,4157661.4669471201,1.07173809699848
329930.2186810950,4157661.4822262400,-0.4567330243460926
329930.2038670010,4157661.5022851801,-0.348575452624039
329930.1857914810,4157661.5272647101,-0.4487153043845702
329930.1657848020,4157661.5557886902,-0.4922379861985359
329930.1447196250,4157661.5869914298,-0.4059333866117136
329930.1236525990,4157661.6192619200,-0.3066573081897906
329930.1037835570,4157661.6504814499,-0.3354825791148452
329930.0863729650,4157661.6785610998,-0.466255157865908
329930.0722264970,4157661.7021118398,-0.4214788212179163
329930.0613929060,4157661.7205756200,-0.06786129830551788
329930.0534400230,4157661.7341690199,-0.2107586824093941
329930.0469829410,4157661.7452824502,1.170907290040024
329930.0407392600,4157661.7556756800,1.746056290179863
329930.0334550170,4157661.7672054200,1.324519448246619
329930.0246561060,4157661.7805457599,-0.1703076697706247
329930.0141574640,4157661.7965672100,0.04497003583226965
329930.0016604480,4157661.8155991202,-0.7506781078875503
329929.9886142350,4157661.8362559499,-1.227357294395209
329929.9756820490,4157661.8581922702,-0.3245659899771062
329929.9633377800,4157661.8795260200,-0.6044551808087125
329929.9527734990,4157661.8983870898,-0.04806226999561271
329929.9438710130,4157661.9143170300,0.5861009153121948
329929.9365044220,4157661.9272035998,0.6075375938191808
329929.9299305920,4157661.9384804899,1.524073915525793
329929.9234458220,4157661.9491234501,0.6106303842002014
329929.9163040170,4157661.9606379401,-0.09171880962900712
329929.9070493740,4157661.9756065798,0.04330595588461935
329929.8953503310,4157661.9944924200,-0.3667651212532305
329929.8818289490,4157662.0167578999,-0.5830843816387522
329929.8673988560,4157662.0413953601,-0.5324865942244533
329929.8533366450,4157662.0662643998,-0.5041608381143812
329929.8407735120,4157662.0892157401,-0.5415216686836464
329929.8306382130,4157662.1083143302,-0.8147603362006384
329929.8232672700,4157662.1227361499,-1.198510636680999
329929.8181365010,4157662.1332023698,0.9521354337814258
329929.8145699200,4157662.1403091899,4.684240106634614
329929.8114223440,4157662.1460823799,5.909914257027252
329929.8069707870,4157662.1534417099,1.26546538205904
329929.7998709100,4157662.1648184001,-0.4742027179369273
329929.7894388130,4157662.1818328099,-0.6081516562559448
329929.7758015190,4157662.2047999399,-0.6103668167556788
329929.7595331510,4157662.2333691199,-0.4610390353696655
329929.7415298930,4157662.2662120401,-0.4955809602019043
329929.7233551020,4157662.3009152701,-0.5028181495756858
329929.7060519170,4157662.3355906298,-0.4240933353894301
329929.6906627810,4157662.3676870200,-0.3677053750563102
329929.6777087760,4157662.3955719899,-0.152117442788446
329929.6673914330,4157662.4180286801,0.0009571459218449221
329929.6598595980,4157662.4344215598,0.4278661686057253
329929.6545030530,4157662.4458810398,1.296802212545021
329929.6510254940,4157662.4530684599,-0.6678301254791893
329929.6487784680,4157662.4577652700,-0.4052131727774896
329929.6468338630,4157662.4618506199,-2.258477261985914
329929.6443566020,4157662.4672170598,4.615455423385376
329929.6400274700,4157662.4757765299,1.63666671251903
329929.6335014090,4157662.4880855102,-0.4543231939244149
329929.6242583150,4157662.5058488999,0.06738029385239865
329929.6118694240,4157662.5295665199,-0.3202808002407893
329929.5970105420,4157662.5586849400,-0.4245074573467193
329929.5802890400,4157662.5927030500,-0.3944567428416615
329929.5627028790,4157662.6299361000,-0.4774337232668058
329929.5454619150,4157662.6684015500,-0.4343548772835126
329929.5296446740,4157662.7054540701,-0.5006575374096925
329929.5163050740,4157662.7384225898,-0.5016425230424703
329929.5055391980,4157662.7663405100,-0.370322416071626
329929.4972868420,4157662.7883881000,-0.01593175906745967
329929.4910467630,4157662.8050762899,0.4548288112595603
329929.4858691230,4157662.8186189202,1.515391490473547
329929.4805421750,4157662.8316948102,1.005903675889762
329929.4741994200,4157662.8466089801,0.3615311957657927
329929.4665333710,4157662.8643182502,-0.4915410072306494
329929.4574149370,4157662.8860059599,-0.3592817967939885
329929.4470772560,4157662.9112354498,-0.601846651571685
329929.4365199210,4157662.9382993998,-0.6526516233011275
329929.4264819440,4157662.9655464501,-0.7710237068994562
329929.4175619510,4157662.9914861000,-0.4383953971934953
329929.4096755020,4157663.0153086102,0.1821966810793671
329929.4025778850,4157663.0364420800,0.2313144109772118
329929.3959016790,4157663.0559983002,0.6324013255647729
329929.3887130760,4157663.0761733698,0.4540044783573997
329929.3809960330,4157663.0971690998,-0.1342391313425376
329929.3730835800,4157663.1189012001,-0.4008186708640731
329929.3653472460,4157663.1407794100,-0.5897859978884568
329929.3581828840,4157663.1619401402,-0.8370621751933213
329929.3518951870,4157663.1816753200,-1.560461477514561
329929.3472622370,4157663.1978382799,-2.294534930347441
329929.3441115550,4157663.2104420802,-0.2860339756135737
329929.3417204390,4157663.2201427701,4.627568793680277
329929.3394820690,4157663.2278307700,8.107178617081022
329929.3364476350,4157663.2361047301,2.544324314862728
329929.3322131570,4157663.2467887099,-1.682828984663413
329929.3265032760,4157663.2622479200,-0.5305347695055874
329929.3190841300,4157663.2829840998,-0.8332826484114478
329929.3109024580,4157663.3073703502,-0.8765091579295515
329929.3026803910,4157663.3339269701,-0.6022886079084712
329929.2949808710,4157663.3603457301,-0.7834581556810901
329929.2887069620,4157663.3836143999,-0.6970791568366489
329929.2842043020,4157663.4013527199,-1.247126741672566
329929.2816139920,4157663.4124109899,-1.817840145122885
329929.2802255710,4157663.4188050502,17.05646916470871
329929.2791683080,4157663.4222210399,57.4058525562062
329929.2779725980,4157663.4245307702,-24.02577723967625
329929.2760214020,4157663.4293624400,-5.859089513329441
329929.2724740590,4157663.4394832901,-1.218029379816892
329929.2671302120,4157663.4555954300,-0.8267852110028633
329929.2604517870,4157663.4768823301,-0.5260262751209274
329929.2529377500,4157663.5019471701,-0.335997407941427
329929.2452943900,4157663.5283041000,-0.3661532082845399
329929.2384514900,4157663.5527839600,-0.5096300209829175
329929.2332742950,4157663.5721686599,-1.335073810161788
329929.2300903800,4157663.5852587400,-3.030312732211293
329929.2284830540,4157663.5929392902,-5.333138034824106
329929.2277845400,4157663.5968980598,15.73948982926007
329929.2269409850,4157663.6004240401,14.12581101656515
329929.2250271000,4157663.6064946498,0.7523735114944755
329929.2213805700,4157663.6177902101,0.4682959831854699
329929.2153859910,4157663.6359088900,-0.2097108953330662
329929.2072900420,4157663.6607738500,-0.7705909671635827
329929.1978312780,4157663.6922367099,-0.695594039217292
329929.1878553760,4157663.7286384702,-0.7127122786639267
329929.1785242780,4157663.7667611898,-0.5682940326250343
329929.1704280130,4157663.8032633802,-0.4059931064039683
329929.1637796120,4157663.8353974200,-0.1683303974156834
329929.1585349040,4157663.8614008501,-0.2001067901804665
329929.1548514590,4157663.8801032500,-0.04842464768363346
329929.1525171180,4157663.8920030701,0.8888976075654947
329929.1510144620,4157663.8993249298,5.113474585254317
329929.1495202340,4157663.9054908999,1.609774444275541
329929.1472210360,4157663.9144829698,-1.211762252654459
329929.1434916480,4157663.9300594502,-0.343595360443047
329929.1379722050,4157663.9538406800,-0.2068674181313548
329929.1307101650,4157663.9859954501,-0.3496943747246493
329929.1223286320,4157664.0254539601,-0.3429942293323004
329929.1136182480,4157664.0696334601,-0.4622053083763182
329929.1056949310,4157664.1147999000,-0.55068216454035
329929.0993778210,4157664.1567849000,-0.6335901615226928
329929.0949117870,4157664.1924722502,-0.6227924813644863
329929.0921242020,4157664.2189192101,-1.845909727388172
329929.0910397690,4157664.2355596502,-3.799739134955661
329929.0908940940,4157664.2436150499,-22.70646882739607
329929.0910774310,4157664.2455314999,-132.1449530818177
329929.0910710110,4157664.2448926801,-2120.544569413353
329929.0904083910,4157664.2455629501,-136.1377825720535
329929.0887034070,4157664.2515661800,-5.514217439169965
329929.0856822170,4157664.2649750798,-1.697903451654974
329929.0815916960,4157664.2860493199,-0.9182429286940579
329929.0767691720,4157664.3143690601,-0.833548462442507
329929.0719764040,4157664.3477398800,-0.5758101467676204
329929.0675722820,4157664.3834916600,-0.3224099610465194
329929.0636920430,4157664.4182668999,-0.351102211821673
329929.0605016460,4157664.4502802799,-0.071824975353889
329929.0576795850,4157664.4792433800,-0.1370822793600673
329929.0552017240,4157664.5057206899,-0.009217635682761127
329929.0528609010,4157664.5307981800,0.1831329709522581
329929.0504416210,4157664.5554938200,-0.0981555153735045
329929.0480415330,4157664.5806298899,-0.287475773236659
329929.0456927310,4157664.6073398399,-0.4014962317586231
329929.0436345380,4157664.6340325801,-0.6432985183839018
329929.0421005420,4157664.6595119000,-0.8810800066282921
329929.0412003840,4157664.6828109799,-0.2211558947406046
329929.0405127920,4157664.7031542500,-0.51010531203544
329929.0401032820,4157664.7200062498,0.597600504823705
329929.0396523860,4157664.7335130200,0.8787094528193493
329929.0391510120,4157664.7448273799,3.80197032773077
329929.0383226080,4157664.7546100100,1.037054656887382
329929.0374415840,4157664.7639135602,-0.04142285615218082
329929.0364999890,4157664.7738994299,-2.29806728026945
329929.0356846210,4157664.7857189402,-0.8277484173768519
329929.0348721580,4157664.7996653002,-0.4320837844014772
329929.0340251590,4157664.8160570501,-0.2018161203346237
329929.0331222450,4157664.8348242799,0.2472985396021058
329929.0319866970,4157664.8562112199,0.1754882561901903
329929.0306661910,4157664.8793691499,-0.05055196069427677
329929.0292494480,4157664.9047639598,-0.1826159814163701
329929.0278299120,4157664.9326511300,-0.3517722984850952
329929.0266001110,4157664.9629093502,-0.457457021405382
329929.0257477780,4157664.9953427799,-0.3937199283551084
329929.0252999410,4157665.0292304801,-0.39571113343681
329929.0253087400,4157665.0634286199,-0.3038343525622366
329929.0256569920,4157665.0966127701,-0.3714018136177875
329929.0263377120,4157665.1271049399,-0.2348221955215242
329929.0271078690,4157665.1536378702,-0.1767997462381717
329929.0278120720,4157665.1748167202,-0.254323563755484
329929.0284216630,4157665.1908616601,-0.6025437609130313
329929.0289395370,4157665.2020653100,-0.5456475415791231
329929.0292888750,4157665.2088935701,-9.199828930080782
329929.0296743060,4157665.2127241502,4.86236898731648
329929.0299135690,4157665.2155662300,23.18749846967378
329929.0299394070,4157665.2193707102,6.808517437554396
329929.0297696940,4157665.2255821899,-0.6396645474664957
329929.0295319230,4157665.2364638401,0.1733867956764047
329929.0291299850,4157665.2530496800,-0.4948880396606798
329929.0287959190,4157665.2762925699,-0.39799100844706
329929.0286811490,4157665.3055683901,-0.4720611168055243
329929.0290558590,4157665.3395773298,-0.4637964840859594
329929.0300718870,4157665.3765414301,-0.396290055905096
329929.0316383530,4157665.4136660998,-0.4797618839083425
329929.0337054640,4157665.4484064500,-0.3899216062401927
329929.0359353850,4157665.4792209398,-0.4496214605464213
329929.0381415880,4157665.5051057800,-0.1837874351045327
329929.0400560040,4157665.5264665801,0.4451978532264996
329929.0414494710,4157665.5436823298,0.1931564496671508
329929.0425207960,4157665.5574309202,0.6277725122062151
329929.0433869730,4157665.5698696999,1.365353020409957
329929.0440461330,4157665.5824321299,0.1885497166129605
329929.0447213560,4157665.5959355901,-0.649382980615837
329929.0456145370,4157665.6109928298,-0.5617221453847741
329929.0467452440,4157665.6275586798,-0.7047546736388335
329929.0481862770,4157665.6454592501,0.3235024245884882
329929.0495329400,4157665.6635024399,-0.2628604438485962
329929.0508867310,4157665.6805759300,-0.4614554830528344
329929.0523232800,4157665.6970658801,0.3478668586213307
329929.0535773520,4157665.7124507702,0.2001006167883342
329929.0547132130,4157665.7269207998,0.1672420984382759
329929.0558391550,4157665.7417305401,0.0247456211740759
329929.0570756120,4157665.7580775102,0.1588907484952521
329929.0584648170,4157665.7771599102,-0.01244013797730349
329929.0601037310,4157665.7995921602,-0.2168523605261495
329929.0621318860,4157665.8254796602,-0.1634148335993402
329929.0645642120,4157665.8548195800,-0.3736968939246353
329929.0675647390,4157665.8865863699,-0.438633433422135
329929.0711962200,4157665.9199165399,-0.327727285944833
329929.0752401820,4157665.9535744800,-0.37655001607467
329929.0794981480,4157665.9856326799,-0.5870406755128388
329929.0840234100,4157666.0154927899,-0.03296222709305099
329929.0881228190,4157666.0423712600,-0.1527183897946443
329929.0916802020,4157666.0651106299,-0.1842530230811835
329929.0948440070,4157666.0848227302,0.1109211399841209
329929.0976573450,4157666.1025901800,-0.03389296451014762
329929.1004092820,4157666.1199023901,0.06470912271151381
329929.1032138270,4157666.1376772998,0.232914328105746
329929.1061310190,4157666.1567017501,-0.001756314226843859
329929.1093333420,4157666.1775807398,0.08039402358837167
329929.1125578180,4157666.1988473102,-0.6555115113101012
329929.1160059860,4157666.2196284099,-0.5740587490262673
329929.1195184400,4157666.2393530700,-0.804220887914566
329929.1229367820,4157666.2569841999,-0.1972704371417439
329929.1260359890,4157666.2726875599,-0.3564828525786718
329929.1289382220,4157666.2869821000,1.078517645053194
329929.1316292120,4157666.3013988500,0.9482859208206255
329929.1343007210,4157666.3169528800,0.4395330671816504
329929.1372339400,4157666.3348277402,0.0953422654043488
329929.1407667330,4157666.3566175299,0.02421507051839525
329929.1449497810,4157666.3825138700,-0.5483480973224876
329929.1502534360,4157666.4123953702,-0.4448952389380978
329929.1565407130,4157666.4451182699,-0.6000319854397198
329929.1638807040,4157666.4794934900,-0.4398694511229325
329929.1719466710,4157666.5145716998,-0.3436366224462516
329929.1802475690,4157666.5487523298,-0.1721247142854154
329929.1882484550,4157666.5808733799,-0.167959702450419
329929.1957710000,4157666.6104009799,-0.026296653832986
329929.2025892360,4157666.6370789502,0.02213946815784466
329929.2086154120,4157666.6607144200,-0.1613367751915383
329929.2137985580,4157666.6807389800,-0.8761048311323104
329929.2185462870,4157666.6978847599,-0.5190392331950545
329929.2227353670,4157666.7125241300,-0.1499009558619876
329929.2261352310,4157666.7243135502,-0.89684863962031
329929.2288037810,4157666.7332415101,-0.1540991405213712
329929.2311104200,4157666.7409212501,4.56999197419038
329929.2332347020,4157666.7490988700,2.458209797541439
329929.2356405320,4157666.7593351100,0.3023515570767795
329929.2390224890,4157666.7739781900,0.04256582782507339
329929.2438902900,4157666.7951300298,-0.1168573056048091
329929.2503745540,4157666.8229320599,-0.2926040878488674
329929.2584742680,4157666.8562714299,-0.4398567004135533
329929.2682284810,4157666.8937827302,-0.5603146746952227
329929.2792973830,4157666.9327726001,-0.5543734001435018
329929.2908579770,4157666.9703127700,-0.5128921705154523
329929.3018096190,4157667.0036057499,-0.5671553964961321
329929.3111245420,4157667.0302985902,-0.3803609710945535
329929.3184472000,4157667.0506590800,0.2116524596882734
329929.3237225020,4157667.0655112602,0.3074949131014292
329929.3275617180,4157667.0764661999,3.46653013140925
329929.3304719180,4157667.0858779899,2.270360980141144
329929.3335130100,4157667.0966138998,0.1883669932635244
329929.3376780970,4157667.1114594401,0.6490722320490925
329929.3429801540,4157667.1312406901,-1.090447018965574
329929.3500439550,4157667.1552031799,-0.970779743543542
329929.3592579820,4157667.1836437602,-0.333559325060686
329929.3696092000,4157667.2144950000,-0.4059269096054786
329929.3803846460,4157667.2452560500,-0.4682525319370513
329929.3911661920,4157667.2746195900,-0.06502562294609171
329929.4010668170,4157667.3014226202,-0.02265035243313041
329929.4098022960,4157667.3250271501,0.0766634249467736
329929.4171791630,4157667.3450702601,-0.1839215370890364
329929.4236692600,4157667.3625060502,-0.09181640476224805
329929.4298230140,4157667.3789546601,0.1206194449142528
329929.4357834970,4157667.3949887399,0.1608604907775177
329929.4418346950,4157667.4114066102,0.3307162544044843
329929.4479917970,4157667.4284197101,-0.1422576901554171
329929.4538750590,4157667.4445496001,-0.9768550262479914
329929.4595958490,4157667.4594784798,-0.04549631421994999
329929.4650167620,4157667.4735949002,-0.05965669996244396
329929.4703686050,4157667.4874942601,-0.09546060263778185
329929.4760586180,4157667.5022076201,0.09643405827386359
329929.4823572750,4157667.5185729102,0.5685089407611621
329929.4895498230,4157667.5378826801,0.5830391366060986
329929.4977422460,4157667.5607897500,0.02234113313469277
329929.5074127340,4157667.5878803399,-0.4455072403881813
329929.5189363180,4157667.6188111799,-0.6063212487571087
329929.5321746200,4157667.6521953298,-0.4508002642925192
329929.5462441050,4157667.6860487200,-0.3616006744141189
329929.5601546290,4157667.7183304401,-0.4445984327958768
329929.5732627310,4157667.7475419599,-0.5233358304552471
329929.5850150110,4157667.7726723999,-0.7339468088675847
329929.5950141450,4157667.7930615400,0.01059340154367228
329929.6030066160,4157667.8093678402,1.485362617685885
329929.6092785540,4157667.8230039198,2.157059868646348
329929.6147971510,4157667.8360707900,0.7522212334739841
329929.6207360730,4157667.8505857098,-0.1811532576109741
329929.6276967690,4157667.8674498298,-0.9193324415357065
329929.6361706090,4157667.8869668599,-0.4492158628661321
329929.6461488620,4157667.9093172802,-0.3940596230605536
329929.6574063110,4157667.9338611602,-0.4179961766743188
329929.6695309680,4157667.9595083101,-0.2919454604116096
329929.6817219030,4157667.9847555500,-0.2774767954072356
329929.6932421750,4157668.0081633101,-0.1790414553905585
329929.7036275890,4157668.0290317400,0.1853255280763751
329929.7125939010,4157668.0472326102,0.1368349509782228
329929.7203736250,4157668.0631288900,0.3450811847375032
329929.7270832080,4157668.0770394602,0.1369372179734149
329929.7329428390,4157668.0892497501,-0.08627822046341166
329929.7380495280,4157668.0998613299,-0.6236294232630692
329929.7427814030,4157668.1095198002,0.5795851202589768
329929.7477183000,4157668.1197624598,0.1994515503841694
329929.7530107060,4157668.1308091502,0.4642742862821108
329929.7587362470,4157668.1429449599,0.8968183865761759
329929.7647969680,4157668.1562208300,0.4887114782949716
329929.7712057210,4157668.1705385400,0.457946495708844
329929.7782041170,4157668.1864969400,-0.0601624952750069
329929.7858905670,4157668.2039720900,-1.295609169811153
329929.7950329720,4157668.2233597999,-0.182121244117138
329929.8051585580,4157668.2446065000,-0.1281287714504639
329929.8160213740,4157668.2672185102,0.02651667293390755
329929.8276254030,4157668.2914160900,0.2228627296036138
329929.8393963170,4157668.3163482398,-0.1339994988677993
329929.8512321270,4157668.3411800698,-0.4585489071084008
329929.8630046710,4157668.3651092900,-0.3721786578510614
329929.8741735710,4157668.3872728599,-0.2547497779109186
329929.8847144480,4157668.4078760101,-0.6142838365247826
329929.8945679140,4157668.4265070902,-0.18096853124179
329929.9037888230,4157668.4437879701,0.5989484163112424
329929.9119431530,4157668.4594895602,0.05526674393845192
329929.9195236120,4157668.4741198900,0.6778043335629961
329929.9270675680,4157668.4890902699,0.7180143782630021
329929.9348868510,4157668.5050984798,-0.4338189941429066
329929.9438645040,4157668.5231010602,-0.04361618385528541
329929.9542584630,4157668.5438944502,-0.2122327149498422
329929.9661499820,4157668.5673741400,-0.1900279126357637
329929.9792730520,4157668.5929526002,-0.458969723476065
329929.9932658750,4157668.6193459500,-0.367422711048329
329930.0076956150,4157668.6458526002,-0.30652169831543
329930.0218170220,4157668.6712412802,-0.3010067931272785
329930.0349177630,4157668.6943377601,-0.3295789014422623
329930.0469637700,4157668.7151679602,0.1805068804472817
329930.0576372580,4157668.7338010599,0.07263884087334711
329930.0670540990,4157668.7502965499,0.2032450414778231
329930.0758171540,4157668.7657809602,0.3075907273675608
329930.0843033390,4157668.7809672900,-0.002281271022194183
329930.0930950740,4157668.7966989200,-0.06826714054288782
329930.1028229950,4157668.8140529501,0.153543316365951
329930.1136175030,4157668.8334564702,-0.2151717557770989
329930.1259745960,4157668.8554046298,-0.145613201231541
329930.1395945790,4157668.8793799798,-0.4396846419286228
329930.1546286180,4157668.9050844000,-0.1041683453269193
329930.1703588560,4157668.9317848701,-0.2479847142882299
329930.1861868740,4157668.9581868201,-0.335056943838261
329930.2018311740,4157668.9836905799,-0.2553139255748313
329930.2165720580,4157669.0073286099,-0.3707853154355019
329930.2301861660,4157669.0286877900,-0.2819894102125589
329930.2425262510,4157669.0477618300,-0.1202953635941918
329930.2536501590,4157669.0648586499,0.4253590143423014
329930.2638459240,4157669.0808195001,0.1805140473262302
329930.2733685470,4157669.0958360601,0.3127591356312311
329930.2826147370,4157669.1105957101,0.7094008425935544
329930.2915651010,4157669.1252808599,-0.4348612474341496
329930.3005961700,4157669.1398524698,-0.09968760346303764
329930.3098974040,4157669.1548020998,-0.4177439082879945
329930.3192904570,4157669.1696548602,-0.7497276117022337
329930.3289041760,4157669.1844216301,0.1337001932994429
329930.3388562610,4157669.1997887301,0.3442735422724783
329930.3490079050,4157669.2156859902,0.2218976981469641
329930.3597685740,4157669.2326987800,0.2903301151572504
329930.3712588750,4157669.2511117002,-0.08728801261278249
329930.3839339040,4157669.2713334602,-0.06740181712130484
329930.3981639490,4157669.2939503202,-0.03949724778559972
329930.4136408440,4157669.3184889299,-0.5883146621512324
329930.4309259020,4157669.3448425499,-0.3072462547752
329930.4496498580,4157669.3727763500,-0.3813754714263798
329930.4687844160,4157669.4005448702,-0.3624706384539899
329930.4877102220,4157669.4273140398,-0.1184514357054397
329930.5052477200,4157669.4519242202,-0.2494169968103633
329930.5212345400,4157669.4740213901,-0.1095581144796523
329930.5356767240,4157669.4938647002,-0.2085095804333519
329930.5486270450,4157669.5114784800,-0.1551385077454571
329930.5608345820,4157669.5279681399,0.3430133546616587
329930.5727066580,4157669.5442407401,0.4235338207659936
329930.5848461200,4157669.5611868300,0.3281672833342595
329930.5978711490,4157669.5796456202,-0.3074756035679383
329930.6121357000,4157669.5995535599,-0.3724157030285916
329930.6278129300,4157669.6209994601,-0.3533273132516792
329930.6443336340,4157669.6431508600,-0.2346726019700707
329930.6611653030,4157669.6654149499,-0.2332616851671271
329930.6779923200,4157669.6873755199,-0.2093469273767145
329930.6939507620,4157669.7079617502,-0.4187415912794071
329930.7086344520,4157669.7265018998,-0.2421934040666181
329930.7214241740,4157669.7424746002,-0.2578529879467593
329930.7324814360,4157669.7561456999,0.7653482472838602
329930.7421149350,4157669.7683704100,0.5804589174546212
329930.7509314420,4157669.7797607798,-0.02327232084530306
329930.7598595440,4157669.7912872899,0.5651132924988236
329930.7692724550,4157669.8036557399,0.02204465353801876
329930.7795365310,4157669.8171526399,-0.04230509695243254
329930.7912530280,4157669.8325348999,-0.01144345139749087
329930.8044245540,4157669.8498189999,-0.3234099406425281
329930.8190020060,4157669.8686585198,-0.4730699527296334
329930.8347932640,4157669.8885828401,-0.3151921782397298
329930.8514381740,4157669.9092346402,-0.1836161805046368
329930.8686859550,4157669.9304192499,-0.1275904632860997
329930.8863600300,4157669.9519720199,-0.111558647902826
329930.9043177240,4157669.9737314600,-0.1352368656016465
329930.9224683430,4157669.9955540099,-0.164250431666277
329930.9404622820,4157670.0169855999,-0.3353710403889911
329930.9579397350,4157670.0374173000,-46.82481239092883
329930.9637482310,4157670.0376830199,1.51750101945247e-05
329930.9695567260,4157670.0379487402,7.008394814960349
329930.9729935170,4157670.0382179501,17.15644325377863
329930.9764085300,4157670.0386898899,15.00558285936676
329930.9797946960,4157670.0393378302,13.17380162450427
329930.9831480420,4157670.0401388798,11.59165514931504
329930.9864667760,4157670.0410732999,10.28693812997021
329930.9897503470,4157670.0421248400,9.150864339058487
329930.9929991580,4157670.0432794602,8.211015698609025
329930.9962140210,4157670.0445256000,7.382057520168835
329930.9993961580,4157670.0458531701,6.69122439034915
329931.0025468490,4157670.0472538099,6.075616925214158
329931.0056675260,4157670.0487201498,5.556595300396134
329931.0087595620,4157670.0502460198,5.089331139167782
329931.0118243610,4157670.0518259201,4.693543661504721
329931.0148632070,4157670.0534552201,4.326656615764461
329931.0178774210,4157670.0551296799,4.026428016190139
329931.0208681060,4157670.0568458298,3.732000891543793
329931.0238364730,4157670.0586003298,3.480323004930706
329931.0267835800,4157670.0603903299,3.262090348059741
329931.0297103740,4157670.0622133701,3.056508282923097
329931.0326178000,4157670.0640671598,2.859471908645285
329931.0355068130,4157670.0659495299,2.71511652930235
329931.0383780850,4157670.0678588701,2.544612177416254
329931.0412324940,4157670.0697933300,2.409860220266794
329931.0440707420,4157670.0717514502,2.284546868236404
329931.0468934800,4157670.0737318699,2.168479854254261
329931.0497013300,4157670.0757333399,2.062024371182024
329931.0524948870,4157670.0777547299,1.960417398610151
329931.0552747190,4157670.0797949601,1.867049405377049
329931.0580413660,4157670.0818530498,1.778998280063821
329931.0607953330,4157670.0839280700,1.716388927539198
329931.0635369800,4157670.0860193600,1.620873666580697
329931.0662668950,4157670.0881259399,1.572083387646386
329931.0689853540,4157670.0902472902,1.48993635110674
329931.0716928800,4157670.0923825800,1.447344427624115
329931.0743897210,4157670.0945313601,1.381213793292305
329931.0770762970,4157670.0966929598,1.328522060157001
329931.0797529500,4157670.0988668501,1.279789161373265
329931.0824199820,4157670.1010525301,1.235071960315342
329931.0850776830,4157670.1032495499,1.1944376059882
329931.0877263160,4157670.1054575001,1.148288925030436
329931.0903661850,4157670.1076759198,1.109865867180029
329931.0929975490,4157670.1099044299,1.075046454692602
329931.0956206350,4157670.1121426802,1.040414425918451
329931.0982356780,4157670.1143903299,1.004294881596766
329931.1008429190,4157670.1166470200,0.9730935378510874
329931.1034425780,4157670.1189124500,0.9415390731073958
329931.1060348700,4157670.1211863100,0.9176768371960909
329931.1086199520,4157670.1234683599,0.891552089946802
329931.1111980100,4157670.1257583499,0.8580851333975642
329931.1137692830,4157670.1280559599,0.8415449593664275
329931.1163338760,4157670.1303610201,0.8145700491660229
329931.1188919900,4157670.1326732798,0.7903325662489262
329931.1214437900,4157670.1349924998,0.7736869482887015
329931.1239893940,4157670.1373185199,0.7488521918588756
329931.1265289880,4157670.1396511099,0.7315533704863184
329931.1290626910,4157670.1419901000,0.7138606519763538
329931.1315906290,4157670.1443353202,0.688407339670189
329931.1341129880,4157670.1466865302,0.6848559073127692
329931.1366297980,4157670.1490437002,0.657001856714041
329931.1391412550,4157670.1514065601,0.6414194234209595
329931.1416474810,4157670.1537749702,0.6329690203300139
329931.1441485370,4157670.1561488500,0.6153354530561996
329931.1466445490,4157670.1585280299,0.5987734497148702
329931.1491356450,4157670.1609123601,0.5851585029713714
329931.1516219230,4157670.1633017100,0.5730164931507256
329931.1541034770,4157670.1656959699,0.5624872379435971
329931.1565803840,4157670.1680950401,0.5505257489096124
329931.1590527340,4157670.1704988098,0.5358219414882704
329931.1615206350,4157670.1729071401,0.5260170960722474
329931.1639841710,4157670.1753199501,0.5134399936477415
329931.1664434230,4157670.1777371098,0.5043890783113916
329931.1688984740,4157670.1801585499,0.4939329652103125
329931.1713493990,4157670.1825841698,0.4834241228782579
329931.1737962750,4157670.1850138698,0.4742536271700423
329931.1762391760,4157670.1874475698,0.464631907242742
329931.1786781740,4157670.1898851800,0.4557012285269515
329931.1811133390,4157670.1923266202,0.4468684188596547
329931.1835447390,4157670.1947718100,0.4391749791209222
329931.1859724340,4157670.1972206798,0.4334178917116431
329931.1883964710,4157670.1996731800,0.4218726829470447
329931.1908169340,4157670.2021292001,0.4145475040343228
329931.1932338860,4157670.2045886801,0.4062862561410319
329931.1956473860,4157670.2070515398,0.399723145835854
329931.1980574950,4157670.2095177299,0.3940529398132118
329931.2004642480,4157670.2119871899,0.3890553913134765
329931.2028676890,4157670.2144598798,0.3781485017977858
329931.2052679020,4157670.2169356998,0.3719697146213858
329931.2076649410,4157670.2194146002,0.3673663352826069
329931.2100588330,4157670.2218965301,0.3633931992971576
329931.2124496150,4157670.2243814599,0.3529652905588549
329931.2148373730,4157670.2268693000,0.3476098554884602
329931.2172221470,4157670.2293600002,0.3480638685661386
329931.2196039290,4157670.2318535601,0.3356549002865175
329931.2219828280,4157670.2343498799,0.3311729545825562
329931.2243588700,4157670.2368489099,0.3316830419999269
329931.2267320560,4157670.2393506598,0.3183494240047041
329931.2291024910,4157670.2418550099,0.3202728940801771
329931.2314701620,4157670.2443619799,0.3123879655318711
329931.2338351320,4157670.2468714998,0.3058260087470622
329931.2361974520,4157670.2493835101,0.3069191324276486
329931.2385571130,4157670.2518980200,0.2941178715243685
329931.2409142210,4157670.2544149202,0.3007681937460864
329931.2432687230,4157670.2569342698,0.285185095662394
329931.2456207430,4157670.2594559300,0.2900106534764059
329931.2479702390,4157670.2619799399,0.2786704848731001
329931.2503173120,4157670.2645062101,0.2818838190649724
329931.2526619280,4157670.2670347602,0.2699314554894816
329931.2550041880,4157670.2695654901,0.2749582682057639
329931.2573440480,4157670.2720984402,0.2622418143198355
329931.2596816210,4157670.2746335100,0.2677356470172957
329931.2620168460,4157670.2771707298,0.2562093317173249
329931.2643498360,4157670.2797100199,0.2581615160313534
329931.2666805590,4157670.2822513799,0.251433844634137
329931.2690090780,4157670.2847947599,0.2488592916490364
329931.2713354160,4157670.2873401400,0.2483465329434205
329931.2736595720,4157670.2898875098,0.2396295407844424
329931.2759816230,4157670.2924368000,0.2434620014720588
329931.2783015340,4157670.2949880399,0.2351865463747425
329931.2806193750,4157670.2975411601,0.2323162420079055
329931.2829351730,4157670.3000961398,0.2345721228285163
329931.2852489020,4157670.3026529900,0.2249709763259102
329931.2875606430,4157670.3052116302,0.2252134231676889
329931.2898704010,4157670.3077720702,0.2249709715837007
329931.2921781710,4157670.3103343002,0.2175929093441928
329931.2944840170,4157670.3128982601,0.2162312389545925
329931.2967879520,4157670.3154639401,0.2177820590092129
329931.2990899600,4157670.3180313502,0.2097638871573372
329931.3013901060,4157670.3206004198,0.2084335229102569
329931.3036884120,4157670.3231711499,0.2098555392621319
329931.3059848550,4157670.3257435402,0.2037091460746792
329931.3082794880,4157670.3283175402,0.2009591838137051
329931.3105723370,4157670.3308931300,0.199534473891145
329931.3128634160,4157670.3334702998,0.2004970652346977
329931.3151527100,4157670.3360490501,0.1945665823830469
329931.3174402770,4157670.3386293398,0.1918861122690873
329931.3197261340,4157670.3412111402,0.1902554186172677
329931.3220102970,4157670.3437944399,0.1920440740285483
329931.3242927470,4157670.3463792498,0.1863544378385423
329931.3265735390,4157670.3489655298,0.1842267274336113
329931.3288526890,4157670.3515532599,0.1815641208593125
329931.3311302130,4157670.3541424102,0.1816994939800493
329931.3334061170,4157670.3567329901,0.1807774374591621
329931.3356804070,4157670.3593249898,0.1762455015378471
329931.3379531200,4157670.3619183698,0.1748162997482597
329931.3402242700,4157670.3645131201,0.1731875793176793
329931.3424938730,4157670.3671092298,0.1706978296147212
329931.3447619430,4157670.3697066698,0.1720340905871091
329931.3470284760,4157670.3723054598,0.1680123894094909
329931.3492935010,4157670.3749055602,0.1655819905915222
329931.3515570380,4157670.3775069499,0.1647506705049938
329931.3538191010,4157670.3801096301,0.1627885241265462
329931.3560797030,4157670.3827135800,0.1608013843542867
329931.3583388580,4157670.3853187799,0.1594602584397353
329931.3605965790,4157670.3879252202,0.1600693171826854
329931.3628528640,4157670.3905329099,0.1567736694758985
329931.3651077400,4157670.3931418201,0.1545955251258171
329931.3673612230,4157670.3957519298,0.1533836954264017
329931.3696133240,4157670.3983632298,0.1519351300626854
329931.3718640570,4157670.4009757098,0.1505637007904402
329931.3741134350,4157670.4035893600,0.1494300391354957
329931.3763614670,4157670.4062041701,0.1474415042355412
329931.3786081670,4157670.4088201202,0.146609520909746
329931.3808535480,4157670.4114372102,0.1450038830223673
329931.3830976180,4157670.4140554201,0.1441496756514438
329931.3853403820,4157670.4166747401,0.142781823196825
329931.3875818610,4157670.4192951699,0.1410345471793161
329931.3898220660,4157670.4219166902,0.1391233954327519
329931.3920610090,4157670.4245392801,0.1391093391894889
329931.3942986990,4157670.4271629499,0.1367118314181614
329931.3965351480,4157670.4297876698,0.1360295073289871
329931.3987703670,4157670.4324134402,0.1347901406125046
329931.4010043660,4157670.4350402500,0.1331014142654093
329931.4032371550,4157670.4376680800,0.1329958940886559
329931.4054687440,4157670.4402969400,0.1306431725134939
329931.4076991440,4157670.4429267999,0.1305798125866627
329931.4099283650,4157670.4455576702,0.1282524347886889
329931.4121564170,4157670.4481895198,0.1283367739300436
329931.4143833080,4157670.4508223599,0.1265173767489461
329931.4166090490,4157670.4534561699,0.1253511599763286
329931.4188336500,4157670.4560909402,0.1248096752029999
329931.4210571190,4157670.4587266701,0.1230130163505598
329931.4232794670,4157670.4613633398,0.1226144768025776
329931.4255007010,4157670.4640009501,0.1213686932116399
329931.4277208310,4157670.4666394899,0.1202838868473961
329931.4299398660,4157670.4692789498,0.1197028463555387
329931.4321578150,4157670.4719193298,0.1180423887462274
329931.4343746870,4157670.4745606100,0.1169752704578894
329931.4365904900,4157670.4772027801,0.1169822316634114
329931.4388052320,4157670.4798458498,0.1148198611174244
329931.4410189220,4157670.4824897898,0.1148375301721111
329931.4432315680,4157670.4851346100,0.1136309835169586
329931.4454431800,4157670.4877803000,0.1122319179261627
329931.4476537630,4157670.4904268398,0.1121631378645568
329931.4498633270,4157670.4930742402,0.1105226155961438
329931.4520718800,4157670.4957224801,0.1095376623618846
329931.4542794290,4157670.4983715499,0.1095989469616294
329931.4564859820,4157670.5010214602,0.1080196209787897
329931.4586915460,4157670.5036721900,0.1069357194496118
329931.4608961300,4157670.5063237301,0.1064591274637384
329931.4630997410,4157670.5089760800,0.1060357709365836
329931.4653023860,4157670.5116292401,0.104471799663479
329931.4675040720,4157670.5142831900,0.1039883496391343
329931.4697048070,4157670.5169379301,0.1030178774119024
329931.4719045970,4157670.5195934498,0.1020308344733857
329931.4741034500,4157670.5222497401,0.1020526377952848
329931.4763013730,4157670.5249068099,0.1006329690039626
329931.4784983720,4157670.5275646402,0.1010752681152575
329931.4806944480,4157670.5302232401,0.09856590029545957
329931.4828896150,4157670.5328825801,0.09872947501303625
329931.4850838790,4157670.5355426702,0.09785256810932461
329931.4872772450,4157670.5382035002,0.09672297750010775
329931.4894697220,4157670.5408650599,0.09641918508191384
329931.4916613150,4157670.5435273498,0.09597288024643352
329931.4938520310,4157670.5461903699,0.09396283448960148
329931.4960418760,4157670.5488540898,0.09459594782255153
329931.4982308570,4157670.5515185301,0.09370978361738687
329931.5004189790,4157670.5541836801,0.09220089760976956
329931.5026062490,4157670.5568495202,0.09234041454336731
329931.5047926730,4157670.5595160602,0.09094348756352764
329931.5069782560,4157670.5621832800,0.09197115316821268
329931.5091629990,4157670.5648512002,0.08974652033313001
329931.5113469110,4157670.5675197900,0.08919210967448896
329931.5135300010,4157670.5701890499,0.08940379591832061
329931.5157122740,4157670.5728589902,0.08790167813748696
329931.5178937360,4157670.5755295898,0.0871052566153499
329931.5200743920,4157670.5782008399,0.08714550507177847
329931.5222542490,4157670.5808727499,0.0858440516407292
329931.5244333110,4157670.5835453002,0.0859482640094109
329931.5266115840,4157670.5862185000,0.08506238301580117
329931.5287890740,4157670.5888923402,0.08429632491174226
329931.5309657840,4157670.5915668099,0.08428147125819287
329931.5331417150,4157670.5942419101,0.08357884678206073
329931.5353168770,4157670.5969176400,0.08263263732279537
329931.5374912770,4157670.5995939900,0.08175513934386623
329931.5396649200,4157670.6022709501,0.08188956637038876
329931.5418378120,4157670.6049485300,0.08065159089163415
329931.5440099560,4157670.6076267101,0.08017470557384422
329931.5461813590,4157670.6103054900,0.07939087855340773
329931.5483520250,4157670.6129848599,0.07960609881095848
329931.5505219590,4157670.6156648300,0.07971806544439507
329931.5526911590,4157670.6183453999,0.07750801208131712
329931.5548596350,4157670.6210265402,0.07812584328031294
329931.5570273930,4157670.6237082700,0.07724480304319413
329931.5591944390,4157670.6263905801,0.07643294712827314
329931.5613607770,4157670.6290734601,0.07557202290997972
329931.5635264120,4157670.6317568999,0.07587488235365883
329931.5656913480,4157670.6344409101,0.07439687908950883
329931.5678555910,4157670.6371254702,0.0752385188696177
329931.5700191440,4157670.6398105999,0.07442156647557299
329931.5721820040,4157670.6424962799,0.07361177287244713
329931.5743441830,4157670.6451825099,0.07277584918968985
329931.5765056860,4157670.6478692801,0.0724806142390883
329931.5786665170,4157670.6505565899,0.07218081099570098
329931.5808266810,4157670.6532444400,0.07131290749411945
329931.5829861830,4157670.6559328199,0.07111830324868477
329931.5851450260,4157670.6586217298,0.07027144680986655
329931.5873032150,4157670.6613111598,0.07066011585020372
329931.5894607520,4157670.6640011198,0.07013782680200635
329931.5916176370,4157670.6666915999,0.06901858317495907
329931.5937738790,4157670.6693825899,0.06909114197709727
329931.5959294850,4157670.6720741000,0.06788402822081996
329931.5980844570,4157670.6747661098,0.06760457060854878
329931.6002388000,4157670.6774586202,0.0678743594557588
329931.6023925170,4157670.6801516400,0.06647387222324044
329931.6045456140,4157670.6828451501,0.06631962654807733
329931.6066980930,4157670.6855391501,0.06690178598047986
329931.6088499530,4157670.6882336498,0.0654370553319096
329931.6110012010,4157670.6909286301,0.06546278179119751
329931.6131518440,4157670.6936241002,0.06473398208071456
329931.6153018850,4157670.6963200499,0.06442536181366301
329931.6174513290,4157670.6990164798,0.06327400649687176
329931.6196001780,4157670.7017133702,0.06387264560772572
329931.6217484380,4157670.7044107402,0.06329877613136969
329931.6238961100,4157670.7071085800,0.06181118924048636
329931.6260432010,4157670.7098068702,0.063814701281822
329931.6281897040,4157670.7125056400,0.0613478448048729
329931.6303356330,4157670.7152048601,0.06170883376599526
329931.6324809900,4157670.7179045398,0.06044941583051754
329931.6346257790,4157670.7206046600,0.06124493034922868
329931.6367700030,4157670.7233052398,0.05992051607116431
329931.6389136670,4157670.7260062601,0.0596725708788904
329931.6410567740,4157670.7287077201,0.05950136146821667
329931.6431993270,4157670.7314096200,0.05870150426383405
329931.6453413300,4157670.7341119498,0.06003261754615929
329931.6474827790,4157670.7368147299,0.0577304743356692
329931.6496236850,4157670.7395179300,0.05797641949993411
329931.6517640520,4157670.7422215599,0.05726640285843436
329931.6539038830,4157670.7449256098,0.05767429214528426
329931.6560431800,4157670.7476300900,0.05673647053429788
329931.6581819490,4157670.7503349902,0.05560657625730498
329931.6603201910,4157670.7530402900,0.05694430159297162
329931.6624579100,4157670.7557460200,0.05503962285912494
329931.6645951110,4157670.7584521500,0.05554180340806594
329931.6667317940,4157670.7611586899,0.05550838030359583
329931.6688679600,4157670.7638656399,0.05450584698640747
329931.6710036160,4157670.7665729900,0.05371112227947358
329931.6731387660,4157670.7692807298,0.05451657471952801
329931.6752734140,4157670.7719888799,0.05333938548960064
329931.6774075620,4157670.7746974202,0.05302185399694416
329931.6795412140,4157670.7774063498,0.05243857814565752
329931.6816743720,4157670.7801156598,0.05261276738348238
329931.6838070410,4157670.7828253601,0.05245370016211075
329931.6859392230,4157670.7855354501,0.05121633559061115
329931.6880709210,4157670.7882459098,0.05150779277554095
329931.6902021390,4157670.7909567500,0.05148733732241323
329931.6923328770,4157670.7936679702,0.05068943108306062
329931.6944631390,4157670.7963795601,0.05035461266703195
329931.6965929300,4157670.7990915198,0.05014112925708231
329931.6987222540,4157670.8018038501,0.04949533498377007
329931.7008511120,4157670.8045165399,0.04965470996550073
329931.7029795100,4157670.8072295999,0.04861534507740919
329931.7051074480,4157670.8099430101,0.0487636878053516
329931.7072349310,4157670.8126567798,0.04811201016646271
329931.7093619620,4157670.8153709001,0.04843221989641509
329931.7114885430,4157670.8180853799,0.04769088523854118
329931.7136146780,4157670.8208002099,0.04702489355022223
329931.7157403690,4157670.8235153798,0.04671772609063414
329931.7178656210,4157670.8262308901,0.04719654715413787
329931.7199904340,4157670.8289467501,0.04630027292062396
329931.7221148140,4157670.8316629501,0.04572046050843831
329931.7242387620,4157670.8343794802,0.04600626694908055
329931.7263622810,4157670.8370963498,0.04535132303204016
329931.7284853740,4157670.8398135500,0.04510256442834816
329931.7306080440,4157670.8425310799,0.04486430597044667
329931.7327302950,4157670.8452489399,0.04412959857643256
329931.7348521300,4157670.8479671199,0.04396086126718161
329931.7369735520,4157670.8506856202,0.04430367804711393
329931.7390945630,4157670.8534044502,0.04300927478043322
329931.7412151670,4157670.8561235899,0.04291866885108959
329931.7433353660,4157670.8588430402,0.04311748591345663
329931.7454551640,4157670.8615628099,0.04245533238945606
329931.7475745640,4157670.8642828902,0.0417503532264919
329931.7496935680,4157670.8670032700,0.04262853817038636
329931.7518121790,4157670.8697239701,0.04077786672823256
329931.7539304010,4157670.8724449598,0.04120003090487335
329931.7560482360,4157670.8751662499,0.04097508982281179
329931.7581656870,4157670.8778878399,0.04077411692295988
329931.7602827570,4157670.8806097298,0.04007214337742127
329931.7623994490,4157670.8833319098,0.03980942280852763
329931.7645157670,4157670.8860543799,0.03967028312040665
329931.7666317130,4157670.8887771401,0.03951865551684185
329931.7687472890,4157670.8915001899,0.03870569136998136
329931.7708625000,4157670.8942235201,0.03861215926415269
329931.7729773470,4157670.8969471301,0.03834926981732305
329931.7750918340,4157670.8996710200,0.03817215824766514
329931.7772059640,4157670.9023951902,0.03742271794072273
329931.7793197400,4157670.9051196300,0.03724569829914899
329931.7814331650,4157670.9078443400,0.03704845270802605
329931.7835462420,4157670.9105693200,0.03704845270802605
